run_name,config,checkpoint,pattern,rate,seed,perturbation,mae_T,rmse_T,mae_RH,rmse_RH,mae_wspd,rmse_wspd,mae_P,rmse_P,mae_q,rmse_q,mae_mean,rmse_mean
ecbit_full_long_r20_s42,experiments/configs/round2_gated/ecbit_full_long_r20_s42.yaml,experiments/results/metrics/round2_gated/ecbit_full_long_r20_s42/best.pt,long,0.2,42,baseline,0.16851209104061127,0.2259402871131897,0.45082253217697144,0.5982401967048645,0.4311974346637726,0.6902814507484436,0.0658208429813385,0.08723768591880798,0.2227574735879898,0.32147184014320374,0.2678220868110657,0.3846342861652374
ecbit_full_long_r20_s42,experiments/configs/round2_gated/ecbit_full_long_r20_s42.yaml,experiments/results/metrics/round2_gated/ecbit_full_long_r20_s42/best.pt,long,0.2,42,downsample_12h,0.17700257897377014,0.23621505498886108,0.4579714238643646,0.6064168214797974,0.44433093070983887,0.7067493200302124,0.06748158484697342,0.08907125145196915,0.23192225396633148,0.3346617817878723,0.2757417559623718,0.3946228623390198
ecbit_full_long_r20_s42,experiments/configs/round2_gated/ecbit_full_long_r20_s42.yaml,experiments/results/metrics/round2_gated/ecbit_full_long_r20_s42/best.pt,long,0.2,42,downsample_24h,0.2003285139799118,0.2675418257713318,0.47835808992385864,0.6317729353904724,0.49031150341033936,0.7703006863594055,0.07211960107088089,0.09446417540311813,0.259138286113739,0.37562042474746704,0.30005118250846863,0.4279399812221527
ecbit_full_long_r20_s42,experiments/configs/round2_gated/ecbit_full_long_r20_s42.yaml,experiments/results/metrics/round2_gated/ecbit_full_long_r20_s42/best.pt,long,0.2,42,downsample_6h,0.1699519008398056,0.2275308072566986,0.45138078927993774,0.598629355430603,0.43226757645606995,0.6916185617446899,0.06604987382888794,0.08746157586574554,0.22414898872375488,0.3233451247215271,0.2687598168849945,0.38571709394454956
ecbit_full_long_r20_s42,experiments/configs/round2_gated/ecbit_full_long_r20_s42.yaml,experiments/results/metrics/round2_gated/ecbit_full_long_r20_s42/best.pt,long,0.2,42,mask_P,0.17702682316303253,0.234824076294899,0.4555927515029907,0.6020069718360901,0.44490405917167664,0.7157681584358215,0.20959578454494476,0.344258189201355,0.230063796043396,0.3291783928871155,0.30343663692474365,0.4452071189880371
ecbit_full_long_r20_s42,experiments/configs/round2_gated/ecbit_full_long_r20_s42.yaml,experiments/results/metrics/round2_gated/ecbit_full_long_r20_s42/best.pt,long,0.2,42,mask_RH,0.17220494151115417,0.22983622550964355,0.55263751745224,0.7238346934318542,0.44463759660720825,0.7060019373893738,0.0669487714767456,0.08954206109046936,0.22825577855110168,0.32999086380004883,0.29293692111968994,0.4158411920070648
ecbit_full_long_r20_s42,experiments/configs/round2_gated/ecbit_full_long_r20_s42.yaml,experiments/results/metrics/round2_gated/ecbit_full_long_r20_s42/best.pt,long,0.2,42,mask_T,0.46970945596694946,0.6075278520584106,0.47106626629829407,0.6149824857711792,0.4435906708240509,0.7134162783622742,0.06862028688192368,0.09103500843048096,0.23121649026870728,0.3323952257633209,0.3368406295776367,0.47187137603759766
ecbit_full_long_r20_s42,experiments/configs/round2_gated/ecbit_full_long_r20_s42.yaml,experiments/results/metrics/round2_gated/ecbit_full_long_r20_s42/best.pt,long,0.2,42,mask_q,0.1721210926771164,0.22922773659229279,0.4542578160762787,0.6018744111061096,0.4312989413738251,0.6948031783103943,0.0671926960349083,0.08946698158979416,0.45522233843803406,0.6281015872955322,0.31601858139038086,0.44869479537010193
ecbit_full_long_r20_s42,experiments/configs/round2_gated/ecbit_full_long_r20_s42.yaml,experiments/results/metrics/round2_gated/ecbit_full_long_r20_s42/best.pt,long,0.2,42,mask_wspd,0.17068137228488922,0.22843900322914124,0.46014484763145447,0.6059821248054504,0.631250262260437,0.9412274956703186,0.07029978930950165,0.09343931078910828,0.2232132852077484,0.321911096572876,0.31111791729927063,0.43819981813430786
ecbit_full_long_r20_s43,experiments/configs/round2_gated/ecbit_full_long_r20_s43.yaml,experiments/results/metrics/round2_gated/ecbit_full_long_r20_s43/best.pt,long,0.2,43,baseline,0.16689004004001617,0.22305828332901,0.4497963786125183,0.5930812954902649,0.428756982088089,0.681887149810791,0.06023497134447098,0.08068197965621948,0.21986167132854462,0.3208051025867462,0.26510801911354065,0.37990278005599976
ecbit_full_long_r20_s43,experiments/configs/round2_gated/ecbit_full_long_r20_s43.yaml,experiments/results/metrics/round2_gated/ecbit_full_long_r20_s43/best.pt,long,0.2,43,downsample_12h,0.17435641586780548,0.23226135969161987,0.4563922584056854,0.6009831428527832,0.4416733980178833,0.6980312466621399,0.061607103794813156,0.08224251121282578,0.2280515432357788,0.33280056715011597,0.2724161446094513,0.389263778924942
ecbit_full_long_r20_s43,experiments/configs/round2_gated/ecbit_full_long_r20_s43.yaml,experiments/results/metrics/round2_gated/ecbit_full_long_r20_s43/best.pt,long,0.2,43,downsample_24h,0.19661495089530945,0.2624170780181885,0.4774147570133209,0.6274257302284241,0.48604875802993774,0.7589674592018127,0.06646133214235306,0.08795737475156784,0.25419580936431885,0.3723202645778656,0.29614710807800293,0.4218176007270813
ecbit_full_long_r20_s43,experiments/configs/round2_gated/ecbit_full_long_r20_s43.yaml,experiments/results/metrics/round2_gated/ecbit_full_long_r20_s43/best.pt,long,0.2,43,downsample_6h,0.1678803265094757,0.22420766949653625,0.4502187669277191,0.5934586524963379,0.4298756420612335,0.6830356121063232,0.06034475192427635,0.08082380145788193,0.22093607485294342,0.3224121332168579,0.26585108041763306,0.38078755140304565
ecbit_full_long_r20_s43,experiments/configs/round2_gated/ecbit_full_long_r20_s43.yaml,experiments/results/metrics/round2_gated/ecbit_full_long_r20_s43/best.pt,long,0.2,43,mask_P,0.17447546124458313,0.23143672943115234,0.4655224680900574,0.6075990200042725,0.46132102608680725,0.7305309176445007,0.2236577421426773,0.3548421561717987,0.22977314889431,0.3304770290851593,0.31094998121261597,0.4509771764278412
ecbit_full_long_r20_s43,experiments/configs/round2_gated/ecbit_full_long_r20_s43.yaml,experiments/results/metrics/round2_gated/ecbit_full_long_r20_s43/best.pt,long,0.2,43,mask_RH,0.1703629493713379,0.22650402784347534,0.5626310706138611,0.7227559685707092,0.4562515616416931,0.7112011313438416,0.0649457573890686,0.08796127140522003,0.22617587447166443,0.3291324973106384,0.29607343673706055,0.41551098227500916
ecbit_full_long_r20_s43,experiments/configs/round2_gated/ecbit_full_long_r20_s43.yaml,experiments/results/metrics/round2_gated/ecbit_full_long_r20_s43/best.pt,long,0.2,43,mask_T,0.4715277850627899,0.6168225407600403,0.46688979864120483,0.6068150401115417,0.4359211325645447,0.6999925971031189,0.06512424349784851,0.08742371201515198,0.22981534898281097,0.3322857916355133,0.33385568857192993,0.46866798400878906
ecbit_full_long_r20_s43,experiments/configs/round2_gated/ecbit_full_long_r20_s43.yaml,experiments/results/metrics/round2_gated/ecbit_full_long_r20_s43/best.pt,long,0.2,43,mask_q,0.16901493072509766,0.22538165748119354,0.45561590790748596,0.5989336371421814,0.43039828538894653,0.6888574361801147,0.06411252915859222,0.0871034488081932,0.47785940766334534,0.660247802734375,0.31940019130706787,0.45210474729537964
ecbit_full_long_r20_s43,experiments/configs/round2_gated/ecbit_full_long_r20_s43.yaml,experiments/results/metrics/round2_gated/ecbit_full_long_r20_s43/best.pt,long,0.2,43,mask_wspd,0.17034554481506348,0.22685810923576355,0.4637291431427002,0.6041259765625,0.6450721621513367,0.9678881168365479,0.0702187716960907,0.09544157981872559,0.2208818942308426,0.32121774554252625,0.31404951214790344,0.4431063234806061
ecbit_full_long_r20_s44,experiments/configs/round2_gated/ecbit_full_long_r20_s44.yaml,experiments/results/metrics/round2_gated/ecbit_full_long_r20_s44/best.pt,long,0.2,44,baseline,0.16963645815849304,0.2267989218235016,0.45219528675079346,0.5952602624893188,0.4311233162879944,0.6808480024337769,0.06377387046813965,0.08350580930709839,0.22274662554264069,0.3235146105289459,0.2678951323032379,0.38198551535606384
ecbit_full_long_r20_s44,experiments/configs/round2_gated/ecbit_full_long_r20_s44.yaml,experiments/results/metrics/round2_gated/ecbit_full_long_r20_s44/best.pt,long,0.2,44,downsample_12h,0.17740213871002197,0.2363983690738678,0.4586290717124939,0.6029470562934875,0.44390371441841125,0.6950492858886719,0.06506417691707611,0.08496655523777008,0.23095020651817322,0.33593127131462097,0.2751898467540741,0.3910585045814514
ecbit_full_long_r20_s44,experiments/configs/round2_gated/ecbit_full_long_r20_s44.yaml,experiments/results/metrics/round2_gated/ecbit_full_long_r20_s44/best.pt,long,0.2,44,downsample_24h,0.19955036044120789,0.26592177152633667,0.48115500807762146,0.6312841773033142,0.4865187406539917,0.7514344453811646,0.06964712589979172,0.090498186647892,0.2557487189769745,0.37283363938331604,0.2985239624977112,0.42239442467689514
ecbit_full_long_r20_s44,experiments/configs/round2_gated/ecbit_full_long_r20_s44.yaml,experiments/results/metrics/round2_gated/ecbit_full_long_r20_s44/best.pt,long,0.2,44,downsample_6h,0.17073330283164978,0.2280389368534088,0.45249465107917786,0.5954715609550476,0.4325823187828064,0.6823541522026062,0.06390631198883057,0.08362539112567902,0.22395846247673035,0.32544419169425964,0.26873499155044556,0.382986843585968
ecbit_full_long_r20_s44,experiments/configs/round2_gated/ecbit_full_long_r20_s44.yaml,experiments/results/metrics/round2_gated/ecbit_full_long_r20_s44/best.pt,long,0.2,44,mask_P,0.1807638704776764,0.2395106852054596,0.46369099617004395,0.6067394018173218,0.4579378366470337,0.7225302457809448,0.2119789570569992,0.34437862038612366,0.2315743863582611,0.33241239190101624,0.30918920040130615,0.44911426305770874
ecbit_full_long_r20_s44,experiments/configs/round2_gated/ecbit_full_long_r20_s44.yaml,experiments/results/metrics/round2_gated/ecbit_full_long_r20_s44/best.pt,long,0.2,44,mask_RH,0.17332454025745392,0.2308073490858078,0.5590782761573792,0.718597948551178,0.458285391330719,0.7070108652114868,0.06764552742242813,0.08988521993160248,0.22763332724571228,0.3306502401828766,0.2971934378147125,0.4153903126716614
ecbit_full_long_r20_s44,experiments/configs/round2_gated/ecbit_full_long_r20_s44.yaml,experiments/results/metrics/round2_gated/ecbit_full_long_r20_s44/best.pt,long,0.2,44,mask_T,0.4781542718410492,0.6220388412475586,0.4721812903881073,0.6115109920501709,0.44908407330513,0.706376314163208,0.06693478673696518,0.08713473379611969,0.23355749249458313,0.3358893096446991,0.33998239040374756,0.47259005904197693
ecbit_full_long_r20_s44,experiments/configs/round2_gated/ecbit_full_long_r20_s44.yaml,experiments/results/metrics/round2_gated/ecbit_full_long_r20_s44/best.pt,long,0.2,44,mask_q,0.17583397030830383,0.23342940211296082,0.4574470818042755,0.6005070209503174,0.4339485168457031,0.6882368922233582,0.06840303540229797,0.08916766941547394,0.45980140566825867,0.6216760277748108,0.31908679008483887,0.446603387594223
ecbit_full_long_r20_s44,experiments/configs/round2_gated/ecbit_full_long_r20_s44.yaml,experiments/results/metrics/round2_gated/ecbit_full_long_r20_s44/best.pt,long,0.2,44,mask_wspd,0.17204377055168152,0.2298402190208435,0.4692748785018921,0.6107030510902405,0.6256850361824036,0.9258865714073181,0.06932099908590317,0.09203770011663437,0.22338435053825378,0.3236176669597626,0.31194180250167847,0.4364170432090759
ecbit_full_long_r40_s42,experiments/configs/round2_gated/ecbit_full_long_r40_s42.yaml,experiments/results/metrics/round2_gated/ecbit_full_long_r40_s42/best.pt,long,0.4,42,baseline,0.16340303421020508,0.21926333010196686,0.44953200221061707,0.5948155522346497,0.4340575337409973,0.6850753426551819,0.06114893779158592,0.0829797089099884,0.21688120067119598,0.3176036775112152,0.26500454545021057,0.3799475133419037
ecbit_full_long_r40_s42,experiments/configs/round2_gated/ecbit_full_long_r40_s42.yaml,experiments/results/metrics/round2_gated/ecbit_full_long_r40_s42/best.pt,long,0.4,42,downsample_12h,0.1720152348279953,0.2297964245080948,0.45642659068107605,0.6026865839958191,0.44745832681655884,0.702980101108551,0.06266330927610397,0.08458494395017624,0.22612729668617249,0.33122020959854126,0.27293816208839417,0.39025363326072693
ecbit_full_long_r40_s42,experiments/configs/round2_gated/ecbit_full_long_r40_s42.yaml,experiments/results/metrics/round2_gated/ecbit_full_long_r40_s42/best.pt,long,0.4,42,downsample_24h,0.19477196037769318,0.26078081130981445,0.4776404798030853,0.6289479732513428,0.492304265499115,0.7662579417228699,0.06700841337442398,0.0895252674818039,0.2520899772644043,0.37010863423347473,0.29676300287246704,0.42312413454055786
ecbit_full_long_r40_s42,experiments/configs/round2_gated/ecbit_full_long_r40_s42.yaml,experiments/results/metrics/round2_gated/ecbit_full_long_r40_s42/best.pt,long,0.4,42,downsample_6h,0.1648842692375183,0.22089093923568726,0.4500466585159302,0.5951153039932251,0.4353572130203247,0.6867222785949707,0.061351362615823746,0.08316440135240555,0.21821945905685425,0.3195810616016388,0.2659718096256256,0.3810948133468628
ecbit_full_long_r40_s42,experiments/configs/round2_gated/ecbit_full_long_r40_s42.yaml,experiments/results/metrics/round2_gated/ecbit_full_long_r40_s42/best.pt,long,0.4,42,mask_P,0.1752404272556305,0.2324865162372589,0.4612518846988678,0.603263258934021,0.4762810170650482,0.7545384764671326,0.2097155898809433,0.3436657190322876,0.23018524050712585,0.3310638964176178,0.31053483486175537,0.45300358533859253
ecbit_full_long_r40_s42,experiments/configs/round2_gated/ecbit_full_long_r40_s42.yaml,experiments/results/metrics/round2_gated/ecbit_full_long_r40_s42/best.pt,long,0.4,42,mask_RH,0.16897998750209808,0.22571033239364624,0.5555614829063416,0.7185689806938171,0.47333794832229614,0.730315089225769,0.06555474549531937,0.09015105664730072,0.22199945151805878,0.32667604088783264,0.2970867455005646,0.41828426718711853
ecbit_full_long_r40_s42,experiments/configs/round2_gated/ecbit_full_long_r40_s42.yaml,experiments/results/metrics/round2_gated/ecbit_full_long_r40_s42/best.pt,long,0.4,42,mask_T,0.47872960567474365,0.6205414533615112,0.4746205508708954,0.6146956086158752,0.44173234701156616,0.7003127336502075,0.06117197498679161,0.08380351960659027,0.2313835471868515,0.334570974111557,0.3375276029109955,0.4707848131656647
ecbit_full_long_r40_s42,experiments/configs/round2_gated/ecbit_full_long_r40_s42.yaml,experiments/results/metrics/round2_gated/ecbit_full_long_r40_s42/best.pt,long,0.4,42,mask_q,0.16730454564094543,0.2235065996646881,0.4545572102069855,0.5976676940917969,0.4369012117385864,0.6943653225898743,0.06081513687968254,0.08321096748113632,0.45728054642677307,0.6365711092948914,0.31537172198295593,0.4470643401145935
ecbit_full_long_r40_s42,experiments/configs/round2_gated/ecbit_full_long_r40_s42.yaml,experiments/results/metrics/round2_gated/ecbit_full_long_r40_s42/best.pt,long,0.4,42,mask_wspd,0.1666460931301117,0.2222241461277008,0.4657634496688843,0.6090642213821411,0.6571036577224731,0.9745964407920837,0.06661209464073181,0.0914868414402008,0.22039654850959778,0.32079872488975525,0.31530436873435974,0.4436340928077698
ecbit_full_long_r40_s43,experiments/configs/round2_gated/ecbit_full_long_r40_s43.yaml,experiments/results/metrics/round2_gated/ecbit_full_long_r40_s43/best.pt,long,0.4,43,baseline,0.16358700394630432,0.2197078913450241,0.44819769263267517,0.5942747592926025,0.43303897976875305,0.6836543679237366,0.05958942323923111,0.08344712108373642,0.21848925948143005,0.3191368281841278,0.26458045840263367,0.38004419207572937
ecbit_full_long_r40_s43,experiments/configs/round2_gated/ecbit_full_long_r40_s43.yaml,experiments/results/metrics/round2_gated/ecbit_full_long_r40_s43/best.pt,long,0.4,43,downsample_12h,0.17135997116565704,0.22941072285175323,0.45552927255630493,0.602842390537262,0.4460834562778473,0.7001031637191772,0.06117675453424454,0.08500438183546066,0.2268815040588379,0.33148664236068726,0.27220618724823,0.38976943492889404
ecbit_full_long_r40_s43,experiments/configs/round2_gated/ecbit_full_long_r40_s43.yaml,experiments/results/metrics/round2_gated/ecbit_full_long_r40_s43/best.pt,long,0.4,43,downsample_24h,0.19400545954704285,0.26032403111457825,0.47723811864852905,0.6299708485603333,0.49031534790992737,0.7612854242324829,0.06597660481929779,0.09017620235681534,0.2530570924282074,0.3707917034626007,0.29611852765083313,0.4225096106529236
ecbit_full_long_r40_s43,experiments/configs/round2_gated/ecbit_full_long_r40_s43.yaml,experiments/results/metrics/round2_gated/ecbit_full_long_r40_s43/best.pt,long,0.4,43,downsample_6h,0.16470731794834137,0.22095823287963867,0.44881027936935425,0.5947315692901611,0.4343348443508148,0.6849474310874939,0.059794068336486816,0.08364914357662201,0.21950332820415497,0.3206395208835602,0.2654299736022949,0.38098517060279846
ecbit_full_long_r40_s43,experiments/configs/round2_gated/ecbit_full_long_r40_s43.yaml,experiments/results/metrics/round2_gated/ecbit_full_long_r40_s43/best.pt,long,0.4,43,mask_P,0.17560915648937225,0.23280617594718933,0.4642680585384369,0.6077545285224915,0.4542844295501709,0.7250853776931763,0.22359541058540344,0.3761708438396454,0.2268449366092682,0.32771676778793335,0.30892038345336914,0.45390671491622925
ecbit_full_long_r40_s43,experiments/configs/round2_gated/ecbit_full_long_r40_s43.yaml,experiments/results/metrics/round2_gated/ecbit_full_long_r40_s43/best.pt,long,0.4,43,mask_RH,0.16735802590847015,0.22460712492465973,0.5503830313682556,0.7156615853309631,0.46059849858283997,0.7132476568222046,0.06543557345867157,0.09308435022830963,0.22218263149261475,0.3246753215789795,0.2931915521621704,0.4142552316188812
ecbit_full_long_r40_s43,experiments/configs/round2_gated/ecbit_full_long_r40_s43.yaml,experiments/results/metrics/round2_gated/ecbit_full_long_r40_s43/best.pt,long,0.4,43,mask_T,0.48641660809516907,0.6376996636390686,0.4732595682144165,0.6151860356330872,0.4453604221343994,0.706813395023346,0.06421174854040146,0.08953692018985748,0.23208416998386383,0.33693018555641174,0.34026649594306946,0.47723323106765747
ecbit_full_long_r40_s43,experiments/configs/round2_gated/ecbit_full_long_r40_s43.yaml,experiments/results/metrics/round2_gated/ecbit_full_long_r40_s43/best.pt,long,0.4,43,mask_q,0.1696586310863495,0.22622054815292358,0.4554857611656189,0.6003780961036682,0.4334336519241333,0.6869409680366516,0.06272780895233154,0.08767513185739517,0.4983709454536438,0.6796677708625793,0.3239353597164154,0.4561764597892761
ecbit_full_long_r40_s43,experiments/configs/round2_gated/ecbit_full_long_r40_s43.yaml,experiments/results/metrics/round2_gated/ecbit_full_long_r40_s43/best.pt,long,0.4,43,mask_wspd,0.16733810305595398,0.22337408363819122,0.46463099122047424,0.6082203984260559,0.6389502286911011,0.9483096599578857,0.07061000168323517,0.0999423936009407,0.2218364179134369,0.3216180205345154,0.3126731514930725,0.44029292464256287
ecbit_full_long_r40_s44,experiments/configs/round2_gated/ecbit_full_long_r40_s44.yaml,experiments/results/metrics/round2_gated/ecbit_full_long_r40_s44/best.pt,long,0.4,44,baseline,0.1631227731704712,0.21947413682937622,0.44920846819877625,0.5927397608757019,0.43646785616874695,0.6850973963737488,0.060074057430028915,0.08108837902545929,0.2178284078836441,0.3181925117969513,0.26534032821655273,0.3793184459209442
ecbit_full_long_r40_s44,experiments/configs/round2_gated/ecbit_full_long_r40_s44.yaml,experiments/results/metrics/round2_gated/ecbit_full_long_r40_s44/best.pt,long,0.4,44,downsample_12h,0.17190606892108917,0.2301197201013565,0.45621320605278015,0.6009789705276489,0.4499049186706543,0.7023639678955078,0.06155965477228165,0.08272774517536163,0.22671431303024292,0.3313085734844208,0.27325963973999023,0.38949981331825256
ecbit_full_long_r40_s44,experiments/configs/round2_gated/ecbit_full_long_r40_s44.yaml,experiments/results/metrics/round2_gated/ecbit_full_long_r40_s44/best.pt,long,0.4,44,downsample_24h,0.19528557360172272,0.26145678758621216,0.47826462984085083,0.6286090016365051,0.49476027488708496,0.765346884727478,0.06622006744146347,0.0880366712808609,0.25248098373413086,0.36995869874954224,0.2974022924900055,0.42268165946006775
ecbit_full_long_r40_s44,experiments/configs/round2_gated/ecbit_full_long_r40_s44.yaml,experiments/results/metrics/round2_gated/ecbit_full_long_r40_s44/best.pt,long,0.4,44,downsample_6h,0.1646188646554947,0.22103288769721985,0.4495443105697632,0.5929324626922607,0.437849760055542,0.6871212124824524,0.060241106897592545,0.0812537670135498,0.2191329449415207,0.320148229598999,0.26627737283706665,0.38049769401550293
ecbit_full_long_r40_s44,experiments/configs/round2_gated/ecbit_full_long_r40_s44.yaml,experiments/results/metrics/round2_gated/ecbit_full_long_r40_s44/best.pt,long,0.4,44,mask_P,0.1747506856918335,0.23253026604652405,0.4638651907444,0.6038797497749329,0.4685966670513153,0.7442273497581482,0.22636327147483826,0.3600701689720154,0.22998371720314026,0.3284505307674408,0.3127118945121765,0.45383161306381226
ecbit_full_long_r40_s44,experiments/configs/round2_gated/ecbit_full_long_r40_s44.yaml,experiments/results/metrics/round2_gated/ecbit_full_long_r40_s44/best.pt,long,0.4,44,mask_RH,0.16674330830574036,0.22389741241931915,0.555342435836792,0.7155854105949402,0.47448134422302246,0.7278879880905151,0.06656835228204727,0.09126557409763336,0.22170329093933105,0.3244079649448395,0.2969677448272705,0.41660887002944946
ecbit_full_long_r40_s44,experiments/configs/round2_gated/ecbit_full_long_r40_s44.yaml,experiments/results/metrics/round2_gated/ecbit_full_long_r40_s44/best.pt,long,0.4,44,mask_T,0.5016495585441589,0.653266966342926,0.4723248779773712,0.6124341487884521,0.44840654730796814,0.7019740343093872,0.062193430960178375,0.08418022841215134,0.23831793665885925,0.3420857787132263,0.34457844495773315,0.47878822684288025
ecbit_full_long_r40_s44,experiments/configs/round2_gated/ecbit_full_long_r40_s44.yaml,experiments/results/metrics/round2_gated/ecbit_full_long_r40_s44/best.pt,long,0.4,44,mask_q,0.16898421943187714,0.22639945149421692,0.45318490266799927,0.5958026051521301,0.4383746087551117,0.6901987791061401,0.0634189248085022,0.08529970794916153,0.4941495656967163,0.6724817752838135,0.323622465133667,0.4540364742279053
ecbit_full_long_r40_s44,experiments/configs/round2_gated/ecbit_full_long_r40_s44.yaml,experiments/results/metrics/round2_gated/ecbit_full_long_r40_s44/best.pt,long,0.4,44,mask_wspd,0.16922438144683838,0.22605733573436737,0.46760231256484985,0.6103246212005615,0.6475223898887634,0.950945258140564,0.0707947164773941,0.09789339452981949,0.2234405130147934,0.3240474462509155,0.31571686267852783,0.44185367226600647
ecbit_full_long_r60_s42,experiments/configs/round2_gated/ecbit_full_long_r60_s42.yaml,experiments/results/metrics/round2_gated/ecbit_full_long_r60_s42/best.pt,long,0.6,42,baseline,0.16106729209423065,0.21685053408145905,0.4505925178527832,0.5968869924545288,0.43280941247940063,0.6856239438056946,0.05624853074550629,0.07543520629405975,0.2172725945711136,0.3188936114311218,0.26359808444976807,0.37873801589012146
ecbit_full_long_r60_s42,experiments/configs/round2_gated/ecbit_full_long_r60_s42.yaml,experiments/results/metrics/round2_gated/ecbit_full_long_r60_s42/best.pt,long,0.6,42,downsample_12h,0.17029467225074768,0.22774481773376465,0.4571985900402069,0.6047210097312927,0.4461516737937927,0.7032235264778137,0.05749543011188507,0.07675754278898239,0.2271154373884201,0.33304697275161743,0.27165114879608154,0.38909876346588135
ecbit_full_long_r60_s42,experiments/configs/round2_gated/ecbit_full_long_r60_s42.yaml,experiments/results/metrics/round2_gated/ecbit_full_long_r60_s42/best.pt,long,0.6,42,downsample_24h,0.19403770565986633,0.25963571667671204,0.4789375364780426,0.6319943070411682,0.49196842312812805,0.7691144943237305,0.06193910166621208,0.0821295902132988,0.2539485991001129,0.37302467226982117,0.2961662709712982,0.4231797158718109
ecbit_full_long_r60_s42,experiments/configs/round2_gated/ecbit_full_long_r60_s42.yaml,experiments/results/metrics/round2_gated/ecbit_full_long_r60_s42/best.pt,long,0.6,42,downsample_6h,0.16267244517803192,0.21852126717567444,0.45093992352485657,0.5970149040222168,0.43391183018684387,0.6869509220123291,0.05634305998682976,0.07547975331544876,0.2188163548707962,0.3210577964782715,0.26453670859336853,0.37980490922927856
ecbit_full_long_r60_s42,experiments/configs/round2_gated/ecbit_full_long_r60_s42.yaml,experiments/results/metrics/round2_gated/ecbit_full_long_r60_s42/best.pt,long,0.6,42,mask_P,0.18435880541801453,0.24314308166503906,0.46896424889564514,0.6122355461120605,0.47931721806526184,0.7677655220031738,0.2474527508020401,0.4097054898738861,0.23740677535533905,0.3413524031639099,0.3234999477863312,0.4748404026031494
ecbit_full_long_r60_s42,experiments/configs/round2_gated/ecbit_full_long_r60_s42.yaml,experiments/results/metrics/round2_gated/ecbit_full_long_r60_s42/best.pt,long,0.6,42,mask_RH,0.16527506709098816,0.2225281149148941,0.5712670683860779,0.7299931645393372,0.48530450463294983,0.7497586607933044,0.059561509639024734,0.08193284273147583,0.22266797721385956,0.32783374190330505,0.300815224647522,0.4224092960357666
ecbit_full_long_r60_s42,experiments/configs/round2_gated/ecbit_full_long_r60_s42.yaml,experiments/results/metrics/round2_gated/ecbit_full_long_r60_s42/best.pt,long,0.6,42,mask_T,0.519408643245697,0.6737417578697205,0.47590431571006775,0.617340087890625,0.44551828503608704,0.7068477869033813,0.05658428370952606,0.07598055154085159,0.23586656153202057,0.33952805399894714,0.3466563820838928,0.48268765211105347
ecbit_full_long_r60_s42,experiments/configs/round2_gated/ecbit_full_long_r60_s42.yaml,experiments/results/metrics/round2_gated/ecbit_full_long_r60_s42/best.pt,long,0.6,42,mask_q,0.16691456735134125,0.2232782542705536,0.45434677600860596,0.5993417501449585,0.4345096945762634,0.6920908093452454,0.05712433159351349,0.07712237536907196,0.5016749501228333,0.693916916847229,0.3229140639305115,0.45715004205703735
ecbit_full_long_r60_s42,experiments/configs/round2_gated/ecbit_full_long_r60_s42.yaml,experiments/results/metrics/round2_gated/ecbit_full_long_r60_s42/best.pt,long,0.6,42,mask_wspd,0.16620203852653503,0.22225996851921082,0.46774211525917053,0.6125361323356628,0.6791788935661316,0.9894774556159973,0.06778212636709213,0.09491759538650513,0.22260114550590515,0.32336628437042236,0.3207012712955475,0.4485114514827728
ecbit_full_long_r60_s43,experiments/configs/round2_gated/ecbit_full_long_r60_s43.yaml,experiments/results/metrics/round2_gated/ecbit_full_long_r60_s43/best.pt,long,0.6,43,baseline,0.16166134178638458,0.21847186982631683,0.4496924579143524,0.5958112478256226,0.4320714771747589,0.6865086555480957,0.05550291761755943,0.07571069151163101,0.21738359332084656,0.32046422362327576,0.2632623314857483,0.3793933093547821
ecbit_full_long_r60_s43,experiments/configs/round2_gated/ecbit_full_long_r60_s43.yaml,experiments/results/metrics/round2_gated/ecbit_full_long_r60_s43/best.pt,long,0.6,43,downsample_12h,0.16985079646110535,0.22844918072223663,0.4562084972858429,0.6032633781433105,0.44412243366241455,0.7019144296646118,0.057115133851766586,0.07764021307229996,0.22601395845413208,0.333288311958313,0.2706621587276459,0.38891109824180603
ecbit_full_long_r60_s43,experiments/configs/round2_gated/ecbit_full_long_r60_s43.yaml,experiments/results/metrics/round2_gated/ecbit_full_long_r60_s43/best.pt,long,0.6,43,downsample_24h,0.19257478415966034,0.25934675335884094,0.4777723252773285,0.6298689842224121,0.4880315065383911,0.763430118560791,0.06193822994828224,0.08356386423110962,0.25247251987457275,0.372622013092041,0.2945578694343567,0.42176634073257446
ecbit_full_long_r60_s43,experiments/configs/round2_gated/ecbit_full_long_r60_s43.yaml,experiments/results/metrics/round2_gated/ecbit_full_long_r60_s43/best.pt,long,0.6,43,downsample_6h,0.16299474239349365,0.21988682448863983,0.44997021555900574,0.5958465337753296,0.4331747889518738,0.6877652406692505,0.055731214582920074,0.07601382583379745,0.21851962804794312,0.3221439719200134,0.2640781104564667,0.38033127784729004
ecbit_full_long_r60_s43,experiments/configs/round2_gated/ecbit_full_long_r60_s43.yaml,experiments/results/metrics/round2_gated/ecbit_full_long_r60_s43/best.pt,long,0.6,43,mask_P,0.17509925365447998,0.23293998837471008,0.4708141088485718,0.6116858720779419,0.45456868410110474,0.7343544363975525,0.24632076919078827,0.4061065912246704,0.22570784389972687,0.32827451825141907,0.31450212001800537,0.46267232298851013
ecbit_full_long_r60_s43,experiments/configs/round2_gated/ecbit_full_long_r60_s43.yaml,experiments/results/metrics/round2_gated/ecbit_full_long_r60_s43/best.pt,long,0.6,43,mask_RH,0.16811156272888184,0.226498082280159,0.5721179246902466,0.7365111112594604,0.47645556926727295,0.7335471510887146,0.06702756881713867,0.09316282719373703,0.22471202909946442,0.33122166991233826,0.3016849160194397,0.42418819665908813
ecbit_full_long_r60_s43,experiments/configs/round2_gated/ecbit_full_long_r60_s43.yaml,experiments/results/metrics/round2_gated/ecbit_full_long_r60_s43/best.pt,long,0.6,43,mask_T,0.49784335494041443,0.6528502106666565,0.47478559613227844,0.6145613789558411,0.44433701038360596,0.7121416926383972,0.05771971121430397,0.07919712364673615,0.23437108099460602,0.3408030867576599,0.3418113589286804,0.4799107015132904
ecbit_full_long_r60_s43,experiments/configs/round2_gated/ecbit_full_long_r60_s43.yaml,experiments/results/metrics/round2_gated/ecbit_full_long_r60_s43/best.pt,long,0.6,43,mask_q,0.1671573519706726,0.22488965094089508,0.45772260427474976,0.6021129488945007,0.43508201837539673,0.6934115886688232,0.05828411132097244,0.07994522899389267,0.49688848853111267,0.6962893009185791,0.3230269253253937,0.459329754114151
ecbit_full_long_r60_s43,experiments/configs/round2_gated/ecbit_full_long_r60_s43.yaml,experiments/results/metrics/round2_gated/ecbit_full_long_r60_s43/best.pt,long,0.6,43,mask_wspd,0.16688308119773865,0.2238074094057083,0.4721420705318451,0.6148461699485779,0.6536298394203186,0.9658342003822327,0.06941396743059158,0.09956200420856476,0.2238859236240387,0.32785919308662415,0.3171910047531128,0.44638174772262573
ecbit_full_long_r60_s44,experiments/configs/round2_gated/ecbit_full_long_r60_s44.yaml,experiments/results/metrics/round2_gated/ecbit_full_long_r60_s44/best.pt,long,0.6,44,baseline,0.15908554196357727,0.21596217155456543,0.4508128762245178,0.5967303514480591,0.4268299639225006,0.6766663193702698,0.05495503917336464,0.07437288016080856,0.21659129858016968,0.3185058534145355,0.26165491342544556,0.37644749879837036
ecbit_full_long_r60_s44,experiments/configs/round2_gated/ecbit_full_long_r60_s44.yaml,experiments/results/metrics/round2_gated/ecbit_full_long_r60_s44/best.pt,long,0.6,44,downsample_12h,0.1682237833738327,0.22695843875408173,0.45825812220573425,0.6052587628364563,0.4405767321586609,0.6936145424842834,0.056549787521362305,0.07613172382116318,0.22608733177185059,0.33256304264068604,0.269939124584198,0.386905312538147
ecbit_full_long_r60_s44,experiments/configs/round2_gated/ecbit_full_long_r60_s44.yaml,experiments/results/metrics/round2_gated/ecbit_full_long_r60_s44/best.pt,long,0.6,44,downsample_24h,0.1917192041873932,0.2589046359062195,0.48151516914367676,0.6344162821769714,0.48651835322380066,0.7593463063240051,0.061463240534067154,0.0815810039639473,0.2524253726005554,0.3718174993991852,0.29472827911376953,0.42121315002441406
ecbit_full_long_r60_s44,experiments/configs/round2_gated/ecbit_full_long_r60_s44.yaml,experiments/results/metrics/round2_gated/ecbit_full_long_r60_s44/best.pt,long,0.6,44,downsample_6h,0.16063633561134338,0.21759234368801117,0.45128217339515686,0.5968796014785767,0.4279995560646057,0.6779710054397583,0.05521969497203827,0.07468980550765991,0.21788311004638672,0.3205054998397827,0.2626041769981384,0.37752765417099
ecbit_full_long_r60_s44,experiments/configs/round2_gated/ecbit_full_long_r60_s44.yaml,experiments/results/metrics/round2_gated/ecbit_full_long_r60_s44/best.pt,long,0.6,44,mask_P,0.17949625849723816,0.23952314257621765,0.47381138801574707,0.6125364899635315,0.46773797273635864,0.7554558515548706,0.24009299278259277,0.3990011513233185,0.2339150607585907,0.3362898826599121,0.31901073455810547,0.4685613214969635
ecbit_full_long_r60_s44,experiments/configs/round2_gated/ecbit_full_long_r60_s44.yaml,experiments/results/metrics/round2_gated/ecbit_full_long_r60_s44/best.pt,long,0.6,44,mask_RH,0.16322267055511475,0.22115495800971985,0.5707183480262756,0.7326498031616211,0.4677833914756775,0.7233269214630127,0.06233187019824982,0.08672641962766647,0.22229516506195068,0.32750439643859863,0.2972702980041504,0.4182724952697754
ecbit_full_long_r60_s44,experiments/configs/round2_gated/ecbit_full_long_r60_s44.yaml,experiments/results/metrics/round2_gated/ecbit_full_long_r60_s44/best.pt,long,0.6,44,mask_T,0.5169482827186584,0.6789389252662659,0.4750915467739105,0.6170520186424255,0.4465864896774292,0.704089343547821,0.05494741350412369,0.07492946088314056,0.23472540080547333,0.34062159061431885,0.3456598222255707,0.48312631249427795
ecbit_full_long_r60_s44,experiments/configs/round2_gated/ecbit_full_long_r60_s44.yaml,experiments/results/metrics/round2_gated/ecbit_full_long_r60_s44/best.pt,long,0.6,44,mask_q,0.16360695660114288,0.220743790268898,0.45524322986602783,0.6005983352661133,0.4307364225387573,0.6866048574447632,0.055023375898599625,0.0752701461315155,0.5101679563522339,0.6945990324020386,0.32295557856559753,0.4555632472038269
ecbit_full_long_r60_s44,experiments/configs/round2_gated/ecbit_full_long_r60_s44.yaml,experiments/results/metrics/round2_gated/ecbit_full_long_r60_s44/best.pt,long,0.6,44,mask_wspd,0.16755089163780212,0.22448474168777466,0.46877288818359375,0.6121383309364319,0.6474204659461975,0.9625330567359924,0.06796290725469589,0.09542851895093918,0.22215516865253448,0.32501357793807983,0.31477245688438416,0.4439195990562439
ecbit_full_medium_r20_s42,experiments/configs/round2_gated/ecbit_full_medium_r20_s42.yaml,experiments/results/metrics/round2_gated/ecbit_full_medium_r20_s42/best.pt,medium,0.2,42,baseline,0.15962201356887817,0.21325749158859253,0.4403890371322632,0.5815246105194092,0.4262985289096832,0.6730008125305176,0.05166490748524666,0.06680737435817719,0.21695691347122192,0.31620970368385315,0.25898629426956177,0.3701600134372711
ecbit_full_medium_r20_s42,experiments/configs/round2_gated/ecbit_full_medium_r20_s42.yaml,experiments/results/metrics/round2_gated/ecbit_full_medium_r20_s42/best.pt,medium,0.2,42,downsample_12h,0.16693179309368134,0.22282589972019196,0.44592368602752686,0.5880637168884277,0.43755418062210083,0.6870619058609009,0.052995529025793076,0.06847719848155975,0.2249528020620346,0.32760196924209595,0.26567161083221436,0.37880614399909973
ecbit_full_medium_r20_s42,experiments/configs/round2_gated/ecbit_full_medium_r20_s42.yaml,experiments/results/metrics/round2_gated/ecbit_full_medium_r20_s42/best.pt,medium,0.2,42,downsample_24h,0.18717172741889954,0.25107359886169434,0.4648159146308899,0.6115570068359375,0.47906556725502014,0.7450181245803833,0.05771450325846672,0.07449564337730408,0.2483224719762802,0.3620295524597168,0.28741803765296936,0.4088347852230072
ecbit_full_medium_r20_s42,experiments/configs/round2_gated/ecbit_full_medium_r20_s42.yaml,experiments/results/metrics/round2_gated/ecbit_full_medium_r20_s42/best.pt,medium,0.2,42,downsample_6h,0.16066744923591614,0.21457280218601227,0.4404067099094391,0.5813412666320801,0.42736130952835083,0.6742914915084839,0.05178823322057724,0.06696723401546478,0.21799840033054352,0.317611426115036,0.25964444875717163,0.3709568381309509
ecbit_full_medium_r20_s42,experiments/configs/round2_gated/ecbit_full_medium_r20_s42.yaml,experiments/results/metrics/round2_gated/ecbit_full_medium_r20_s42/best.pt,medium,0.2,42,mask_P,0.15985380113124847,0.21351319551467896,0.44244128465652466,0.5837031006813049,0.43208247423171997,0.6854037046432495,0.11998748034238815,0.17152895033359528,0.21827726066112518,0.31724050641059875,0.274528443813324,0.3942779004573822
ecbit_full_medium_r20_s42,experiments/configs/round2_gated/ecbit_full_medium_r20_s42.yaml,experiments/results/metrics/round2_gated/ecbit_full_medium_r20_s42/best.pt,medium,0.2,42,mask_RH,0.16068069636821747,0.21467840671539307,0.5209346413612366,0.6849048733711243,0.42889532446861267,0.6760165095329285,0.05158494785428047,0.06693178415298462,0.21770893037319183,0.31765973567962646,0.27596092224121094,0.3920382559299469
ecbit_full_medium_r20_s42,experiments/configs/round2_gated/ecbit_full_medium_r20_s42.yaml,experiments/results/metrics/round2_gated/ecbit_full_medium_r20_s42/best.pt,medium,0.2,42,mask_T,0.34229427576065063,0.45093902945518494,0.4585390090942383,0.5962561964988708,0.431557297706604,0.6839805841445923,0.052094969898462296,0.0672517940402031,0.22983752191066742,0.3293425738811493,0.30286461114883423,0.42555397748947144
ecbit_full_medium_r20_s42,experiments/configs/round2_gated/ecbit_full_medium_r20_s42.yaml,experiments/results/metrics/round2_gated/ecbit_full_medium_r20_s42/best.pt,medium,0.2,42,mask_q,0.1589849293231964,0.21276816725730896,0.44045281410217285,0.5821029543876648,0.42893972992897034,0.6786603927612305,0.052178554236888885,0.06757743656635284,0.34184134006500244,0.49083787202835083,0.28447943925857544,0.4063893258571625
ecbit_full_medium_r20_s42,experiments/configs/round2_gated/ecbit_full_medium_r20_s42.yaml,experiments/results/metrics/round2_gated/ecbit_full_medium_r20_s42/best.pt,medium,0.2,42,mask_wspd,0.16197437047958374,0.21640688180923462,0.4459610879421234,0.5875561833381653,0.5884427428245544,0.8877671957015991,0.05287347733974457,0.0682954266667366,0.21747346222400665,0.3167468011379242,0.29334503412246704,0.41535454988479614
ecbit_full_medium_r20_s43,experiments/configs/round2_gated/ecbit_full_medium_r20_s43.yaml,experiments/results/metrics/round2_gated/ecbit_full_medium_r20_s43/best.pt,medium,0.2,43,baseline,0.1588987559080124,0.21290050446987152,0.438076376914978,0.5816442966461182,0.42434877157211304,0.6708677411079407,0.051951814442873,0.06733117252588272,0.2173127979040146,0.3154188096523285,0.2581177055835724,0.3696325123310089
ecbit_full_medium_r20_s43,experiments/configs/round2_gated/ecbit_full_medium_r20_s43.yaml,experiments/results/metrics/round2_gated/ecbit_full_medium_r20_s43/best.pt,medium,0.2,43,downsample_12h,0.1659146249294281,0.2218925505876541,0.4441714882850647,0.5886035561561584,0.43637189269065857,0.6868756413459778,0.05327560007572174,0.06898079067468643,0.2249116450548172,0.3263114392757416,0.26492905616760254,0.3785328269004822
ecbit_full_medium_r20_s43,experiments/configs/round2_gated/ecbit_full_medium_r20_s43.yaml,experiments/results/metrics/round2_gated/ecbit_full_medium_r20_s43/best.pt,medium,0.2,43,downsample_24h,0.1871883124113083,0.25122252106666565,0.46382641792297363,0.6130738258361816,0.4789278209209442,0.744326114654541,0.05807396396994591,0.0749913677573204,0.2492624968290329,0.3614937365055084,0.28745582699775696,0.4090215265750885
ecbit_full_medium_r20_s43,experiments/configs/round2_gated/ecbit_full_medium_r20_s43.yaml,experiments/results/metrics/round2_gated/ecbit_full_medium_r20_s43/best.pt,medium,0.2,43,downsample_6h,0.15979480743408203,0.21391762793064117,0.438483864068985,0.5819187164306641,0.425243616104126,0.6724184155464172,0.052060335874557495,0.06747801601886749,0.21808354556560516,0.316596657037735,0.25873324275016785,0.37046587467193604
ecbit_full_medium_r20_s43,experiments/configs/round2_gated/ecbit_full_medium_r20_s43.yaml,experiments/results/metrics/round2_gated/ecbit_full_medium_r20_s43/best.pt,medium,0.2,43,mask_P,0.1601647287607193,0.21446442604064941,0.44054555892944336,0.5843804478645325,0.43428707122802734,0.686910092830658,0.11848010122776031,0.16572205722332,0.2201339304447174,0.31807515025138855,0.27472227811813354,0.3939104378223419
ecbit_full_medium_r20_s43,experiments/configs/round2_gated/ecbit_full_medium_r20_s43.yaml,experiments/results/metrics/round2_gated/ecbit_full_medium_r20_s43/best.pt,medium,0.2,43,mask_RH,0.16000822186470032,0.21436820924282074,0.5183796882629395,0.6844851970672607,0.42675891518592834,0.6788020730018616,0.05148492008447647,0.0666801705956459,0.21875764429569244,0.31716153025627136,0.2750778794288635,0.3922994136810303
ecbit_full_medium_r20_s43,experiments/configs/round2_gated/ecbit_full_medium_r20_s43.yaml,experiments/results/metrics/round2_gated/ecbit_full_medium_r20_s43/best.pt,medium,0.2,43,mask_T,0.3433138430118561,0.45331719517707825,0.4541594386100769,0.5943052768707275,0.43014249205589294,0.6801548004150391,0.052405864000320435,0.06784986704587936,0.2295900136232376,0.3277178108692169,0.30192235112190247,0.42466896772384644
ecbit_full_medium_r20_s43,experiments/configs/round2_gated/ecbit_full_medium_r20_s43.yaml,experiments/results/metrics/round2_gated/ecbit_full_medium_r20_s43/best.pt,medium,0.2,43,mask_q,0.15925158560276031,0.2132808268070221,0.4383843243122101,0.5823036432266235,0.42542555928230286,0.6732582449913025,0.05207541957497597,0.06746585667133331,0.33559396862983704,0.47922515869140625,0.282146155834198,0.4031067490577698
ecbit_full_medium_r20_s43,experiments/configs/round2_gated/ecbit_full_medium_r20_s43.yaml,experiments/results/metrics/round2_gated/ecbit_full_medium_r20_s43/best.pt,medium,0.2,43,mask_wspd,0.16048628091812134,0.21484701335430145,0.44393211603164673,0.5873965620994568,0.5917949676513672,0.8927692770957947,0.053026579320430756,0.06856288015842438,0.21749544143676758,0.3156619966030121,0.2933470606803894,0.4158475995063782
ecbit_full_medium_r20_s44,experiments/configs/round2_gated/ecbit_full_medium_r20_s44.yaml,experiments/results/metrics/round2_gated/ecbit_full_medium_r20_s44/best.pt,medium,0.2,44,baseline,0.15825501084327698,0.21280455589294434,0.43792274594306946,0.5792774558067322,0.42507505416870117,0.6694977879524231,0.052853573113679886,0.06799038499593735,0.21795254945755005,0.3164513409137726,0.25841179490089417,0.3692043125629425
ecbit_full_medium_r20_s44,experiments/configs/round2_gated/ecbit_full_medium_r20_s44.yaml,experiments/results/metrics/round2_gated/ecbit_full_medium_r20_s44/best.pt,medium,0.2,44,downsample_12h,0.1661703884601593,0.2225077897310257,0.4440857768058777,0.5861648917198181,0.43797892332077026,0.6849337220191956,0.05423187464475632,0.06960833817720413,0.22586554288864136,0.32839030027389526,0.26566648483276367,0.37832099199295044
ecbit_full_medium_r20_s44,experiments/configs/round2_gated/ecbit_full_medium_r20_s44.yaml,experiments/results/metrics/round2_gated/ecbit_full_medium_r20_s44/best.pt,medium,0.2,44,downsample_24h,0.18717791140079498,0.2510879337787628,0.46413344144821167,0.6113559007644653,0.4806535542011261,0.7425451278686523,0.05892464891076088,0.07556518167257309,0.24960091710090637,0.36314183473587036,0.2880980968475342,0.4087391793727875
ecbit_full_medium_r20_s44,experiments/configs/round2_gated/ecbit_full_medium_r20_s44.yaml,experiments/results/metrics/round2_gated/ecbit_full_medium_r20_s44/best.pt,medium,0.2,44,downsample_6h,0.15934965014457703,0.21392375230789185,0.43819108605384827,0.5793848037719727,0.4264236092567444,0.6710847616195679,0.05298619717359543,0.068125881254673,0.21877233684062958,0.3178882598876953,0.25914454460144043,0.37008148431777954
ecbit_full_medium_r20_s44,experiments/configs/round2_gated/ecbit_full_medium_r20_s44.yaml,experiments/results/metrics/round2_gated/ecbit_full_medium_r20_s44/best.pt,medium,0.2,44,mask_P,0.1589968055486679,0.21374621987342834,0.44006896018981934,0.5814725756645203,0.4321592450141907,0.6822117567062378,0.11990015208721161,0.16936756670475006,0.22025661170482635,0.31869083642959595,0.2742763161659241,0.39309781789779663
ecbit_full_medium_r20_s44,experiments/configs/round2_gated/ecbit_full_medium_r20_s44.yaml,experiments/results/metrics/round2_gated/ecbit_full_medium_r20_s44/best.pt,medium,0.2,44,mask_RH,0.15996401011943817,0.2153802216053009,0.5217054486274719,0.6843253970146179,0.4311596751213074,0.6752392649650574,0.05274124816060066,0.0679217278957367,0.21949198842048645,0.3178754448890686,0.27701249718666077,0.3921484351158142
ecbit_full_medium_r20_s44,experiments/configs/round2_gated/ecbit_full_medium_r20_s44.yaml,experiments/results/metrics/round2_gated/ecbit_full_medium_r20_s44/best.pt,medium,0.2,44,mask_T,0.35279759764671326,0.46244463324546814,0.45247364044189453,0.5911364555358887,0.4264940321445465,0.6760765910148621,0.053177762776613235,0.06849396228790283,0.22940340638160706,0.33102133870124817,0.3028692603111267,0.4258345663547516
ecbit_full_medium_r20_s44,experiments/configs/round2_gated/ecbit_full_medium_r20_s44.yaml,experiments/results/metrics/round2_gated/ecbit_full_medium_r20_s44/best.pt,medium,0.2,44,mask_q,0.1581488847732544,0.21304172277450562,0.4387848973274231,0.5801528692245483,0.42529839277267456,0.672233521938324,0.05320262163877487,0.06851550191640854,0.34072455763816833,0.495169997215271,0.2832318842411041,0.40582275390625
ecbit_full_medium_r20_s44,experiments/configs/round2_gated/ecbit_full_medium_r20_s44.yaml,experiments/results/metrics/round2_gated/ecbit_full_medium_r20_s44/best.pt,medium,0.2,44,mask_wspd,0.15911009907722473,0.21384933590888977,0.44449809193611145,0.5858785510063171,0.5885782837867737,0.8882154226303101,0.05375925078988075,0.06895367056131363,0.21781694889068604,0.3165183663368225,0.29275253415107727,0.41468310356140137
ecbit_full_medium_r40_s42,experiments/configs/round2_gated/ecbit_full_medium_r40_s42.yaml,experiments/results/metrics/round2_gated/ecbit_full_medium_r40_s42/best.pt,medium,0.4,42,baseline,0.15942534804344177,0.2135978788137436,0.4373452365398407,0.5812827944755554,0.42794063687324524,0.6750836372375488,0.053334761410951614,0.06894900649785995,0.21748094260692596,0.3170243799686432,0.259105384349823,0.3711875379085541
ecbit_full_medium_r40_s42,experiments/configs/round2_gated/ecbit_full_medium_r40_s42.yaml,experiments/results/metrics/round2_gated/ecbit_full_medium_r40_s42/best.pt,medium,0.4,42,downsample_12h,0.16710525751113892,0.22341910004615784,0.4433780610561371,0.5881826281547546,0.4394378364086151,0.6894849538803101,0.05482285097241402,0.07078471034765244,0.22561955451965332,0.32875511050224304,0.26607269048690796,0.3801252841949463
ecbit_full_medium_r40_s42,experiments/configs/round2_gated/ecbit_full_medium_r40_s42.yaml,experiments/results/metrics/round2_gated/ecbit_full_medium_r40_s42/best.pt,medium,0.4,42,downsample_24h,0.18840110301971436,0.25280797481536865,0.4632861912250519,0.6127112507820129,0.4830096364021301,0.7513477802276611,0.05958659574389458,0.07679411768913269,0.24919867515563965,0.36329591274261475,0.2886964678764343,0.41139140725135803
ecbit_full_medium_r40_s42,experiments/configs/round2_gated/ecbit_full_medium_r40_s42.yaml,experiments/results/metrics/round2_gated/ecbit_full_medium_r40_s42/best.pt,medium,0.4,42,downsample_6h,0.160591259598732,0.21494320034980774,0.437547892332077,0.581360399723053,0.4289027154445648,0.6760547757148743,0.053531888872385025,0.06918831169605255,0.21848978102207184,0.31850486993789673,0.25981271266937256,0.37201032042503357
ecbit_full_medium_r40_s42,experiments/configs/round2_gated/ecbit_full_medium_r40_s42.yaml,experiments/results/metrics/round2_gated/ecbit_full_medium_r40_s42/best.pt,medium,0.4,42,mask_P,0.16261571645736694,0.2168978601694107,0.44127407670021057,0.5856591463088989,0.45705389976501465,0.7243286371231079,0.13513386249542236,0.20291103422641754,0.2204531729221344,0.3196955621242523,0.28330615162849426,0.40989845991134644
ecbit_full_medium_r40_s42,experiments/configs/round2_gated/ecbit_full_medium_r40_s42.yaml,experiments/results/metrics/round2_gated/ecbit_full_medium_r40_s42/best.pt,medium,0.4,42,mask_RH,0.16125203669071198,0.2159298211336136,0.5257507562637329,0.6896879076957703,0.43881481885910034,0.6874228119850159,0.053495071828365326,0.06937803328037262,0.21935155987739563,0.3200424015522003,0.2797328531742096,0.3964921832084656
ecbit_full_medium_r40_s42,experiments/configs/round2_gated/ecbit_full_medium_r40_s42.yaml,experiments/results/metrics/round2_gated/ecbit_full_medium_r40_s42/best.pt,medium,0.4,42,mask_T,0.38226526975631714,0.49849891662597656,0.4576296806335449,0.596947193145752,0.4373513460159302,0.6943253874778748,0.054632529616355896,0.07050851732492447,0.23251013457775116,0.33547618985176086,0.3128778040409088,0.43915122747421265
ecbit_full_medium_r40_s42,experiments/configs/round2_gated/ecbit_full_medium_r40_s42.yaml,experiments/results/metrics/round2_gated/ecbit_full_medium_r40_s42/best.pt,medium,0.4,42,mask_q,0.15990287065505981,0.21458828449249268,0.4383634328842163,0.5823326706886292,0.4317856431007385,0.6850761771202087,0.053177982568740845,0.06863509118556976,0.37966084480285645,0.5327650308609009,0.29257816076278687,0.4166794419288635
ecbit_full_medium_r40_s42,experiments/configs/round2_gated/ecbit_full_medium_r40_s42.yaml,experiments/results/metrics/round2_gated/ecbit_full_medium_r40_s42/best.pt,medium,0.4,42,mask_wspd,0.16153207421302795,0.21594983339309692,0.44990241527557373,0.5924854278564453,0.6008011698722839,0.9036235809326172,0.055886633694171906,0.07254268229007721,0.21912959218025208,0.3189639747142792,0.29745036363601685,0.4207130968570709
ecbit_full_medium_r40_s43,experiments/configs/round2_gated/ecbit_full_medium_r40_s43.yaml,experiments/results/metrics/round2_gated/ecbit_full_medium_r40_s43/best.pt,medium,0.4,43,baseline,0.1583210527896881,0.21341869235038757,0.4363885521888733,0.5805761218070984,0.42992186546325684,0.6791881322860718,0.05293722450733185,0.06876740604639053,0.21655718982219696,0.31640157103538513,0.2588251829147339,0.3716703951358795
ecbit_full_medium_r40_s43,experiments/configs/round2_gated/ecbit_full_medium_r40_s43.yaml,experiments/results/metrics/round2_gated/ecbit_full_medium_r40_s43/best.pt,medium,0.4,43,downsample_12h,0.16544784605503082,0.2222728133201599,0.44235894083976746,0.587306797504425,0.4427201747894287,0.6951267123222351,0.05427171289920807,0.0704292580485344,0.22433024644851685,0.32728588581085205,0.2658257782459259,0.38048428297042847
ecbit_full_medium_r40_s43,experiments/configs/round2_gated/ecbit_full_medium_r40_s43.yaml,experiments/results/metrics/round2_gated/ecbit_full_medium_r40_s43/best.pt,medium,0.4,43,downsample_24h,0.18694928288459778,0.2514265775680542,0.46251237392425537,0.6120801568031311,0.4879589080810547,0.7576882839202881,0.05867168679833412,0.07600393146276474,0.2479683756828308,0.36154261231422424,0.28881213068962097,0.41174831986427307
ecbit_full_medium_r40_s43,experiments/configs/round2_gated/ecbit_full_medium_r40_s43.yaml,experiments/results/metrics/round2_gated/ecbit_full_medium_r40_s43/best.pt,medium,0.4,43,downsample_6h,0.15923501551151276,0.21436235308647156,0.436788409948349,0.580826461315155,0.43105316162109375,0.6807215809822083,0.05308546870946884,0.06893420964479446,0.21743138134479523,0.31751057505607605,0.25951868295669556,0.37247103452682495
ecbit_full_medium_r40_s43,experiments/configs/round2_gated/ecbit_full_medium_r40_s43.yaml,experiments/results/metrics/round2_gated/ecbit_full_medium_r40_s43/best.pt,medium,0.4,43,mask_P,0.16196782886981964,0.2180509716272354,0.4400852918624878,0.5844742655754089,0.4622560143470764,0.7400643229484558,0.1449827402830124,0.21858805418014526,0.22123950719833374,0.3208117187023163,0.28610628843307495,0.41639789938926697
ecbit_full_medium_r40_s43,experiments/configs/round2_gated/ecbit_full_medium_r40_s43.yaml,experiments/results/metrics/round2_gated/ecbit_full_medium_r40_s43/best.pt,medium,0.4,43,mask_RH,0.16033287346363068,0.21603268384933472,0.5198284983634949,0.6864835619926453,0.4405696392059326,0.6914538741111755,0.05302222818136215,0.06890179961919785,0.2188567966222763,0.3186403512954712,0.2785220146179199,0.3963024616241455
ecbit_full_medium_r40_s43,experiments/configs/round2_gated/ecbit_full_medium_r40_s43.yaml,experiments/results/metrics/round2_gated/ecbit_full_medium_r40_s43/best.pt,medium,0.4,43,mask_T,0.3815087378025055,0.5011601448059082,0.4559512138366699,0.5963444709777832,0.43479764461517334,0.6863433122634888,0.053919143974781036,0.07039529830217361,0.23298123478889465,0.3331632614135742,0.31183162331581116,0.43748125433921814
ecbit_full_medium_r40_s43,experiments/configs/round2_gated/ecbit_full_medium_r40_s43.yaml,experiments/results/metrics/round2_gated/ecbit_full_medium_r40_s43/best.pt,medium,0.4,43,mask_q,0.15976880490779877,0.21509763598442078,0.4374173581600189,0.5819180011749268,0.43326643109321594,0.687031090259552,0.0536920391023159,0.06998185813426971,0.36902427673339844,0.5290918946266174,0.29063376784324646,0.4166240692138672
ecbit_full_medium_r40_s43,experiments/configs/round2_gated/ecbit_full_medium_r40_s43.yaml,experiments/results/metrics/round2_gated/ecbit_full_medium_r40_s43/best.pt,medium,0.4,43,mask_wspd,0.16189900040626526,0.21747909486293793,0.44888511300086975,0.5918309092521667,0.6134994626045227,0.9262478351593018,0.0556381456553936,0.07277246564626694,0.21799129247665405,0.31774672865867615,0.2995826005935669,0.4252154231071472
ecbit_full_medium_r40_s44,experiments/configs/round2_gated/ecbit_full_medium_r40_s44.yaml,experiments/results/metrics/round2_gated/ecbit_full_medium_r40_s44/best.pt,medium,0.4,44,baseline,0.1584048569202423,0.21324756741523743,0.4376179575920105,0.580863893032074,0.4262066185474396,0.6687615513801575,0.05026821419596672,0.06434059143066406,0.2169744372367859,0.3172354996204376,0.2578943967819214,0.36888980865478516
ecbit_full_medium_r40_s44,experiments/configs/round2_gated/ecbit_full_medium_r40_s44.yaml,experiments/results/metrics/round2_gated/ecbit_full_medium_r40_s44/best.pt,medium,0.4,44,downsample_12h,0.1660313457250595,0.22264541685581207,0.44389837980270386,0.5881175994873047,0.43788743019104004,0.6829535365104675,0.05181188881397247,0.06636583805084229,0.22496512532234192,0.32880517840385437,0.26491886377334595,0.3777775168418884
ecbit_full_medium_r40_s44,experiments/configs/round2_gated/ecbit_full_medium_r40_s44.yaml,experiments/results/metrics/round2_gated/ecbit_full_medium_r40_s44/best.pt,medium,0.4,44,downsample_24h,0.18700814247131348,0.2515108585357666,0.464485228061676,0.6141307353973389,0.4792395830154419,0.7405832409858704,0.056625448167324066,0.0726977065205574,0.24884673953056335,0.3634685277938843,0.28724104166030884,0.4084782004356384
ecbit_full_medium_r40_s44,experiments/configs/round2_gated/ecbit_full_medium_r40_s44.yaml,experiments/results/metrics/round2_gated/ecbit_full_medium_r40_s44/best.pt,medium,0.4,44,downsample_6h,0.15951469540596008,0.2144283503293991,0.4378929138183594,0.5810263752937317,0.4272444248199463,0.6699643135070801,0.05050055682659149,0.06464084982872009,0.21784482896327972,0.31849977374076843,0.2585994601249695,0.3697119355201721
ecbit_full_medium_r40_s44,experiments/configs/round2_gated/ecbit_full_medium_r40_s44.yaml,experiments/results/metrics/round2_gated/ecbit_full_medium_r40_s44/best.pt,medium,0.4,44,mask_P,0.16138502955436707,0.2167220264673233,0.4440300464630127,0.5858474969863892,0.4481547176837921,0.7093210220336914,0.14035449922084808,0.21322837471961975,0.2202782779932022,0.31996074318885803,0.2828405201435089,0.409015953540802
ecbit_full_medium_r40_s44,experiments/configs/round2_gated/ecbit_full_medium_r40_s44.yaml,experiments/results/metrics/round2_gated/ecbit_full_medium_r40_s44/best.pt,medium,0.4,44,mask_RH,0.1601632982492447,0.2157549411058426,0.529024600982666,0.6947802305221558,0.4389781951904297,0.6844764947891235,0.050187401473522186,0.06434637308120728,0.218519926071167,0.3189927339553833,0.2793746590614319,0.39567017555236816
ecbit_full_medium_r40_s44,experiments/configs/round2_gated/ecbit_full_medium_r40_s44.yaml,experiments/results/metrics/round2_gated/ecbit_full_medium_r40_s44/best.pt,medium,0.4,44,mask_T,0.40035608410835266,0.5182315111160278,0.4578597843647003,0.597485363483429,0.4332237243652344,0.6831436157226562,0.050925225019454956,0.06522276997566223,0.23124152421951294,0.3349868357181549,0.3147212862968445,0.4398140013217926
ecbit_full_medium_r40_s44,experiments/configs/round2_gated/ecbit_full_medium_r40_s44.yaml,experiments/results/metrics/round2_gated/ecbit_full_medium_r40_s44/best.pt,medium,0.4,44,mask_q,0.16021381318569183,0.21547944843769073,0.43984079360961914,0.5826404094696045,0.42717117071151733,0.6736462712287903,0.050821658223867416,0.06520775705575943,0.37891411781311035,0.5466657280921936,0.2913922965526581,0.4167279303073883
ecbit_full_medium_r40_s44,experiments/configs/round2_gated/ecbit_full_medium_r40_s44.yaml,experiments/results/metrics/round2_gated/ecbit_full_medium_r40_s44/best.pt,medium,0.4,44,mask_wspd,0.16070352494716644,0.21555154025554657,0.44780945777893066,0.5903676748275757,0.6054004430770874,0.9067933559417725,0.05296863988041878,0.06814514845609665,0.21815216541290283,0.31871962547302246,0.29700684547424316,0.41991543769836426
ecbit_full_medium_r60_s42,experiments/configs/round2_gated/ecbit_full_medium_r60_s42.yaml,experiments/results/metrics/round2_gated/ecbit_full_medium_r60_s42/best.pt,medium,0.6,42,baseline,0.16135762631893158,0.21592840552330017,0.4429492950439453,0.5858785510063171,0.42969179153442383,0.6807878613471985,0.052451830357313156,0.06808848679065704,0.21824663877487183,0.3183166980743408,0.26093944907188416,0.37379997968673706
ecbit_full_medium_r60_s42,experiments/configs/round2_gated/ecbit_full_medium_r60_s42.yaml,experiments/results/metrics/round2_gated/ecbit_full_medium_r60_s42/best.pt,medium,0.6,42,downsample_12h,0.16938939690589905,0.22574295103549957,0.44943636655807495,0.5933070182800293,0.44057896733283997,0.6944615840911865,0.05390505492687225,0.06987501680850983,0.22717644274234772,0.33105215430259705,0.2680972218513489,0.38288775086402893
ecbit_full_medium_r60_s42,experiments/configs/round2_gated/ecbit_full_medium_r60_s42.yaml,experiments/results/metrics/round2_gated/ecbit_full_medium_r60_s42/best.pt,medium,0.6,42,downsample_24h,0.19040745496749878,0.2545914947986603,0.46937987208366394,0.6184148192405701,0.48175403475761414,0.752995491027832,0.05853169038891792,0.07579781860113144,0.2515709102153778,0.36708131432533264,0.2903288006782532,0.4137762188911438
ecbit_full_medium_r60_s42,experiments/configs/round2_gated/ecbit_full_medium_r60_s42.yaml,experiments/results/metrics/round2_gated/ecbit_full_medium_r60_s42/best.pt,medium,0.6,42,downsample_6h,0.16278032958507538,0.21746113896369934,0.44337934255599976,0.5861095190048218,0.43049049377441406,0.6816917061805725,0.05265510827302933,0.06832489371299744,0.21964609622955322,0.32023653388023376,0.26179027557373047,0.37476474046707153
ecbit_full_medium_r60_s42,experiments/configs/round2_gated/ecbit_full_medium_r60_s42.yaml,experiments/results/metrics/round2_gated/ecbit_full_medium_r60_s42/best.pt,medium,0.6,42,mask_P,0.1752416044473648,0.23222658038139343,0.4492799937725067,0.5910568237304688,0.4674144685268402,0.7581583261489868,0.18457765877246857,0.2939987778663635,0.22771820425987244,0.3274792730808258,0.3008463978767395,0.4405839443206787
ecbit_full_medium_r60_s42,experiments/configs/round2_gated/ecbit_full_medium_r60_s42.yaml,experiments/results/metrics/round2_gated/ecbit_full_medium_r60_s42/best.pt,medium,0.6,42,mask_RH,0.16441142559051514,0.21993379294872284,0.5396814346313477,0.703113317489624,0.4555298686027527,0.7113248705863953,0.0569063238799572,0.07486318051815033,0.22065317630767822,0.32270610332489014,0.28743645548820496,0.4063882827758789
ecbit_full_medium_r60_s42,experiments/configs/round2_gated/ecbit_full_medium_r60_s42.yaml,experiments/results/metrics/round2_gated/ecbit_full_medium_r60_s42/best.pt,medium,0.6,42,mask_T,0.43776705861091614,0.5695369243621826,0.4664843678474426,0.6056862473487854,0.43870270252227783,0.7001619935035706,0.05528394132852554,0.07193928211927414,0.23626019060611725,0.340914249420166,0.3268996477127075,0.4576477110385895
ecbit_full_medium_r60_s42,experiments/configs/round2_gated/ecbit_full_medium_r60_s42.yaml,experiments/results/metrics/round2_gated/ecbit_full_medium_r60_s42/best.pt,medium,0.6,42,mask_q,0.16547919809818268,0.2202937752008438,0.4445948302745819,0.5884828567504883,0.43563106656074524,0.6943226456642151,0.05379398167133331,0.06989306956529617,0.4345901608467102,0.5976205468177795,0.30681782960891724,0.43412256240844727
ecbit_full_medium_r60_s42,experiments/configs/round2_gated/ecbit_full_medium_r60_s42.yaml,experiments/results/metrics/round2_gated/ecbit_full_medium_r60_s42/best.pt,medium,0.6,42,mask_wspd,0.1642000824213028,0.21897149085998535,0.45840850472450256,0.6003708839416504,0.6184218525886536,0.9243176579475403,0.05997611954808235,0.08026088029146194,0.22332021594047546,0.32201698422431946,0.30486536026000977,0.4291875958442688
ecbit_full_medium_r60_s43,experiments/configs/round2_gated/ecbit_full_medium_r60_s43.yaml,experiments/results/metrics/round2_gated/ecbit_full_medium_r60_s43/best.pt,medium,0.6,43,baseline,0.15765157341957092,0.21281471848487854,0.437701016664505,0.5835167765617371,0.43107059597969055,0.6846489906311035,0.0501779243350029,0.06544658541679382,0.2143951654434204,0.31475216150283813,0.2581992745399475,0.37223586440086365
ecbit_full_medium_r60_s43,experiments/configs/round2_gated/ecbit_full_medium_r60_s43.yaml,experiments/results/metrics/round2_gated/ecbit_full_medium_r60_s43/best.pt,medium,0.6,43,downsample_12h,0.16527564823627472,0.22225679457187653,0.44400325417518616,0.5908079147338867,0.4430616497993469,0.7001295685768127,0.05182156339287758,0.0675719603896141,0.22263474762439728,0.3270014822483063,0.26535937190055847,0.3815535306930542
ecbit_full_medium_r60_s43,experiments/configs/round2_gated/ecbit_full_medium_r60_s43.yaml,experiments/results/metrics/round2_gated/ecbit_full_medium_r60_s43/best.pt,medium,0.6,43,downsample_24h,0.186380535364151,0.25134557485580444,0.4655786156654358,0.6182323098182678,0.4875413477420807,0.7626872062683105,0.0567011795938015,0.07381661236286163,0.2466767281293869,0.3621752858161926,0.288575679063797,0.41365137696266174
ecbit_full_medium_r60_s43,experiments/configs/round2_gated/ecbit_full_medium_r60_s43.yaml,experiments/results/metrics/round2_gated/ecbit_full_medium_r60_s43/best.pt,medium,0.6,43,downsample_6h,0.15886849164962769,0.21411165595054626,0.4380386471748352,0.5836893320083618,0.43218809366226196,0.6859424710273743,0.050413597375154495,0.06573754549026489,0.2155362218618393,0.3164309561252594,0.2590090334415436,0.37318238615989685
ecbit_full_medium_r60_s43,experiments/configs/round2_gated/ecbit_full_medium_r60_s43.yaml,experiments/results/metrics/round2_gated/ecbit_full_medium_r60_s43/best.pt,medium,0.6,43,mask_P,0.16509678959846497,0.22136108577251434,0.4467809200286865,0.5899711847305298,0.47435158491134644,0.7726104855537415,0.18781232833862305,0.2963143587112427,0.2219618558883667,0.3224961459636688,0.2992006838321686,0.44055062532424927
ecbit_full_medium_r60_s43,experiments/configs/round2_gated/ecbit_full_medium_r60_s43.yaml,experiments/results/metrics/round2_gated/ecbit_full_medium_r60_s43/best.pt,medium,0.6,43,mask_RH,0.1602715402841568,0.2164125293493271,0.5400463342666626,0.7014427781105042,0.4527748227119446,0.706000566482544,0.0532192587852478,0.07063321024179459,0.21794675290584564,0.3198096454143524,0.28485172986984253,0.40285974740982056
ecbit_full_medium_r60_s43,experiments/configs/round2_gated/ecbit_full_medium_r60_s43.yaml,experiments/results/metrics/round2_gated/ecbit_full_medium_r60_s43/best.pt,medium,0.6,43,mask_T,0.4359057545661926,0.5678536891937256,0.45770391821861267,0.6003767251968384,0.44971561431884766,0.7123603224754333,0.0516466349363327,0.06735827773809433,0.22787754237651825,0.33033913373947144,0.3245698809623718,0.45565763115882874
ecbit_full_medium_r60_s43,experiments/configs/round2_gated/ecbit_full_medium_r60_s43.yaml,experiments/results/metrics/round2_gated/ecbit_full_medium_r60_s43/best.pt,medium,0.6,43,mask_q,0.16249968111515045,0.21838876605033875,0.4406275749206543,0.5872740745544434,0.434185266494751,0.6934452652931213,0.05189276114106178,0.068137988448143,0.4211171865463257,0.6017199158668518,0.3020644783973694,0.43379315733909607
ecbit_full_medium_r60_s43,experiments/configs/round2_gated/ecbit_full_medium_r60_s43.yaml,experiments/results/metrics/round2_gated/ecbit_full_medium_r60_s43/best.pt,medium,0.6,43,mask_wspd,0.160873144865036,0.21608521044254303,0.4534042179584503,0.596466600894928,0.6334906220436096,0.9536283016204834,0.06090175732970238,0.08192478865385056,0.21694011986255646,0.3173317611217499,0.3051219582557678,0.4330872893333435
ecbit_full_medium_r60_s44,experiments/configs/round2_gated/ecbit_full_medium_r60_s44.yaml,experiments/results/metrics/round2_gated/ecbit_full_medium_r60_s44/best.pt,medium,0.6,44,baseline,0.15774349868297577,0.21366025507450104,0.44422784447669983,0.5870293974876404,0.42795518040657043,0.6799860000610352,0.05239218473434448,0.06816723197698593,0.21434201300144196,0.31460559368133545,0.2593321204185486,0.3726896643638611
ecbit_full_medium_r60_s44,experiments/configs/round2_gated/ecbit_full_medium_r60_s44.yaml,experiments/results/metrics/round2_gated/ecbit_full_medium_r60_s44/best.pt,medium,0.6,44,downsample_12h,0.1660909652709961,0.22373783588409424,0.45061859488487244,0.5942561626434326,0.4400414824485779,0.6956507563591003,0.05395382642745972,0.07011526823043823,0.22284461557865143,0.327085018157959,0.2667098939418793,0.3821690082550049
ecbit_full_medium_r60_s44,experiments/configs/round2_gated/ecbit_full_medium_r60_s44.yaml,experiments/results/metrics/round2_gated/ecbit_full_medium_r60_s44/best.pt,medium,0.6,44,downsample_24h,0.1871691793203354,0.25282973051071167,0.4708605110645294,0.6200391054153442,0.481608122587204,0.754863440990448,0.05855748429894447,0.07606072723865509,0.2465207725763321,0.36226552724838257,0.28894323110580444,0.41321173310279846
ecbit_full_medium_r60_s44,experiments/configs/round2_gated/ecbit_full_medium_r60_s44.yaml,experiments/results/metrics/round2_gated/ecbit_full_medium_r60_s44/best.pt,medium,0.6,44,downsample_6h,0.15912161767482758,0.21509292721748352,0.4445609450340271,0.5870972871780396,0.4290134608745575,0.6813539862632751,0.052620597183704376,0.06845064461231232,0.21543137729167938,0.31615784764289856,0.26014962792396545,0.3736305832862854
ecbit_full_medium_r60_s44,experiments/configs/round2_gated/ecbit_full_medium_r60_s44.yaml,experiments/results/metrics/round2_gated/ecbit_full_medium_r60_s44/best.pt,medium,0.6,44,mask_P,0.16658055782318115,0.22398847341537476,0.4512432813644409,0.592310905456543,0.47009187936782837,0.7633083462715149,0.18651829659938812,0.2981487512588501,0.22212055325508118,0.32207292318344116,0.2993108928203583,0.4399659037590027
ecbit_full_medium_r60_s44,experiments/configs/round2_gated/ecbit_full_medium_r60_s44.yaml,experiments/results/metrics/round2_gated/ecbit_full_medium_r60_s44/best.pt,medium,0.6,44,mask_RH,0.16070033609867096,0.21726521849632263,0.5452761650085449,0.7052133083343506,0.4564204216003418,0.7163324952125549,0.055554430931806564,0.07316894829273224,0.21683110296726227,0.3184674084186554,0.2869564890861511,0.4060894846916199
ecbit_full_medium_r60_s44,experiments/configs/round2_gated/ecbit_full_medium_r60_s44.yaml,experiments/results/metrics/round2_gated/ecbit_full_medium_r60_s44/best.pt,medium,0.6,44,mask_T,0.4583403170108795,0.5988636612892151,0.4657573699951172,0.6043357849121094,0.44149672985076904,0.7040678858757019,0.054765716195106506,0.07109997421503067,0.23097042739391327,0.3358652591705322,0.3302661180496216,0.4628465175628662
ecbit_full_medium_r60_s44,experiments/configs/round2_gated/ecbit_full_medium_r60_s44.yaml,experiments/results/metrics/round2_gated/ecbit_full_medium_r60_s44/best.pt,medium,0.6,44,mask_q,0.16160255670547485,0.21745117008686066,0.4473210871219635,0.5906130075454712,0.4325965642929077,0.6911975145339966,0.05438021942973137,0.0709727331995964,0.4438380300998688,0.6119430661201477,0.30794769525527954,0.4364354610443115
ecbit_full_medium_r60_s44,experiments/configs/round2_gated/ecbit_full_medium_r60_s44.yaml,experiments/results/metrics/round2_gated/ecbit_full_medium_r60_s44/best.pt,medium,0.6,44,mask_wspd,0.16029036045074463,0.2159435898065567,0.4581628441810608,0.5984188318252563,0.6153969764709473,0.9309749603271484,0.05694308131933212,0.07480970025062561,0.21568059921264648,0.31650906801223755,0.3012947738170624,0.42733126878738403
ecbit_full_short_r20_s42,experiments/configs/round2_gated/ecbit_full_short_r20_s42.yaml,experiments/results/metrics/round2_gated/ecbit_full_short_r20_s42/best.pt,short,0.2,42,baseline,0.15489555895328522,0.20608125627040863,0.4139844477176666,0.5521281361579895,0.4146212935447693,0.6503809690475464,0.05368423834443092,0.0711432620882988,0.2107037901878357,0.3073500990867615,0.2495778501033783,0.3574167490005493
ecbit_full_short_r20_s42,experiments/configs/round2_gated/ecbit_full_short_r20_s42.yaml,experiments/results/metrics/round2_gated/ecbit_full_short_r20_s42/best.pt,short,0.2,42,downsample_12h,0.16271863877773285,0.21642601490020752,0.4207165837287903,0.559615433216095,0.426583468914032,0.6644930243492126,0.055272169411182404,0.07306301593780518,0.21919964253902435,0.3196243345737457,0.25689810514450073,0.36664435267448425
ecbit_full_short_r20_s42,experiments/configs/round2_gated/ecbit_full_short_r20_s42.yaml,experiments/results/metrics/round2_gated/ecbit_full_short_r20_s42/best.pt,short,0.2,42,downsample_24h,0.18300656974315643,0.24517056345939636,0.4400802254676819,0.5837856531143188,0.4686405062675476,0.7225135564804077,0.06007390096783638,0.07902075350284576,0.24263568222522736,0.3544853925704956,0.2788873612880707,0.3969951868057251
ecbit_full_short_r20_s42,experiments/configs/round2_gated/ecbit_full_short_r20_s42.yaml,experiments/results/metrics/round2_gated/ecbit_full_short_r20_s42/best.pt,short,0.2,42,downsample_6h,0.1561155468225479,0.20757322013378143,0.41443461179733276,0.5523306131362915,0.41558435559272766,0.6508697867393494,0.05390341952443123,0.0714084580540657,0.21191725134849548,0.3091405928134918,0.25039106607437134,0.3582645356655121
ecbit_full_short_r20_s42,experiments/configs/round2_gated/ecbit_full_short_r20_s42.yaml,experiments/results/metrics/round2_gated/ecbit_full_short_r20_s42/best.pt,short,0.2,42,mask_P,0.1549077033996582,0.20626306533813477,0.4149341881275177,0.553142249584198,0.4164818525314331,0.6536228656768799,0.09224265068769455,0.1240551620721817,0.2119041383266449,0.3082258105278015,0.25809410214424133,0.36906182765960693
ecbit_full_short_r20_s42,experiments/configs/round2_gated/ecbit_full_short_r20_s42.yaml,experiments/results/metrics/round2_gated/ecbit_full_short_r20_s42/best.pt,short,0.2,42,mask_RH,0.15595002472400665,0.207330584526062,0.4800684154033661,0.6377641558647156,0.41446682810783386,0.6531249284744263,0.05339166522026062,0.0709155797958374,0.2110377997159958,0.30795636773109436,0.26298296451568604,0.3754183351993561
ecbit_full_short_r20_s42,experiments/configs/round2_gated/ecbit_full_short_r20_s42.yaml,experiments/results/metrics/round2_gated/ecbit_full_short_r20_s42/best.pt,short,0.2,42,mask_T,0.2777099311351776,0.372058242559433,0.42477867007255554,0.5603430867195129,0.41672441363334656,0.6535509824752808,0.05467281490564346,0.07235145568847656,0.21932558715343475,0.3153979182243347,0.27864229679107666,0.3947403132915497
ecbit_full_short_r20_s42,experiments/configs/round2_gated/ecbit_full_short_r20_s42.yaml,experiments/results/metrics/round2_gated/ecbit_full_short_r20_s42/best.pt,short,0.2,42,mask_q,0.1550886631011963,0.2062484472990036,0.41426533460617065,0.5525676608085632,0.41456836462020874,0.6504369974136353,0.054143354296684265,0.07171034812927246,0.29783201217651367,0.42640990018844604,0.26717954874038696,0.38147467374801636
ecbit_full_short_r20_s42,experiments/configs/round2_gated/ecbit_full_short_r20_s42.yaml,experiments/results/metrics/round2_gated/ecbit_full_short_r20_s42/best.pt,short,0.2,42,mask_wspd,0.15579918026924133,0.20707005262374878,0.4179851710796356,0.556830644607544,0.5526076555252075,0.8421986699104309,0.054706089198589325,0.07230626046657562,0.21071259677410126,0.3073776662349701,0.27836212515830994,0.39715665578842163
ecbit_full_short_r20_s43,experiments/configs/round2_gated/ecbit_full_short_r20_s43.yaml,experiments/results/metrics/round2_gated/ecbit_full_short_r20_s43/best.pt,short,0.2,43,baseline,0.15365511178970337,0.2052423655986786,0.41841834783554077,0.5583974719047546,0.41746288537979126,0.6655001640319824,0.05343141406774521,0.0700247585773468,0.20853473246097565,0.3040596544742584,0.25030046701431274,0.3606448769569397
ecbit_full_short_r20_s43,experiments/configs/round2_gated/ecbit_full_short_r20_s43.yaml,experiments/results/metrics/round2_gated/ecbit_full_short_r20_s43/best.pt,short,0.2,43,downsample_12h,0.16041894257068634,0.21416763961315155,0.42380189895629883,0.5648151636123657,0.4289007782936096,0.6803396344184875,0.05480191856622696,0.07175984233617783,0.21589650213718414,0.3151870667934418,0.2567640244960785,0.36925384402275085
ecbit_full_short_r20_s43,experiments/configs/round2_gated/ecbit_full_short_r20_s43.yaml,experiments/results/metrics/round2_gated/ecbit_full_short_r20_s43/best.pt,short,0.2,43,downsample_24h,0.17980684340000153,0.24149204790592194,0.4416053295135498,0.5876957178115845,0.46867477893829346,0.7333317399024963,0.0592537485063076,0.07751359045505524,0.2384193390607834,0.34878015518188477,0.2775519788265228,0.397762656211853
ecbit_full_short_r20_s43,experiments/configs/round2_gated/ecbit_full_short_r20_s43.yaml,experiments/results/metrics/round2_gated/ecbit_full_short_r20_s43/best.pt,short,0.2,43,downsample_6h,0.15458647906780243,0.2063501477241516,0.41872525215148926,0.55864417552948,0.4185449779033661,0.666829526424408,0.053597647696733475,0.07023894786834717,0.20925550162792206,0.30533239245414734,0.2509419918060303,0.3614790141582489
ecbit_full_short_r20_s43,experiments/configs/round2_gated/ecbit_full_short_r20_s43.yaml,experiments/results/metrics/round2_gated/ecbit_full_short_r20_s43/best.pt,short,0.2,43,mask_P,0.15396900475025177,0.20580866932868958,0.4191319942474365,0.5592260956764221,0.4187203049659729,0.6669195294380188,0.092288076877594,0.1236438900232315,0.20910118520259857,0.30445224046707153,0.2586421072483063,0.37201008200645447
ecbit_full_short_r20_s43,experiments/configs/round2_gated/ecbit_full_short_r20_s43.yaml,experiments/results/metrics/round2_gated/ecbit_full_short_r20_s43/best.pt,short,0.2,43,mask_RH,0.15420056879520416,0.20587550103664398,0.48294597864151,0.6421919465065002,0.4181585907936096,0.6679829955101013,0.05301416292786598,0.06959535926580429,0.20857670903205872,0.30396634340286255,0.26337921619415283,0.3779224455356598
ecbit_full_short_r20_s43,experiments/configs/round2_gated/ecbit_full_short_r20_s43.yaml,experiments/results/metrics/round2_gated/ecbit_full_short_r20_s43/best.pt,short,0.2,43,mask_T,0.27965548634529114,0.37435704469680786,0.42781564593315125,0.5657256841659546,0.4193446934223175,0.6691803336143494,0.05450409650802612,0.07125453650951385,0.21880489587783813,0.3144753575325012,0.2800249457359314,0.39899858832359314
ecbit_full_short_r20_s43,experiments/configs/round2_gated/ecbit_full_short_r20_s43.yaml,experiments/results/metrics/round2_gated/ecbit_full_short_r20_s43/best.pt,short,0.2,43,mask_q,0.1534942388534546,0.20495487749576569,0.41841861605644226,0.5586428046226501,0.41748756170272827,0.6652463674545288,0.05341173708438873,0.07002488523721695,0.29830703139305115,0.4258587956428528,0.2682238221168518,0.3849455416202545
ecbit_full_short_r20_s43,experiments/configs/round2_gated/ecbit_full_short_r20_s43.yaml,experiments/results/metrics/round2_gated/ecbit_full_short_r20_s43/best.pt,short,0.2,43,mask_wspd,0.15422049164772034,0.20605318248271942,0.42224258184432983,0.5626553297042847,0.5564298629760742,0.8528320789337158,0.053866274654865265,0.07055303454399109,0.2086649090051651,0.304055392742157,0.27908483147621155,0.39922982454299927
ecbit_full_short_r20_s44,experiments/configs/round2_gated/ecbit_full_short_r20_s44.yaml,experiments/results/metrics/round2_gated/ecbit_full_short_r20_s44/best.pt,short,0.2,44,baseline,0.15268072485923767,0.20260943472385406,0.41526561975479126,0.5543698668479919,0.41415509581565857,0.646946370601654,0.05433986335992813,0.07241994887590408,0.2092103362083435,0.30445265769958496,0.24913033843040466,0.35615965723991394
ecbit_full_short_r20_s44,experiments/configs/round2_gated/ecbit_full_short_r20_s44.yaml,experiments/results/metrics/round2_gated/ecbit_full_short_r20_s44/best.pt,short,0.2,44,downsample_12h,0.15970826148986816,0.21182255446910858,0.42123597860336304,0.5611772537231445,0.425831139087677,0.6615148782730103,0.05548061802983284,0.07390803843736649,0.21694879233837128,0.3160114884376526,0.2558409571647644,0.3648868501186371
ecbit_full_short_r20_s44,experiments/configs/round2_gated/ecbit_full_short_r20_s44.yaml,experiments/results/metrics/round2_gated/ecbit_full_short_r20_s44/best.pt,short,0.2,44,downsample_24h,0.17909930646419525,0.2393084615468979,0.4399861693382263,0.5849084854125977,0.4659084975719452,0.7167625427246094,0.05979279428720474,0.07950854301452637,0.23886825144290924,0.34837794303894043,0.2767309844493866,0.3937731981277466
ecbit_full_short_r20_s44,experiments/configs/round2_gated/ecbit_full_short_r20_s44.yaml,experiments/results/metrics/round2_gated/ecbit_full_short_r20_s44/best.pt,short,0.2,44,downsample_6h,0.15366269648075104,0.20372819900512695,0.4156627953052521,0.5546839833259583,0.4150768518447876,0.6476770639419556,0.054434578865766525,0.07255725562572479,0.2101031392812729,0.3058273494243622,0.24978800117969513,0.35689476132392883
ecbit_full_short_r20_s44,experiments/configs/round2_gated/ecbit_full_short_r20_s44.yaml,experiments/results/metrics/round2_gated/ecbit_full_short_r20_s44/best.pt,short,0.2,44,mask_P,0.15312781929969788,0.20323681831359863,0.41598275303840637,0.5548198223114014,0.41458410024642944,0.6476613283157349,0.09150664508342743,0.12447842955589294,0.20992343127727509,0.30509430170059204,0.25702494382858276,0.367058128118515
ecbit_full_short_r20_s44,experiments/configs/round2_gated/ecbit_full_short_r20_s44.yaml,experiments/results/metrics/round2_gated/ecbit_full_short_r20_s44/best.pt,short,0.2,44,mask_RH,0.15311644971370697,0.20318244397640228,0.47789886593818665,0.6348925232887268,0.4159339666366577,0.6521245837211609,0.05423140153288841,0.07243276387453079,0.20949965715408325,0.3049924373626709,0.2621360719203949,0.3735249638557434
ecbit_full_short_r20_s44,experiments/configs/round2_gated/ecbit_full_short_r20_s44.yaml,experiments/results/metrics/round2_gated/ecbit_full_short_r20_s44/best.pt,short,0.2,44,mask_T,0.2727195918560028,0.36796310544013977,0.4258604645729065,0.5624808073043823,0.4158071279525757,0.6494738459587097,0.05500485748052597,0.07337969541549683,0.21815721690654755,0.31290900707244873,0.2775098383426666,0.3932413160800934
ecbit_full_short_r20_s44,experiments/configs/round2_gated/ecbit_full_short_r20_s44.yaml,experiments/results/metrics/round2_gated/ecbit_full_short_r20_s44/best.pt,short,0.2,44,mask_q,0.15256059169769287,0.20233844220638275,0.4154456853866577,0.5544816255569458,0.4141872227191925,0.6475117206573486,0.05471036955714226,0.07292185723781586,0.2964698076248169,0.4228338301181793,0.2666747272014618,0.38001748919487
ecbit_full_short_r20_s44,experiments/configs/round2_gated/ecbit_full_short_r20_s44.yaml,experiments/results/metrics/round2_gated/ecbit_full_short_r20_s44/best.pt,short,0.2,44,mask_wspd,0.15310615301132202,0.20336440205574036,0.41901424527168274,0.5590933561325073,0.5533647537231445,0.8419240713119507,0.054913125932216644,0.073074571788311,0.2091137021780014,0.3045068681240082,0.27790242433547974,0.3963926434516907
ecbit_full_short_r40_s42,experiments/configs/round2_gated/ecbit_full_short_r40_s42.yaml,experiments/results/metrics/round2_gated/ecbit_full_short_r40_s42/best.pt,short,0.4,42,baseline,0.1512417495250702,0.2022562026977539,0.4116920828819275,0.5521613359451294,0.41268232464790344,0.649533212184906,0.0512460321187973,0.06843478977680206,0.20816344022750854,0.30236417055130005,0.2470051348209381,0.3549499809741974
ecbit_full_short_r40_s42,experiments/configs/round2_gated/ecbit_full_short_r40_s42.yaml,experiments/results/metrics/round2_gated/ecbit_full_short_r40_s42/best.pt,short,0.4,42,downsample_12h,0.15913836658000946,0.21217499673366547,0.41893044114112854,0.5603234767913818,0.4258885681629181,0.6657745838165283,0.05274897813796997,0.07032442837953568,0.21657641232013702,0.3149305284023285,0.2546565532684326,0.3647056221961975
ecbit_full_short_r40_s42,experiments/configs/round2_gated/ecbit_full_short_r40_s42.yaml,experiments/results/metrics/round2_gated/ecbit_full_short_r40_s42/best.pt,short,0.4,42,downsample_24h,0.1803964525461197,0.2421901375055313,0.4408002197742462,0.5874406695365906,0.4703713357448578,0.7289677858352661,0.05790126323699951,0.07671894878149033,0.24067768454551697,0.35088321566581726,0.2780293822288513,0.39724016189575195
ecbit_full_short_r40_s42,experiments/configs/round2_gated/ecbit_full_short_r40_s42.yaml,experiments/results/metrics/round2_gated/ecbit_full_short_r40_s42/best.pt,short,0.4,42,downsample_6h,0.1524171233177185,0.20351843535900116,0.41218772530555725,0.5524181723594666,0.41380104422569275,0.6507204174995422,0.051399651914834976,0.06864989548921585,0.20917880535125732,0.3038938045501709,0.247796893119812,0.35584014654159546
ecbit_full_short_r40_s42,experiments/configs/round2_gated/ecbit_full_short_r40_s42.yaml,experiments/results/metrics/round2_gated/ecbit_full_short_r40_s42/best.pt,short,0.4,42,mask_P,0.15211622416973114,0.2033863067626953,0.4143911302089691,0.5547385215759277,0.42032375931739807,0.6647974252700806,0.10636249929666519,0.14972782135009766,0.20982982218265533,0.3041243553161621,0.2606046795845032,0.3753548860549927
ecbit_full_short_r40_s42,experiments/configs/round2_gated/ecbit_full_short_r40_s42.yaml,experiments/results/metrics/round2_gated/ecbit_full_short_r40_s42/best.pt,short,0.4,42,mask_RH,0.15302197635173798,0.20447182655334473,0.4811219871044159,0.6411670446395874,0.4142211079597473,0.652201235294342,0.05197754502296448,0.06960099935531616,0.20852801203727722,0.3035280704498291,0.26177412271499634,0.37419384717941284
ecbit_full_short_r40_s42,experiments/configs/round2_gated/ecbit_full_short_r40_s42.yaml,experiments/results/metrics/round2_gated/ecbit_full_short_r40_s42/best.pt,short,0.4,42,mask_T,0.29892048239707947,0.4000419080257416,0.4254547357559204,0.5620209574699402,0.4173251986503601,0.6578572392463684,0.051897190511226654,0.06959091871976852,0.21854735910892487,0.3124334216117859,0.2824290096759796,0.4003888666629791
ecbit_full_short_r40_s42,experiments/configs/round2_gated/ecbit_full_short_r40_s42.yaml,experiments/results/metrics/round2_gated/ecbit_full_short_r40_s42/best.pt,short,0.4,42,mask_q,0.1509881615638733,0.2019752711057663,0.41238677501678467,0.5529348254203796,0.41569894552230835,0.6555597186088562,0.05175009369850159,0.06935012340545654,0.31346169114112854,0.4463432729244232,0.26885712146759033,0.3852326571941376
ecbit_full_short_r40_s42,experiments/configs/round2_gated/ecbit_full_short_r40_s42.yaml,experiments/results/metrics/round2_gated/ecbit_full_short_r40_s42/best.pt,short,0.4,42,mask_wspd,0.15235617756843567,0.20349539816379547,0.41774439811706543,0.5597482323646545,0.5587054491043091,0.8464146852493286,0.05177781358361244,0.0692865252494812,0.20794661343097687,0.30217933654785156,0.2777060866355896,0.39622482657432556
ecbit_full_short_r40_s43,experiments/configs/round2_gated/ecbit_full_short_r40_s43.yaml,experiments/results/metrics/round2_gated/ecbit_full_short_r40_s43/best.pt,short,0.4,43,baseline,0.15170633792877197,0.20193849503993988,0.41340547800064087,0.5545209646224976,0.4152470529079437,0.6565349698066711,0.05071548372507095,0.0669294074177742,0.20746450126171112,0.30295735597610474,0.2477077692747116,0.35657623410224915
ecbit_full_short_r40_s43,experiments/configs/round2_gated/ecbit_full_short_r40_s43.yaml,experiments/results/metrics/round2_gated/ecbit_full_short_r40_s43/best.pt,short,0.4,43,downsample_12h,0.15891525149345398,0.21110118925571442,0.41993778944015503,0.562105655670166,0.4267101287841797,0.6722095012664795,0.052300240844488144,0.06884216517210007,0.21518361568450928,0.31452447175979614,0.2546094059944153,0.3657566010951996
ecbit_full_short_r40_s43,experiments/configs/round2_gated/ecbit_full_short_r40_s43.yaml,experiments/results/metrics/round2_gated/ecbit_full_short_r40_s43/best.pt,short,0.4,43,downsample_24h,0.1785578727722168,0.23890480399131775,0.44053229689598083,0.5879161953926086,0.46905821561813354,0.7324321866035461,0.057341739535331726,0.07510647177696228,0.23787865042686462,0.3485858142375946,0.27667373418807983,0.39658910036087036
ecbit_full_short_r40_s43,experiments/configs/round2_gated/ecbit_full_short_r40_s43.yaml,experiments/results/metrics/round2_gated/ecbit_full_short_r40_s43/best.pt,short,0.4,43,downsample_6h,0.15273869037628174,0.20304159820079803,0.4138021469116211,0.5548291802406311,0.41617581248283386,0.6578754186630249,0.050909172743558884,0.06716413050889969,0.20830611884593964,0.30427786707878113,0.24838638305664062,0.3574376404285431
ecbit_full_short_r40_s43,experiments/configs/round2_gated/ecbit_full_short_r40_s43.yaml,experiments/results/metrics/round2_gated/ecbit_full_short_r40_s43/best.pt,short,0.4,43,mask_P,0.15264075994491577,0.20313912630081177,0.41734495759010315,0.5585572719573975,0.42690539360046387,0.6807430386543274,0.1024797260761261,0.14029593765735626,0.20913594961166382,0.3047361373901367,0.2617013454437256,0.37749427556991577
ecbit_full_short_r40_s43,experiments/configs/round2_gated/ecbit_full_short_r40_s43.yaml,experiments/results/metrics/round2_gated/ecbit_full_short_r40_s43/best.pt,short,0.4,43,mask_RH,0.15314984321594238,0.20402823388576508,0.48319074511528015,0.6435622572898865,0.41342177987098694,0.6598190069198608,0.05052587017416954,0.06663230806589127,0.207872673869133,0.3040061295032501,0.26163217425346375,0.3756095767021179
ecbit_full_short_r40_s43,experiments/configs/round2_gated/ecbit_full_short_r40_s43.yaml,experiments/results/metrics/round2_gated/ecbit_full_short_r40_s43/best.pt,short,0.4,43,mask_T,0.29088008403778076,0.3926853835582733,0.4274134039878845,0.5645506381988525,0.42427900433540344,0.6691566109657288,0.05178644135594368,0.06839510798454285,0.2194567769765854,0.3146219253540039,0.28276315331459045,0.4018819332122803
ecbit_full_short_r40_s43,experiments/configs/round2_gated/ecbit_full_short_r40_s43.yaml,experiments/results/metrics/round2_gated/ecbit_full_short_r40_s43/best.pt,short,0.4,43,mask_q,0.15240344405174255,0.20257242023944855,0.4144313633441925,0.555770754814148,0.41605138778686523,0.6579084992408752,0.051192402839660645,0.0676308125257492,0.30980557203292847,0.43900585174560547,0.2687768340110779,0.3845776617527008
ecbit_full_short_r40_s43,experiments/configs/round2_gated/ecbit_full_short_r40_s43.yaml,experiments/results/metrics/round2_gated/ecbit_full_short_r40_s43/best.pt,short,0.4,43,mask_wspd,0.15258505940437317,0.20308445394039154,0.4197383522987366,0.5616490840911865,0.5635106563568115,0.862766683101654,0.05155566707253456,0.06802835315465927,0.20772618055343628,0.3032444417476654,0.2790231704711914,0.3997545838356018
ecbit_full_short_r40_s44,experiments/configs/round2_gated/ecbit_full_short_r40_s44.yaml,experiments/results/metrics/round2_gated/ecbit_full_short_r40_s44/best.pt,short,0.4,44,baseline,0.15086181461811066,0.20156575739383698,0.41334784030914307,0.5542886257171631,0.40954652428627014,0.6458039283752441,0.049578871577978134,0.06535854190587997,0.20588801801204681,0.3009406626224518,0.24584463238716125,0.3535915017127991
ecbit_full_short_r40_s44,experiments/configs/round2_gated/ecbit_full_short_r40_s44.yaml,experiments/results/metrics/round2_gated/ecbit_full_short_r40_s44/best.pt,short,0.4,44,downsample_12h,0.15851445496082306,0.21124160289764404,0.4202045202255249,0.5622721314430237,0.42112666368484497,0.6594377756118774,0.05100039020180702,0.067110076546669,0.21428729593753815,0.31348752975463867,0.25302666425704956,0.36270982027053833
ecbit_full_short_r40_s44,experiments/configs/round2_gated/ecbit_full_short_r40_s44.yaml,experiments/results/metrics/round2_gated/ecbit_full_short_r40_s44/best.pt,short,0.4,44,downsample_24h,0.17891111969947815,0.24024146795272827,0.4404127895832062,0.5878042578697205,0.46357282996177673,0.7180744409561157,0.05598103255033493,0.07338360697031021,0.2368709146976471,0.3471648395061493,0.27514976263046265,0.39333370327949524
ecbit_full_short_r40_s44,experiments/configs/round2_gated/ecbit_full_short_r40_s44.yaml,experiments/results/metrics/round2_gated/ecbit_full_short_r40_s44/best.pt,short,0.4,44,downsample_6h,0.15195591747760773,0.20274579524993896,0.4137876331806183,0.5547034740447998,0.4102013409137726,0.6460077166557312,0.04972509294748306,0.06553388386964798,0.2068628966808319,0.3023841977119446,0.24650657176971436,0.35427504777908325
ecbit_full_short_r40_s44,experiments/configs/round2_gated/ecbit_full_short_r40_s44.yaml,experiments/results/metrics/round2_gated/ecbit_full_short_r40_s44/best.pt,short,0.4,44,mask_P,0.15110377967357635,0.20187808573246002,0.41559964418411255,0.5563102960586548,0.4167288839817047,0.6563085317611694,0.09889516979455948,0.1351621150970459,0.20780734717845917,0.30261343717575073,0.25802695751190186,0.37045449018478394
ecbit_full_short_r40_s44,experiments/configs/round2_gated/ecbit_full_short_r40_s44.yaml,experiments/results/metrics/round2_gated/ecbit_full_short_r40_s44/best.pt,short,0.4,44,mask_RH,0.15224426984786987,0.20329329371452332,0.4820180833339691,0.641113817691803,0.414276659488678,0.6532745957374573,0.04940496385097504,0.06516941636800766,0.20663189888000488,0.3017471432685852,0.2609151601791382,0.37291961908340454
ecbit_full_short_r40_s44,experiments/configs/round2_gated/ecbit_full_short_r40_s44.yaml,experiments/results/metrics/round2_gated/ecbit_full_short_r40_s44/best.pt,short,0.4,44,mask_T,0.29263314604759216,0.39309370517730713,0.4270302355289459,0.5643976926803589,0.41346293687820435,0.6531361937522888,0.04994276538491249,0.06585337966680527,0.21433863043785095,0.3103192448616028,0.27948155999183655,0.39736002683639526
ecbit_full_short_r40_s44,experiments/configs/round2_gated/ecbit_full_short_r40_s44.yaml,experiments/results/metrics/round2_gated/ecbit_full_short_r40_s44/best.pt,short,0.4,44,mask_q,0.15148784220218658,0.2022348791360855,0.4143604636192322,0.555309534072876,0.4097561240196228,0.649002194404602,0.04987127706408501,0.06572222709655762,0.3007945716381073,0.4330545663833618,0.26525408029556274,0.38106468319892883
ecbit_full_short_r40_s44,experiments/configs/round2_gated/ecbit_full_short_r40_s44.yaml,experiments/results/metrics/round2_gated/ecbit_full_short_r40_s44/best.pt,short,0.4,44,mask_wspd,0.15198063850402832,0.20289291441440582,0.4200291037559509,0.5612238049507141,0.5621154308319092,0.8546387553215027,0.050383009016513824,0.06634192913770676,0.20584475994110107,0.30103906989097595,0.2780705690383911,0.39722728729248047
ecbit_full_short_r60_s42,experiments/configs/round2_gated/ecbit_full_short_r60_s42.yaml,experiments/results/metrics/round2_gated/ecbit_full_short_r60_s42/best.pt,short,0.6,42,baseline,0.1520475149154663,0.20344792306423187,0.41953006386756897,0.5604671239852905,0.4151725769042969,0.655697226524353,0.049740102142095566,0.0647989958524704,0.20673808455467224,0.3028770983219147,0.24864566326141357,0.3574576675891876
ecbit_full_short_r60_s42,experiments/configs/round2_gated/ecbit_full_short_r60_s42.yaml,experiments/results/metrics/round2_gated/ecbit_full_short_r60_s42/best.pt,short,0.6,42,downsample_12h,0.1606375128030777,0.21375663578510284,0.42754796147346497,0.5697116851806641,0.4276581108570099,0.6713082790374756,0.05125851929187775,0.06675220280885696,0.21628901362419128,0.3171495795249939,0.2566782236099243,0.36773568391799927
ecbit_full_short_r60_s42,experiments/configs/round2_gated/ecbit_full_short_r60_s42.yaml,experiments/results/metrics/round2_gated/ecbit_full_short_r60_s42/best.pt,short,0.6,42,downsample_24h,0.18093585968017578,0.24252040684223175,0.4484778046607971,0.5958554148674011,0.47144895792007446,0.7343447804450989,0.05615773797035217,0.07308560609817505,0.2399379312992096,0.35312193632125854,0.27939164638519287,0.3997856080532074
ecbit_full_short_r60_s42,experiments/configs/round2_gated/ecbit_full_short_r60_s42.yaml,experiments/results/metrics/round2_gated/ecbit_full_short_r60_s42/best.pt,short,0.6,42,downsample_6h,0.153392031788826,0.2047886848449707,0.42021265625953674,0.5610451698303223,0.41611361503601074,0.6565414667129517,0.049944695085287094,0.0650663748383522,0.2080266773700714,0.30481910705566406,0.24953791499137878,0.3584521412849426
ecbit_full_short_r60_s42,experiments/configs/round2_gated/ecbit_full_short_r60_s42.yaml,experiments/results/metrics/round2_gated/ecbit_full_short_r60_s42/best.pt,short,0.6,42,mask_P,0.15481172502040863,0.20697303116321564,0.4225446581840515,0.5640611052513123,0.45636752247810364,0.7358677983283997,0.1199147179722786,0.1742895245552063,0.2110949456691742,0.3059536814689636,0.27294671535491943,0.3974289894104004
ecbit_full_short_r60_s42,experiments/configs/round2_gated/ecbit_full_short_r60_s42.yaml,experiments/results/metrics/round2_gated/ecbit_full_short_r60_s42/best.pt,short,0.6,42,mask_RH,0.15328580141067505,0.2051738202571869,0.4936828017234802,0.6531773209571838,0.4257117807865143,0.6703514456748962,0.050287164747714996,0.06567002087831497,0.20713093876838684,0.3040183186531067,0.26601967215538025,0.3796781897544861
ecbit_full_short_r60_s42,experiments/configs/round2_gated/ecbit_full_short_r60_s42.yaml,experiments/results/metrics/round2_gated/ecbit_full_short_r60_s42/best.pt,short,0.6,42,mask_T,0.3363726735115051,0.44081196188926697,0.43572068214416504,0.5734103918075562,0.4191836416721344,0.6639517545700073,0.0515921525657177,0.06746082007884979,0.2228148877620697,0.3201364278793335,0.2931367754936218,0.413154274225235
ecbit_full_short_r60_s42,experiments/configs/round2_gated/ecbit_full_short_r60_s42.yaml,experiments/results/metrics/round2_gated/ecbit_full_short_r60_s42/best.pt,short,0.6,42,mask_q,0.15349210798740387,0.20545455813407898,0.4204963147640228,0.5613834857940674,0.4210037291049957,0.668510913848877,0.05051414296030998,0.0661991536617279,0.3371565639972687,0.47984209656715393,0.2765325605869293,0.39627805352211
ecbit_full_short_r60_s42,experiments/configs/round2_gated/ecbit_full_short_r60_s42.yaml,experiments/results/metrics/round2_gated/ecbit_full_short_r60_s42/best.pt,short,0.6,42,mask_wspd,0.15499894320964813,0.2068147361278534,0.4274498522281647,0.5695064663887024,0.5820139646530151,0.8874608874320984,0.05225856602191925,0.06779385358095169,0.2080179899930954,0.30393046140670776,0.28494787216186523,0.4071013033390045
ecbit_full_short_r60_s43,experiments/configs/round2_gated/ecbit_full_short_r60_s43.yaml,experiments/results/metrics/round2_gated/ecbit_full_short_r60_s43/best.pt,short,0.6,43,baseline,0.151250958442688,0.20243194699287415,0.4191979765892029,0.5614108443260193,0.414545476436615,0.6543988585472107,0.05068809539079666,0.0652976706624031,0.20709677040576935,0.30403047800064087,0.24855586886405945,0.357513964176178
ecbit_full_short_r60_s43,experiments/configs/round2_gated/ecbit_full_short_r60_s43.yaml,experiments/results/metrics/round2_gated/ecbit_full_short_r60_s43/best.pt,short,0.6,43,downsample_12h,0.1597447395324707,0.2129790335893631,0.4254970848560333,0.5686100125312805,0.42576363682746887,0.6688070893287659,0.05227697268128395,0.06728430092334747,0.21551775932312012,0.3163183629512787,0.2557600140571594,0.3667997717857361
ecbit_full_short_r60_s43,experiments/configs/round2_gated/ecbit_full_short_r60_s43.yaml,experiments/results/metrics/round2_gated/ecbit_full_short_r60_s43/best.pt,short,0.6,43,downsample_24h,0.17979389429092407,0.24138851463794708,0.4455465078353882,0.5937164425849915,0.4661533534526825,0.7252314686775208,0.056977465748786926,0.07330254465341568,0.23829714953899384,0.3496462404727936,0.2773537039756775,0.3966570496559143
ecbit_full_short_r60_s43,experiments/configs/round2_gated/ecbit_full_short_r60_s43.yaml,experiments/results/metrics/round2_gated/ecbit_full_short_r60_s43/best.pt,short,0.6,43,downsample_6h,0.15272954106330872,0.20401175320148468,0.41961365938186646,0.5616633892059326,0.415365070104599,0.6554391980171204,0.05091148614883423,0.06557340174913406,0.20811213552951813,0.3054617643356323,0.24934640526771545,0.3584299087524414
ecbit_full_short_r60_s43,experiments/configs/round2_gated/ecbit_full_short_r60_s43.yaml,experiments/results/metrics/round2_gated/ecbit_full_short_r60_s43/best.pt,short,0.6,43,mask_P,0.15404637157917023,0.2056436836719513,0.4227348566055298,0.5647198557853699,0.4568115472793579,0.7398316264152527,0.12335515022277832,0.1821666955947876,0.21066103875637054,0.30725929141044617,0.2735218107700348,0.39992424845695496
ecbit_full_short_r60_s43,experiments/configs/round2_gated/ecbit_full_short_r60_s43.yaml,experiments/results/metrics/round2_gated/ecbit_full_short_r60_s43/best.pt,short,0.6,43,mask_RH,0.15237556397914886,0.20403657853603363,0.4903389811515808,0.6508672833442688,0.4227408766746521,0.66566401720047,0.05094074457883835,0.06564012169837952,0.20821914076805115,0.3054005801677704,0.2649230360984802,0.37832170724868774
ecbit_full_short_r60_s43,experiments/configs/round2_gated/ecbit_full_short_r60_s43.yaml,experiments/results/metrics/round2_gated/ecbit_full_short_r60_s43/best.pt,short,0.6,43,mask_T,0.3285389244556427,0.4374021887779236,0.43595659732818604,0.5739291906356812,0.4246445298194885,0.6694836020469666,0.05212096869945526,0.06744242459535599,0.2214595526456833,0.31966403126716614,0.29254409670829773,0.41358429193496704
ecbit_full_short_r60_s43,experiments/configs/round2_gated/ecbit_full_short_r60_s43.yaml,experiments/results/metrics/round2_gated/ecbit_full_short_r60_s43/best.pt,short,0.6,43,mask_q,0.15350046753883362,0.20521211624145508,0.42046821117401123,0.5627065896987915,0.4175935983657837,0.6597935557365417,0.05222821608185768,0.06757150590419769,0.338596373796463,0.4813799262046814,0.2764773964881897,0.3953327536582947
ecbit_full_short_r60_s43,experiments/configs/round2_gated/ecbit_full_short_r60_s43.yaml,experiments/results/metrics/round2_gated/ecbit_full_short_r60_s43/best.pt,short,0.6,43,mask_wspd,0.15291431546211243,0.20434345304965973,0.4277340769767761,0.5698902010917664,0.5781979560852051,0.883564293384552,0.05186380818486214,0.06675007194280624,0.20754966139793396,0.30445462465286255,0.2836519479751587,0.4058005213737488
ecbit_full_short_r60_s44,experiments/configs/round2_gated/ecbit_full_short_r60_s44.yaml,experiments/results/metrics/round2_gated/ecbit_full_short_r60_s44/best.pt,short,0.6,44,baseline,0.15210402011871338,0.2044675499200821,0.42131057381629944,0.5633239150047302,0.4138975143432617,0.6509928703308105,0.049997955560684204,0.064421646296978,0.20701676607131958,0.30295002460479736,0.24886536598205566,0.3572311997413635
ecbit_full_short_r60_s44,experiments/configs/round2_gated/ecbit_full_short_r60_s44.yaml,experiments/results/metrics/round2_gated/ecbit_full_short_r60_s44/best.pt,short,0.6,44,downsample_12h,0.16068361699581146,0.214945450425148,0.4284478724002838,0.5715279579162598,0.42555922269821167,0.6656700372695923,0.051459670066833496,0.06628409028053284,0.21604298055171967,0.3163573443889618,0.256438672542572,0.3669569790363312
ecbit_full_short_r60_s44,experiments/configs/round2_gated/ecbit_full_short_r60_s44.yaml,experiments/results/metrics/round2_gated/ecbit_full_short_r60_s44/best.pt,short,0.6,44,downsample_24h,0.18113642930984497,0.24382266402244568,0.44888731837272644,0.5972406268119812,0.46699199080467224,0.7240428924560547,0.05618542060256004,0.07243546843528748,0.23888984322547913,0.3510575592517853,0.2784181833267212,0.3977198302745819
ecbit_full_short_r60_s44,experiments/configs/round2_gated/ecbit_full_short_r60_s44.yaml,experiments/results/metrics/round2_gated/ecbit_full_short_r60_s44/best.pt,short,0.6,44,downsample_6h,0.15350311994552612,0.20588672161102295,0.42184770107269287,0.563765287399292,0.4147438108921051,0.6518081426620483,0.05019698292016983,0.06467052549123764,0.20818844437599182,0.304634153842926,0.2496960163116455,0.35815298557281494
ecbit_full_short_r60_s44,experiments/configs/round2_gated/ecbit_full_short_r60_s44.yaml,experiments/results/metrics/round2_gated/ecbit_full_short_r60_s44/best.pt,short,0.6,44,mask_P,0.1547267884016037,0.20732122659683228,0.4258238971233368,0.5668869018554688,0.4372619092464447,0.6939556002616882,0.11818786710500717,0.1725292056798935,0.20935435593128204,0.30537837743759155,0.26907098293304443,0.38921427726745605
ecbit_full_short_r60_s44,experiments/configs/round2_gated/ecbit_full_short_r60_s44.yaml,experiments/results/metrics/round2_gated/ecbit_full_short_r60_s44/best.pt,short,0.6,44,mask_RH,0.15336374938488007,0.20614780485630035,0.4959413409233093,0.6574181914329529,0.4255325496196747,0.6654946804046631,0.04984090104699135,0.06424694508314133,0.20867249369621277,0.30475935339927673,0.26667019724845886,0.37961339950561523
ecbit_full_short_r60_s44,experiments/configs/round2_gated/ecbit_full_short_r60_s44.yaml,experiments/results/metrics/round2_gated/ecbit_full_short_r60_s44/best.pt,short,0.6,44,mask_T,0.3510863482952118,0.4579160213470459,0.4389294683933258,0.5768852829933167,0.41856780648231506,0.6619194149971008,0.05129125714302063,0.06606565415859222,0.21829144656658173,0.31695738434791565,0.2956332564353943,0.4159487187862396
ecbit_full_short_r60_s44,experiments/configs/round2_gated/ecbit_full_short_r60_s44.yaml,experiments/results/metrics/round2_gated/ecbit_full_short_r60_s44/best.pt,short,0.6,44,mask_q,0.1527516394853592,0.20548707246780396,0.4224245846271515,0.5645599365234375,0.4154013693332672,0.6553860306739807,0.05010244995355606,0.06457651406526566,0.3247072994709015,0.46918195486068726,0.27307745814323425,0.39183828234672546
ecbit_full_short_r60_s44,experiments/configs/round2_gated/ecbit_full_short_r60_s44.yaml,experiments/results/metrics/round2_gated/ecbit_full_short_r60_s44/best.pt,short,0.6,44,mask_wspd,0.15314194560050964,0.20565898716449738,0.42883357405662537,0.5707780122756958,0.5764765739440918,0.8727738857269287,0.05146310105919838,0.06629404425621033,0.2074938416481018,0.3034176826477051,0.28348180651664734,0.40378451347351074
