station,station_id,station_group,window_local_index,variable,variable_label,start_time,end_time,gap_steps,gap_days,left_jump_raw,right_jump_raw,mean_boundary_jump_raw,slope_difference_raw_per_day
Butcher Ridge,butcher_ridge,heldout,701,wspd,Wind speed (m/s),2019-06-04T00:00:00.000000000,2019-06-11T06:00:00.000000000,59,7.375,7.323293400165767,2.448938204251533,4.88611580220865,1.3008675028471544
Butcher Ridge,butcher_ridge,heldout,702,wspd,Wind speed (m/s),2019-06-04T00:00:00.000000000,2019-06-11T06:00:00.000000000,59,7.375,7.323293400165767,2.448938204251533,4.88611580220865,1.3008675028471544
Butcher Ridge,butcher_ridge,heldout,703,wspd,Wind speed (m/s),2019-06-13T12:00:00.000000000,2019-06-23T12:00:00.000000000,81,10.125,5.267592501328409,0.28386915069074803,2.7757308260095783,0.48427013200321767
Butcher Ridge,butcher_ridge,heldout,704,wspd,Wind speed (m/s),2019-06-13T12:00:00.000000000,2019-06-23T12:00:00.000000000,81,10.125,5.267592501328409,0.28386915069074803,2.7757308260095783,0.48427013200321767
Butcher Ridge,butcher_ridge,heldout,705,wspd,Wind speed (m/s),2019-07-03T21:00:00.000000000,2019-07-06T21:00:00.000000000,25,3.125,0.3469056395890675,7.969778963308727,4.158342301448897,2.5493390163618983
Butcher Ridge,butcher_ridge,heldout,706,wspd,Wind speed (m/s),2019-07-03T21:00:00.000000000,2019-07-06T21:00:00.000000000,25,3.125,0.3469056395890675,7.969778963308727,4.158342301448897,2.5493390163618983
Butcher Ridge,butcher_ridge,heldout,707,wspd,Wind speed (m/s),2019-07-03T21:00:00.000000000,2019-07-06T21:00:00.000000000,25,3.125,0.3469056395890675,7.969778963308727,4.158342301448897,2.5493390163618983
Butcher Ridge,butcher_ridge,heldout,708,wspd,Wind speed (m/s),2019-07-03T21:00:00.000000000,2019-07-06T21:00:00.000000000,25,3.125,0.3469056395890675,7.969778963308727,4.158342301448897,2.5493390163618983
Butcher Ridge,butcher_ridge,heldout,708,wspd,Wind speed (m/s),2019-07-17T12:00:00.000000000,2019-07-24T06:00:00.000000000,55,6.875,5.133167665915835,11.164219848977154,8.148693757446495,0.8465946282617551
Butcher Ridge,butcher_ridge,heldout,709,wspd,Wind speed (m/s),2019-07-17T12:00:00.000000000,2019-07-24T06:00:00.000000000,55,6.875,5.133167665915835,11.164219848977154,8.148693757446495,0.8465946282617551
Butcher Ridge,butcher_ridge,heldout,710,wspd,Wind speed (m/s),2019-07-17T12:00:00.000000000,2019-07-24T06:00:00.000000000,55,6.875,5.133167665915835,11.164219848977154,8.148693757446495,0.8465946282617551
Butcher Ridge,butcher_ridge,heldout,711,wspd,Wind speed (m/s),2019-07-31T06:00:00.000000000,2019-08-06T00:00:00.000000000,47,5.875,4.50600032357238,4.362246197953937,4.434123260763158,0.0365255290529376
Butcher Ridge,butcher_ridge,heldout,712,wspd,Wind speed (m/s),2019-07-31T06:00:00.000000000,2019-08-06T00:00:00.000000000,47,5.875,4.50600032357238,4.362246197953937,4.434123260763158,0.0365255290529376
Butcher Ridge,butcher_ridge,heldout,713,wspd,Wind speed (m/s),2019-07-31T06:00:00.000000000,2019-08-06T00:00:00.000000000,47,5.875,4.50600032357238,4.362246197953937,4.434123260763158,0.0365255290529376
Butcher Ridge,butcher_ridge,heldout,720,wspd,Wind speed (m/s),2019-09-18T12:00:00.000000000,2019-09-23T00:00:00.000000000,37,4.625,0.2999720993890378,6.271979820697197,3.2859759600431175,1.1933788800923253
Butcher Ridge,butcher_ridge,heldout,721,wspd,Wind speed (m/s),2019-09-18T12:00:00.000000000,2019-09-23T00:00:00.000000000,37,4.625,0.2999720993890378,6.271979820697197,3.2859759600431175,1.1933788800923253
Butcher Ridge,butcher_ridge,heldout,722,wspd,Wind speed (m/s),2019-09-18T12:00:00.000000000,2019-09-23T00:00:00.000000000,37,4.625,0.2999720993890378,6.271979820697197,3.2859759600431175,1.1933788800923253
Butcher Ridge,butcher_ridge,heldout,755,wspd,Wind speed (m/s),2020-03-22T12:00:00.000000000,2020-03-25T21:00:00.000000000,28,3.5,6.02213437678256,1.9812229410827058,4.001678658932633,2.178298736606507
Butcher Ridge,butcher_ridge,heldout,756,wspd,Wind speed (m/s),2020-03-22T12:00:00.000000000,2020-03-25T21:00:00.000000000,28,3.5,6.02213437678256,1.9812229410827058,4.001678658932633,2.178298736606507
Butcher Ridge,butcher_ridge,heldout,757,wspd,Wind speed (m/s),2020-03-22T12:00:00.000000000,2020-03-25T21:00:00.000000000,28,3.5,6.02213437678256,1.9812229410827058,4.001678658932633,2.178298736606507
Butcher Ridge,butcher_ridge,heldout,758,wspd,Wind speed (m/s),2020-03-22T12:00:00.000000000,2020-03-25T21:00:00.000000000,28,3.5,6.02213437678256,1.9812229410827058,4.001678658932633,2.178298736606507
Butcher Ridge,butcher_ridge,heldout,760,wspd,Wind speed (m/s),2020-04-14T06:00:00.000000000,2020-04-19T00:00:00.000000000,39,4.875,4.125830956367963,4.1845053991128225,4.155168177740393,0.024856240537729946
Butcher Ridge,butcher_ridge,heldout,761,wspd,Wind speed (m/s),2020-04-14T06:00:00.000000000,2020-04-19T00:00:00.000000000,39,4.875,4.125830956367963,4.1845053991128225,4.155168177740393,0.024856240537729946
Butcher Ridge,butcher_ridge,heldout,762,wspd,Wind speed (m/s),2020-04-14T06:00:00.000000000,2020-04-19T00:00:00.000000000,39,4.875,4.125830956367963,4.1845053991128225,4.155168177740393,0.024856240537729946
Butcher Ridge,butcher_ridge,heldout,764,wspd,Wind speed (m/s),2020-05-05T15:00:00.000000000,2020-05-13T12:00:00.000000000,64,8.0,1.4563859539416626,2.8275719450925862,2.1419789495171244,0.5208794217747794
Butcher Ridge,butcher_ridge,heldout,765,wspd,Wind speed (m/s),2020-05-05T15:00:00.000000000,2020-05-13T12:00:00.000000000,64,8.0,1.4563859539416626,2.8275719450925862,2.1419789495171244,0.5208794217747794
Butcher Ridge,butcher_ridge,heldout,766,wspd,Wind speed (m/s),2020-05-05T15:00:00.000000000,2020-05-13T12:00:00.000000000,64,8.0,1.4563859539416626,2.8275719450925862,2.1419789495171244,0.5208794217747794
Butcher Ridge,butcher_ridge,heldout,766,wspd,Wind speed (m/s),2020-05-15T00:00:00.000000000,2020-05-21T00:00:00.000000000,49,6.125,0.8644226441929277,1.108906610800375,0.9866646274966513,0.03893616461214311
Butcher Ridge,butcher_ridge,heldout,767,wspd,Wind speed (m/s),2020-05-15T00:00:00.000000000,2020-05-21T00:00:00.000000000,49,6.125,0.8644226441929277,1.108906610800375,0.9866646274966513,0.03893616461214311
Butcher Ridge,butcher_ridge,heldout,767,wspd,Wind speed (m/s),2020-05-24T09:00:00.000000000,2020-05-29T00:00:00.000000000,38,4.75,5.858941750447457,3.6199586303752085,4.739450190411333,1.9297010385693056
Butcher Ridge,butcher_ridge,heldout,768,wspd,Wind speed (m/s),2020-05-15T00:00:00.000000000,2020-05-21T00:00:00.000000000,49,6.125,0.8644226441929277,1.108906610800375,0.9866646274966513,0.03893616461214311
Butcher Ridge,butcher_ridge,heldout,768,wspd,Wind speed (m/s),2020-05-24T09:00:00.000000000,2020-05-29T00:00:00.000000000,38,4.75,5.858941750447457,3.6199586303752085,4.739450190411333,1.9297010385693056
Butcher Ridge,butcher_ridge,heldout,769,wspd,Wind speed (m/s),2020-05-24T09:00:00.000000000,2020-05-29T00:00:00.000000000,38,4.75,5.858941750447457,3.6199586303752085,4.739450190411333,1.9297010385693056
Butcher Ridge,butcher_ridge,heldout,770,wspd,Wind speed (m/s),2020-05-24T09:00:00.000000000,2020-05-29T00:00:00.000000000,38,4.75,5.858941750447457,3.6199586303752085,4.739450190411333,1.9297010385693056
Butcher Ridge,butcher_ridge,heldout,772,wspd,Wind speed (m/s),2020-06-13T12:00:00.000000000,2020-06-22T12:00:00.000000000,73,9.125,1.4193421134036157,2.0072583204661782,1.713300216934897,0.06502155264620413
Butcher Ridge,butcher_ridge,heldout,773,wspd,Wind speed (m/s),2020-06-13T12:00:00.000000000,2020-06-22T12:00:00.000000000,73,9.125,1.4193421134036157,2.0072583204661782,1.713300216934897,0.06502155264620413
Butcher Ridge,butcher_ridge,heldout,773,wspd,Wind speed (m/s),2020-06-23T09:00:00.000000000,2020-06-26T09:00:00.000000000,25,3.125,0.47109940194320643,4.034856291449387,2.2529778466962966,1.0727099523630272
Butcher Ridge,butcher_ridge,heldout,774,wspd,Wind speed (m/s),2020-06-23T09:00:00.000000000,2020-06-26T09:00:00.000000000,25,3.125,0.47109940194320643,4.034856291449387,2.2529778466962966,1.0727099523630272
Butcher Ridge,butcher_ridge,heldout,775,wspd,Wind speed (m/s),2020-06-23T09:00:00.000000000,2020-06-26T09:00:00.000000000,25,3.125,0.47109940194320643,4.034856291449387,2.2529778466962966,1.0727099523630272
Butcher Ridge,butcher_ridge,heldout,778,wspd,Wind speed (m/s),2020-07-18T09:00:00.000000000,2020-07-25T03:00:00.000000000,55,6.875,1.1241285091055033,6.724690638990069,3.924409574047786,0.7909908051914272
Butcher Ridge,butcher_ridge,heldout,779,wspd,Wind speed (m/s),2020-07-18T09:00:00.000000000,2020-07-25T03:00:00.000000000,55,6.875,1.1241285091055033,6.724690638990069,3.924409574047786,0.7909908051914272
Butcher Ridge,butcher_ridge,heldout,779,wspd,Wind speed (m/s),2020-07-27T09:00:00.000000000,2020-07-31T03:00:00.000000000,31,3.875,3.702308908707664,2.7826803147493138,3.242494611728489,1.6138681329467772
Butcher Ridge,butcher_ridge,heldout,780,wspd,Wind speed (m/s),2020-07-18T09:00:00.000000000,2020-07-25T03:00:00.000000000,55,6.875,1.1241285091055033,6.724690638990069,3.924409574047786,0.7909908051914272
Butcher Ridge,butcher_ridge,heldout,780,wspd,Wind speed (m/s),2020-07-27T09:00:00.000000000,2020-07-31T03:00:00.000000000,31,3.875,3.702308908707664,2.7826803147493138,3.242494611728489,1.6138681329467772
Butcher Ridge,butcher_ridge,heldout,781,wspd,Wind speed (m/s),2020-07-27T09:00:00.000000000,2020-07-31T03:00:00.000000000,31,3.875,3.702308908707664,2.7826803147493138,3.242494611728489,1.6138681329467772
Butcher Ridge,butcher_ridge,heldout,781,wspd,Wind speed (m/s),2020-08-01T03:00:00.000000000,2020-08-07T21:00:00.000000000,55,6.875,4.561620605999792,3.1487579400807135,3.855189273040253,1.123068067546427
Butcher Ridge,butcher_ridge,heldout,782,wspd,Wind speed (m/s),2020-07-27T09:00:00.000000000,2020-07-31T03:00:00.000000000,31,3.875,3.702308908707664,2.7826803147493138,3.242494611728489,1.6138681329467772
Butcher Ridge,butcher_ridge,heldout,782,wspd,Wind speed (m/s),2020-08-01T03:00:00.000000000,2020-08-07T21:00:00.000000000,55,6.875,4.561620605999792,3.1487579400807135,3.855189273040253,1.123068067546427
Butcher Ridge,butcher_ridge,heldout,783,wspd,Wind speed (m/s),2020-08-01T03:00:00.000000000,2020-08-07T21:00:00.000000000,55,6.875,4.561620605999792,3.1487579400807135,3.855189273040253,1.123068067546427
Butcher Ridge,butcher_ridge,heldout,784,wspd,Wind speed (m/s),2020-08-18T03:00:00.000000000,2020-08-23T12:00:00.000000000,44,5.5,4.7873401142157945,0.19247920353188874,2.4899096588738416,0.7905807456317575
Butcher Ridge,butcher_ridge,heldout,785,wspd,Wind speed (m/s),2020-08-18T03:00:00.000000000,2020-08-23T12:00:00.000000000,44,5.5,4.7873401142157945,0.19247920353188874,2.4899096588738416,0.7905807456317575
Butcher Ridge,butcher_ridge,heldout,786,wspd,Wind speed (m/s),2020-08-18T03:00:00.000000000,2020-08-23T12:00:00.000000000,44,5.5,4.7873401142157945,0.19247920353188874,2.4899096588738416,0.7905807456317575
Butcher Ridge,butcher_ridge,heldout,789,wspd,Wind speed (m/s),2020-09-08T12:00:00.000000000,2020-09-17T18:00:00.000000000,75,9.375,0.38563007544325956,0.6701962166013118,0.5279131460222857,0.11037585512146109
Butcher Ridge,butcher_ridge,heldout,790,wspd,Wind speed (m/s),2020-09-08T12:00:00.000000000,2020-09-17T18:00:00.000000000,75,9.375,0.38563007544325956,0.6701962166013118,0.5279131460222857,0.11037585512146109
Butcher Ridge,butcher_ridge,heldout,790,wspd,Wind speed (m/s),2020-09-22T00:00:00.000000000,2020-09-25T18:00:00.000000000,31,3.875,3.839305835190771,3.8010416282827464,3.820173731736759,0.1647132177088224
Butcher Ridge,butcher_ridge,heldout,791,wspd,Wind speed (m/s),2020-09-22T00:00:00.000000000,2020-09-25T18:00:00.000000000,31,3.875,3.839305835190771,3.8010416282827464,3.820173731736759,0.1647132177088224
Butcher Ridge,butcher_ridge,heldout,792,wspd,Wind speed (m/s),2020-09-22T00:00:00.000000000,2020-09-25T18:00:00.000000000,31,3.875,3.839305835190771,3.8010416282827464,3.820173731736759,0.1647132177088224
Butcher Ridge,butcher_ridge,heldout,829,wspd,Wind speed (m/s),2021-04-12T21:00:00.000000000,2021-04-16T03:00:00.000000000,27,3.375,8.233380631432738,4.296752516958577,6.265066574195657,3.569775000203208
Butcher Ridge,butcher_ridge,heldout,830,wspd,Wind speed (m/s),2021-04-12T21:00:00.000000000,2021-04-16T03:00:00.000000000,27,3.375,8.233380631432738,4.296752516958577,6.265066574195657,3.569775000203208
Butcher Ridge,butcher_ridge,heldout,831,wspd,Wind speed (m/s),2021-04-12T21:00:00.000000000,2021-04-16T03:00:00.000000000,27,3.375,8.233380631432738,4.296752516958577,6.265066574195657,3.569775000203208
Butcher Ridge,butcher_ridge,heldout,831,wspd,Wind speed (m/s),2021-04-20T03:00:00.000000000,2021-04-28T00:00:00.000000000,64,8.0,2.919953251989682,8.331153010827165,5.625553131408424,1.376388097567883
Butcher Ridge,butcher_ridge,heldout,832,wspd,Wind speed (m/s),2021-04-20T03:00:00.000000000,2021-04-28T00:00:00.000000000,64,8.0,2.919953251989682,8.331153010827165,5.625553131408424,1.376388097567883
Butcher Ridge,butcher_ridge,heldout,832,wspd,Wind speed (m/s),2021-04-29T18:00:00.000000000,2021-05-03T21:00:00.000000000,34,4.25,5.203901752985985,1.849503454227829,3.526702603606907,0.77448032914225
Butcher Ridge,butcher_ridge,heldout,833,wspd,Wind speed (m/s),2021-04-20T03:00:00.000000000,2021-04-28T00:00:00.000000000,64,8.0,2.919953251989682,8.331153010827165,5.625553131408424,1.376388097567883
Butcher Ridge,butcher_ridge,heldout,833,wspd,Wind speed (m/s),2021-04-29T18:00:00.000000000,2021-05-03T21:00:00.000000000,34,4.25,5.203901752985985,1.849503454227829,3.526702603606907,0.77448032914225
Butcher Ridge,butcher_ridge,heldout,834,wspd,Wind speed (m/s),2021-04-29T18:00:00.000000000,2021-05-03T21:00:00.000000000,34,4.25,5.203901752985985,1.849503454227829,3.526702603606907,0.77448032914225
Butcher Ridge,butcher_ridge,heldout,836,wspd,Wind speed (m/s),2021-05-07T06:00:00.000000000,2021-05-24T18:00:00.000000000,141,17.625,6.0193134961991746,5.811659715013775,5.915486605606475,0.011342257707561032
Butcher Ridge,butcher_ridge,heldout,839,wspd,Wind speed (m/s),2021-05-31T12:00:00.000000000,2021-06-06T12:00:00.000000000,49,6.125,6.095670985922425,4.260016814576716,5.17784390024957,0.3029639831967472
Butcher Ridge,butcher_ridge,heldout,840,wspd,Wind speed (m/s),2021-05-31T12:00:00.000000000,2021-06-06T12:00:00.000000000,49,6.125,6.095670985922425,4.260016814576716,5.17784390024957,0.3029639831967472
Butcher Ridge,butcher_ridge,heldout,841,wspd,Wind speed (m/s),2021-06-08T00:00:00.000000000,2021-06-17T21:00:00.000000000,80,10.0,3.413357931517112,3.182434734253661,3.2978963328853865,0.6468631787776076
Butcher Ridge,butcher_ridge,heldout,842,wspd,Wind speed (m/s),2021-06-08T00:00:00.000000000,2021-06-17T21:00:00.000000000,80,10.0,3.413357931517112,3.182434734253661,3.2978963328853865,0.6468631787776076
Butcher Ridge,butcher_ridge,heldout,853,wspd,Wind speed (m/s),2021-08-09T18:00:00.000000000,2021-08-18T15:00:00.000000000,72,9.0,4.033297716943935,5.018937195541412,4.526117456242673,0.1099721161923064
Butcher Ridge,butcher_ridge,heldout,854,wspd,Wind speed (m/s),2021-08-09T18:00:00.000000000,2021-08-18T15:00:00.000000000,72,9.0,4.033297716943935,5.018937195541412,4.526117456242673,0.1099721161923064
Butcher Ridge,butcher_ridge,heldout,856,wspd,Wind speed (m/s),2021-08-18T21:00:00.000000000,2021-09-05T18:00:00.000000000,144,18.0,0.5693975311860413,3.9340889421177963,2.251743236651919,0.18167826480016913
Butcher Ridge,butcher_ridge,heldout,858,wspd,Wind speed (m/s),2021-09-13T06:00:00.000000000,2021-09-18T21:00:00.000000000,46,5.75,7.26150370756659,3.5091722804706933,5.385337994018641,1.8028558953571405
Butcher Ridge,butcher_ridge,heldout,859,wspd,Wind speed (m/s),2021-09-13T06:00:00.000000000,2021-09-18T21:00:00.000000000,46,5.75,7.26150370756659,3.5091722804706933,5.385337994018641,1.8028558953571405
Butcher Ridge,butcher_ridge,heldout,860,wspd,Wind speed (m/s),2021-09-13T06:00:00.000000000,2021-09-18T21:00:00.000000000,46,5.75,7.26150370756659,3.5091722804706933,5.385337994018641,1.8028558953571405
Mount Sidley,mount_sidley,heldout,624,wspd,Wind speed (m/s),2019-07-07T18:00:00.000000000,2019-07-10T15:00:00.000000000,24,3.0,5.6793530722475225,2.6096988023143695,4.144525937280946,2.8776834073142936
Mount Sidley,mount_sidley,heldout,625,wspd,Wind speed (m/s),2019-07-07T18:00:00.000000000,2019-07-10T15:00:00.000000000,24,3.0,5.6793530722475225,2.6096988023143695,4.144525937280946,2.8776834073142936
Mount Sidley,mount_sidley,heldout,626,wspd,Wind speed (m/s),2019-07-07T18:00:00.000000000,2019-07-10T15:00:00.000000000,24,3.0,5.6793530722475225,2.6096988023143695,4.144525937280946,2.8776834073142936
Mount Sidley,mount_sidley,heldout,627,wspd,Wind speed (m/s),2019-07-07T18:00:00.000000000,2019-07-10T15:00:00.000000000,24,3.0,5.6793530722475225,2.6096988023143695,4.144525937280946,2.8776834073142936
Nico,nico,heldout,1656,wspd,Wind speed (m/s),2020-07-30T15:00:00.000000000,2020-08-02T15:00:00.000000000,25,3.125,0.06873205950171268,2.058973462162271,1.0638527608319919,0.6245695335274775
Nico,nico,heldout,1657,wspd,Wind speed (m/s),2020-07-30T15:00:00.000000000,2020-08-02T15:00:00.000000000,25,3.125,0.06873205950171268,2.058973462162271,1.0638527608319919,0.6245695335274775
Nico,nico,heldout,1658,wspd,Wind speed (m/s),2020-07-30T15:00:00.000000000,2020-08-02T15:00:00.000000000,25,3.125,0.06873205950171268,2.058973462162271,1.0638527608319919,0.6245695335274775
Nico,nico,heldout,1664,wspd,Wind speed (m/s),2020-09-05T21:00:00.000000000,2020-09-13T18:00:00.000000000,64,8.0,0.4205114096812963,0.6283055701910598,0.5244084899361781,0.019435770679066877
Nico,nico,heldout,1665,wspd,Wind speed (m/s),2020-09-05T21:00:00.000000000,2020-09-13T18:00:00.000000000,64,8.0,0.4205114096812963,0.6283055701910598,0.5244084899361781,0.019435770679066877
Nico,nico,heldout,1671,wspd,Wind speed (m/s),2020-10-04T03:00:00.000000000,2020-10-22T06:00:00.000000000,146,18.25,1.0828268386316893,0.48722735620322055,0.7850270974174549,0.03334380871808662
Nico,nico,heldout,1673,wspd,Wind speed (m/s),2020-10-31T06:00:00.000000000,2020-11-03T06:00:00.000000000,25,3.125,2.0583334463925667,1.49296988205964,1.7756516642261033,1.0354939216277899
Nico,nico,heldout,1674,wspd,Wind speed (m/s),2020-10-31T06:00:00.000000000,2020-11-03T06:00:00.000000000,25,3.125,2.0583334463925667,1.49296988205964,1.7756516642261033,1.0354939216277899
Nico,nico,heldout,1675,wspd,Wind speed (m/s),2020-10-31T06:00:00.000000000,2020-11-03T06:00:00.000000000,25,3.125,2.0583334463925667,1.49296988205964,1.7756516642261033,1.0354939216277899
Nico,nico,heldout,1676,wspd,Wind speed (m/s),2020-10-31T06:00:00.000000000,2020-11-03T06:00:00.000000000,25,3.125,2.0583334463925667,1.49296988205964,1.7756516642261033,1.0354939216277899
Nico,nico,heldout,1736,wspd,Wind speed (m/s),2021-09-24T12:00:00.000000000,2021-09-27T09:00:00.000000000,24,3.0,0.48078161874809666,0.0652656239419116,0.27302362134500413,0.22468241045663717
Nico,nico,heldout,1737,wspd,Wind speed (m/s),2021-09-24T12:00:00.000000000,2021-09-27T09:00:00.000000000,24,3.0,0.48078161874809666,0.0652656239419116,0.27302362134500413,0.22468241045663717
Nico,nico,heldout,1738,wspd,Wind speed (m/s),2021-09-24T12:00:00.000000000,2021-09-27T09:00:00.000000000,24,3.0,0.48078161874809666,0.0652656239419116,0.27302362134500413,0.22468241045663717
Nico,nico,heldout,1740,wspd,Wind speed (m/s),2021-10-03T12:00:00.000000000,2021-10-19T00:00:00.000000000,125,15.625,3.2864762295406535,3.031319794231422,3.1588980118860377,0.4003262634657432
Alessandra,alessandra,main,1834,wspd,Wind speed (m/s),2013-11-21T21:00:00.000000000,2013-11-26T09:00:00.000000000,37,4.625,0.6670648239160073,1.7643294465771078,1.2156971352465575,0.23155650663645844
Alessandra,alessandra,main,1835,wspd,Wind speed (m/s),2013-11-21T21:00:00.000000000,2013-11-26T09:00:00.000000000,37,4.625,0.6670648239160073,1.7643294465771078,1.2156971352465575,0.23155650663645844
Alessandra,alessandra,main,1836,wspd,Wind speed (m/s),2013-11-21T21:00:00.000000000,2013-11-26T09:00:00.000000000,37,4.625,0.6670648239160073,1.7643294465771078,1.2156971352465575,0.23155650663645844
Alessandra,alessandra,main,1861,T,Temperature (deg C),2014-04-07T06:00:00.000000000,2014-04-14T21:00:00.000000000,62,7.75,0.8473383406527333,1.0037490548353105,0.9255436977440219,0.23168150136165266
Alessandra,alessandra,main,1861,RH,Relative humidity (%),2014-04-07T06:00:00.000000000,2014-04-14T21:00:00.000000000,62,7.75,10.229851838339528,21.73046069589691,15.980156267118218,4.0419857707362326
Alessandra,alessandra,main,1861,wspd,Wind speed (m/s),2014-04-07T06:00:00.000000000,2014-04-14T21:00:00.000000000,62,7.75,4.148484729185839,1.0752179468987606,2.6118513380422996,0.3904061772983738
Alessandra,alessandra,main,1861,P,Pressure (hPa),2014-04-07T06:00:00.000000000,2014-04-14T21:00:00.000000000,62,7.75,1.9240282820246648,1.3371719144051895,1.6306000982149271,0.08412068404641104
Alessandra,alessandra,main,1861,q,Specific humidity (g/kg),2014-04-07T06:00:00.000000000,2014-04-14T21:00:00.000000000,62,7.75,0.006293287679447701,0.1980532519802125,0.1021732698298301,0.02587351780886915
Alessandra,alessandra,main,1927,wspd,Wind speed (m/s),2015-10-01T06:00:00.000000000,2015-10-06T18:00:00.000000000,45,5.625,0.7984082777667254,1.2044457403119395,1.0014270090393325,0.07218443932448437
Alessandra,alessandra,main,1928,wspd,Wind speed (m/s),2015-10-01T06:00:00.000000000,2015-10-06T18:00:00.000000000,45,5.625,0.7984082777667254,1.2044457403119395,1.0014270090393325,0.07218443932448437
Alessandra,alessandra,main,1929,wspd,Wind speed (m/s),2015-10-01T06:00:00.000000000,2015-10-06T18:00:00.000000000,45,5.625,0.7984082777667254,1.2044457403119395,1.0014270090393325,0.07218443932448437
Alessandra,alessandra,main,1945,wspd,Wind speed (m/s),2016-01-09T15:00:00.000000000,2016-01-13T03:00:00.000000000,29,3.625,0.8537481180715076,0.38060585669325064,0.6171769873823791,0.33131603687272815
Alessandra,alessandra,main,1946,wspd,Wind speed (m/s),2016-01-09T15:00:00.000000000,2016-01-13T03:00:00.000000000,29,3.625,0.8537481180715076,0.38060585669325064,0.6171769873823791,0.33131603687272815
Alessandra,alessandra,main,1947,wspd,Wind speed (m/s),2016-01-09T15:00:00.000000000,2016-01-13T03:00:00.000000000,29,3.625,0.8537481180715076,0.38060585669325064,0.6171769873823791,0.33131603687272815
Alessandra,alessandra,main,1948,wspd,Wind speed (m/s),2016-01-09T15:00:00.000000000,2016-01-13T03:00:00.000000000,29,3.625,0.8537481180715076,0.38060585669325064,0.6171769873823791,0.33131603687272815
Alessandra,alessandra,main,1994,wspd,Wind speed (m/s),2016-09-19T12:00:00.000000000,2016-09-23T18:00:00.000000000,35,4.375,2.0497223539025526,1.0471044154203355,1.548413384661444,0.6887985344991705
Alessandra,alessandra,main,1995,wspd,Wind speed (m/s),2016-09-19T12:00:00.000000000,2016-09-23T18:00:00.000000000,35,4.375,2.0497223539025526,1.0471044154203355,1.548413384661444,0.6887985344991705
Alessandra,alessandra,main,1996,wspd,Wind speed (m/s),2016-09-19T12:00:00.000000000,2016-09-23T18:00:00.000000000,35,4.375,2.0497223539025526,1.0471044154203355,1.548413384661444,0.6887985344991705
Alessandra,alessandra,main,2067,wspd,Wind speed (m/s),2018-10-04T21:00:00.000000000,2018-10-09T21:00:00.000000000,41,5.125,2.1259275945727723,1.2394585911436025,1.6826930928581874,0.16832381112327965
Alessandra,alessandra,main,2068,wspd,Wind speed (m/s),2018-10-04T21:00:00.000000000,2018-10-09T21:00:00.000000000,41,5.125,2.1259275945727723,1.2394585911436025,1.6826930928581874,0.16832381112327965
Alessandra,alessandra,main,2069,wspd,Wind speed (m/s),2018-10-04T21:00:00.000000000,2018-10-09T21:00:00.000000000,41,5.125,2.1259275945727723,1.2394585911436025,1.6826930928581874,0.16832381112327965
Alessandra,alessandra,main,2080,wspd,Wind speed (m/s),2018-12-16T09:00:00.000000000,2018-12-19T18:00:00.000000000,28,3.5,8.348517632551193,0.7590811762223666,4.55379940438678,2.5135011402563805
Alessandra,alessandra,main,2081,wspd,Wind speed (m/s),2018-12-16T09:00:00.000000000,2018-12-19T18:00:00.000000000,28,3.5,8.348517632551193,0.7590811762223666,4.55379940438678,2.5135011402563805
Alessandra,alessandra,main,2082,wspd,Wind speed (m/s),2018-12-16T09:00:00.000000000,2018-12-19T18:00:00.000000000,28,3.5,8.348517632551193,0.7590811762223666,4.55379940438678,2.5135011402563805
Alessandra,alessandra,main,2082,wspd,Wind speed (m/s),2018-12-24T00:00:00.000000000,2018-12-27T15:00:00.000000000,30,3.75,0.005100818065670865,6.336293492400046,3.170697155232858,1.639425557922607
Alessandra,alessandra,main,2083,wspd,Wind speed (m/s),2018-12-16T09:00:00.000000000,2018-12-19T18:00:00.000000000,28,3.5,8.348517632551193,0.7590811762223666,4.55379940438678,2.5135011402563805
Alessandra,alessandra,main,2083,wspd,Wind speed (m/s),2018-12-24T00:00:00.000000000,2018-12-27T15:00:00.000000000,30,3.75,0.005100818065670865,6.336293492400046,3.170697155232858,1.639425557922607
Alessandra,alessandra,main,2084,wspd,Wind speed (m/s),2018-12-24T00:00:00.000000000,2018-12-27T15:00:00.000000000,30,3.75,0.005100818065670865,6.336293492400046,3.170697155232858,1.639425557922607
Alessandra,alessandra,main,2084,wspd,Wind speed (m/s),2019-01-05T21:00:00.000000000,2019-01-08T18:00:00.000000000,24,3.0,1.6904896054355731,1.6360635759750721,1.6632765907053226,0.018142009820167004
Alessandra,alessandra,main,2085,wspd,Wind speed (m/s),2019-01-05T21:00:00.000000000,2019-01-08T18:00:00.000000000,24,3.0,1.6904896054355731,1.6360635759750721,1.6632765907053226,0.018142009820167004
Alessandra,alessandra,main,2086,wspd,Wind speed (m/s),2019-01-05T21:00:00.000000000,2019-01-08T18:00:00.000000000,24,3.0,1.6904896054355731,1.6360635759750721,1.6632765907053226,0.018142009820167004
Alessandra,alessandra,main,2087,wspd,Wind speed (m/s),2019-01-05T21:00:00.000000000,2019-01-08T18:00:00.000000000,24,3.0,1.6904896054355731,1.6360635759750721,1.6632765907053226,0.018142009820167004
Alessandra,alessandra,main,2108,wspd,Wind speed (m/s),2019-05-08T03:00:00.000000000,2019-05-11T06:00:00.000000000,26,3.25,2.150159566514162,0.9072530565874786,1.5287063115508204,0.37103679796831557
Alessandra,alessandra,main,2109,wspd,Wind speed (m/s),2019-05-08T03:00:00.000000000,2019-05-11T06:00:00.000000000,26,3.25,2.150159566514162,0.9072530565874786,1.5287063115508204,0.37103679796831557
Alessandra,alessandra,main,2110,wspd,Wind speed (m/s),2019-05-08T03:00:00.000000000,2019-05-11T06:00:00.000000000,26,3.25,2.150159566514162,0.9072530565874786,1.5287063115508204,0.37103679796831557
Alessandra,alessandra,main,2119,T,Temperature (deg C),2019-08-26T21:00:00.000000000,2019-08-31T21:00:00.000000000,41,5.125,1.8349860054630938,0.05483877408481419,0.944912389773954,0.33994257292091845
Alessandra,alessandra,main,2119,RH,Relative humidity (%),2019-08-26T21:00:00.000000000,2019-08-31T21:00:00.000000000,41,5.125,22.054803799970614,0.5309800741279105,11.292891937049262,4.304775931665404
Alessandra,alessandra,main,2119,wspd,Wind speed (m/s),2019-08-24T09:00:00.000000000,2019-08-31T21:00:00.000000000,61,7.625,1.8615849388538663,0.8793246928762528,1.3704548158650596,0.1267057332489756
Alessandra,alessandra,main,2119,P,Pressure (hPa),2019-08-26T21:00:00.000000000,2019-08-31T21:00:00.000000000,41,5.125,1.5656382911402034,0.26674658339470625,0.9161924372674548,0.15495213282156328
Alessandra,alessandra,main,2119,q,Specific humidity (g/kg),2019-08-26T21:00:00.000000000,2019-08-31T21:00:00.000000000,41,5.125,0.42247702018196165,0.050211839975920824,0.23634443007894124,0.08907971012501736
Alessandra,alessandra,main,2120,T,Temperature (deg C),2019-08-26T21:00:00.000000000,2019-08-31T21:00:00.000000000,41,5.125,1.8349860054630938,0.05483877408481419,0.944912389773954,0.33994257292091845
Alessandra,alessandra,main,2120,RH,Relative humidity (%),2019-08-26T21:00:00.000000000,2019-08-31T21:00:00.000000000,41,5.125,22.054803799970614,0.5309800741279105,11.292891937049262,4.304775931665404
Alessandra,alessandra,main,2120,wspd,Wind speed (m/s),2019-08-24T09:00:00.000000000,2019-08-31T21:00:00.000000000,61,7.625,1.8615849388538663,0.8793246928762528,1.3704548158650596,0.1267057332489756
Alessandra,alessandra,main,2120,P,Pressure (hPa),2019-08-26T21:00:00.000000000,2019-08-31T21:00:00.000000000,41,5.125,1.5656382911402034,0.26674658339470625,0.9161924372674548,0.15495213282156328
Alessandra,alessandra,main,2120,q,Specific humidity (g/kg),2019-08-26T21:00:00.000000000,2019-08-31T21:00:00.000000000,41,5.125,0.42247702018196165,0.050211839975920824,0.23634443007894124,0.08907971012501736
Alessandra,alessandra,main,2121,T,Temperature (deg C),2019-08-26T21:00:00.000000000,2019-08-31T21:00:00.000000000,41,5.125,1.8349860054630938,0.05483877408481419,0.944912389773954,0.33994257292091845
Alessandra,alessandra,main,2121,RH,Relative humidity (%),2019-08-26T21:00:00.000000000,2019-08-31T21:00:00.000000000,41,5.125,22.054803799970614,0.5309800741279105,11.292891937049262,4.304775931665404
Alessandra,alessandra,main,2121,wspd,Wind speed (m/s),2019-08-24T09:00:00.000000000,2019-08-31T21:00:00.000000000,61,7.625,1.8615849388538663,0.8793246928762528,1.3704548158650596,0.1267057332489756
Alessandra,alessandra,main,2121,P,Pressure (hPa),2019-08-26T21:00:00.000000000,2019-08-31T21:00:00.000000000,41,5.125,1.5656382911402034,0.26674658339470625,0.9161924372674548,0.15495213282156328
Alessandra,alessandra,main,2121,q,Specific humidity (g/kg),2019-08-26T21:00:00.000000000,2019-08-31T21:00:00.000000000,41,5.125,0.42247702018196165,0.050211839975920824,0.23634443007894124,0.08907971012501736
Alessandra,alessandra,main,2149,wspd,Wind speed (m/s),2020-01-30T18:00:00.000000000,2020-02-03T06:00:00.000000000,29,3.625,1.2945278016347856,0.5042206928145561,0.8993742472246709,0.4778156900804049
Alessandra,alessandra,main,2150,wspd,Wind speed (m/s),2020-01-30T18:00:00.000000000,2020-02-03T06:00:00.000000000,29,3.625,1.2945278016347856,0.5042206928145561,0.8993742472246709,0.4778156900804049
Alessandra,alessandra,main,2151,wspd,Wind speed (m/s),2020-01-30T18:00:00.000000000,2020-02-03T06:00:00.000000000,29,3.625,1.2945278016347856,0.5042206928145561,0.8993742472246709,0.4778156900804049
Alessandra,alessandra,main,2178,T,Temperature (deg C),2020-08-29T06:00:00.000000000,2020-09-01T21:00:00.000000000,30,3.75,3.4798152444776633,2.5984639450570057,3.0391395947673345,1.5684013731045852
Alessandra,alessandra,main,2178,RH,Relative humidity (%),2020-08-29T06:00:00.000000000,2020-09-01T21:00:00.000000000,30,3.75,11.267409701870747,10.576451838442154,10.92193077015645,0.11543829853383158
Alessandra,alessandra,main,2178,wspd,Wind speed (m/s),2020-08-28T09:00:00.000000000,2020-09-01T21:00:00.000000000,37,4.625,3.304532460788323,0.1192186051492854,1.7118755329688042,0.6716468557074222
Alessandra,alessandra,main,2178,P,Pressure (hPa),2020-08-29T06:00:00.000000000,2020-09-01T21:00:00.000000000,30,3.75,3.3743880684196483,0.04024267802014947,1.707315373219899,0.7144817542539386
Alessandra,alessandra,main,2178,q,Specific humidity (g/kg),2020-08-29T06:00:00.000000000,2020-09-01T21:00:00.000000000,30,3.75,0.12227486535801901,0.2469457908318624,0.1846103280949407,0.09590454044753027
Alessandra,alessandra,main,2179,T,Temperature (deg C),2020-08-29T06:00:00.000000000,2020-09-01T21:00:00.000000000,30,3.75,3.4798152444776633,2.5984639450570057,3.0391395947673345,1.5684013731045852
Alessandra,alessandra,main,2179,RH,Relative humidity (%),2020-08-29T06:00:00.000000000,2020-09-01T21:00:00.000000000,30,3.75,11.267409701870747,10.576451838442154,10.92193077015645,0.11543829853383158
Alessandra,alessandra,main,2179,wspd,Wind speed (m/s),2020-08-28T09:00:00.000000000,2020-09-01T21:00:00.000000000,37,4.625,3.304532460788323,0.1192186051492854,1.7118755329688042,0.6716468557074222
Alessandra,alessandra,main,2179,P,Pressure (hPa),2020-08-29T06:00:00.000000000,2020-09-01T21:00:00.000000000,30,3.75,3.3743880684196483,0.04024267802014947,1.707315373219899,0.7144817542539386
Alessandra,alessandra,main,2179,q,Specific humidity (g/kg),2020-08-29T06:00:00.000000000,2020-09-01T21:00:00.000000000,30,3.75,0.12227486535801901,0.2469457908318624,0.1846103280949407,0.09590454044753027
Alessandra,alessandra,main,2180,T,Temperature (deg C),2020-08-29T06:00:00.000000000,2020-09-01T21:00:00.000000000,30,3.75,3.4798152444776633,2.5984639450570057,3.0391395947673345,1.5684013731045852
Alessandra,alessandra,main,2180,RH,Relative humidity (%),2020-08-29T06:00:00.000000000,2020-09-01T21:00:00.000000000,30,3.75,11.267409701870747,10.576451838442154,10.92193077015645,0.11543829853383158
Alessandra,alessandra,main,2180,wspd,Wind speed (m/s),2020-08-28T09:00:00.000000000,2020-09-01T21:00:00.000000000,37,4.625,3.304532460788323,0.1192186051492854,1.7118755329688042,0.6716468557074222
Alessandra,alessandra,main,2180,P,Pressure (hPa),2020-08-29T06:00:00.000000000,2020-09-01T21:00:00.000000000,30,3.75,3.3743880684196483,0.04024267802014947,1.707315373219899,0.7144817542539386
Alessandra,alessandra,main,2180,q,Specific humidity (g/kg),2020-08-29T06:00:00.000000000,2020-09-01T21:00:00.000000000,30,3.75,0.12227486535801901,0.2469457908318624,0.1846103280949407,0.09590454044753027
Alessandra,alessandra,main,2237,wspd,Wind speed (m/s),2021-07-03T18:00:00.000000000,2021-07-06T21:00:00.000000000,26,3.25,0.8007888705481037,17.87944509153931,9.340116981043707,5.531239749210499
Alessandra,alessandra,main,2238,wspd,Wind speed (m/s),2021-07-03T18:00:00.000000000,2021-07-06T21:00:00.000000000,26,3.25,0.8007888705481037,17.87944509153931,9.340116981043707,5.531239749210499
Alessandra,alessandra,main,2239,wspd,Wind speed (m/s),2021-07-03T18:00:00.000000000,2021-07-06T21:00:00.000000000,26,3.25,0.8007888705481037,17.87944509153931,9.340116981043707,5.531239749210499
Arelis,arelis,main,1730,wspd,Wind speed (m/s),2015-05-19T00:00:00.000000000,2015-05-21T21:00:00.000000000,24,3.0,12.521833201055415,9.68852517001892,11.105179185537168,0.9311026650027543
Arelis,arelis,main,1731,wspd,Wind speed (m/s),2015-06-02T21:00:00.000000000,2015-06-08T21:00:00.000000000,49,6.125,14.692361538487603,15.992987531922154,15.342674535204878,0.2156125133878959
Arelis,arelis,main,1732,wspd,Wind speed (m/s),2015-06-02T21:00:00.000000000,2015-06-08T21:00:00.000000000,49,6.125,14.692361538487603,15.992987531922154,15.342674535204878,0.2156125133878959
Arelis,arelis,main,1733,wspd,Wind speed (m/s),2015-06-02T21:00:00.000000000,2015-06-08T21:00:00.000000000,49,6.125,14.692361538487603,15.992987531922154,15.342674535204878,0.2156125133878959
Arelis,arelis,main,1737,wspd,Wind speed (m/s),2015-07-07T00:00:00.000000000,2015-07-10T12:00:00.000000000,29,3.625,0.8214738510378083,9.535546207806874,5.178510029422341,2.3487094240753095
Arelis,arelis,main,1738,wspd,Wind speed (m/s),2015-07-07T00:00:00.000000000,2015-07-10T12:00:00.000000000,29,3.625,0.8214738510378083,9.535546207806874,5.178510029422341,2.3487094240753095
Arelis,arelis,main,1739,wspd,Wind speed (m/s),2015-07-07T00:00:00.000000000,2015-07-10T12:00:00.000000000,29,3.625,0.8214738510378083,9.535546207806874,5.178510029422341,2.3487094240753095
Arelis,arelis,main,1739,wspd,Wind speed (m/s),2015-07-14T03:00:00.000000000,2015-07-20T00:00:00.000000000,48,6.0,13.43716590281474,1.150085548279776,7.293625725547258,2.027438600092978
Arelis,arelis,main,1740,wspd,Wind speed (m/s),2015-07-14T03:00:00.000000000,2015-07-20T00:00:00.000000000,48,6.0,13.43716590281474,1.150085548279776,7.293625725547258,2.027438600092978
Arelis,arelis,main,1740,wspd,Wind speed (m/s),2015-07-20T06:00:00.000000000,2015-07-28T12:00:00.000000000,67,8.375,0.33257080567295816,3.609242006282784,1.9709064059778711,0.4671523610696937
Arelis,arelis,main,1741,wspd,Wind speed (m/s),2015-07-14T03:00:00.000000000,2015-07-20T00:00:00.000000000,48,6.0,13.43716590281474,1.150085548279776,7.293625725547258,2.027438600092978
Arelis,arelis,main,1741,wspd,Wind speed (m/s),2015-07-20T06:00:00.000000000,2015-07-28T12:00:00.000000000,67,8.375,0.33257080567295816,3.609242006282784,1.9709064059778711,0.4671523610696937
Arelis,arelis,main,1742,wspd,Wind speed (m/s),2015-07-20T06:00:00.000000000,2015-07-28T12:00:00.000000000,67,8.375,0.33257080567295816,3.609242006282784,1.9709064059778711,0.4671523610696937
Arelis,arelis,main,1743,wspd,Wind speed (m/s),2015-08-05T18:00:00.000000000,2015-08-12T12:00:00.000000000,55,6.875,4.674824265713028,10.358263373356749,7.516543819534888,2.1320854515419683
Arelis,arelis,main,1744,wspd,Wind speed (m/s),2015-08-05T18:00:00.000000000,2015-08-12T12:00:00.000000000,55,6.875,4.674824265713028,10.358263373356749,7.516543819534888,2.1320854515419683
Arelis,arelis,main,1745,wspd,Wind speed (m/s),2015-08-05T18:00:00.000000000,2015-08-12T12:00:00.000000000,55,6.875,4.674824265713028,10.358263373356749,7.516543819534888,2.1320854515419683
Arelis,arelis,main,1747,wspd,Wind speed (m/s),2015-08-28T12:00:00.000000000,2015-08-31T15:00:00.000000000,26,3.25,3.4160825881667733,2.338515701096412,2.8772991446315928,1.7250615354130332
Arelis,arelis,main,1748,wspd,Wind speed (m/s),2015-08-28T12:00:00.000000000,2015-08-31T15:00:00.000000000,26,3.25,3.4160825881667733,2.338515701096412,2.8772991446315928,1.7250615354130332
Arelis,arelis,main,1749,wspd,Wind speed (m/s),2015-08-28T12:00:00.000000000,2015-08-31T15:00:00.000000000,26,3.25,3.4160825881667733,2.338515701096412,2.8772991446315928,1.7250615354130332
Arelis,arelis,main,1752,wspd,Wind speed (m/s),2015-09-24T12:00:00.000000000,2015-09-27T21:00:00.000000000,28,3.5,9.348300763301722,14.080803997182102,11.714552380241912,1.3324390819437895
Arelis,arelis,main,1753,wspd,Wind speed (m/s),2015-09-24T12:00:00.000000000,2015-09-27T21:00:00.000000000,28,3.5,9.348300763301722,14.080803997182102,11.714552380241912,1.3324390819437895
Arelis,arelis,main,1753,wspd,Wind speed (m/s),2015-09-28T03:00:00.000000000,2015-10-01T21:00:00.000000000,31,3.875,16.075327364893383,7.784024989776299,11.92967617733484,6.012091003700107
Arelis,arelis,main,1754,wspd,Wind speed (m/s),2015-09-24T12:00:00.000000000,2015-09-27T21:00:00.000000000,28,3.5,9.348300763301722,14.080803997182102,11.714552380241912,1.3324390819437895
Arelis,arelis,main,1754,wspd,Wind speed (m/s),2015-09-28T03:00:00.000000000,2015-10-01T21:00:00.000000000,31,3.875,16.075327364893383,7.784024989776299,11.92967617733484,6.012091003700107
Arelis,arelis,main,1755,wspd,Wind speed (m/s),2015-09-28T03:00:00.000000000,2015-10-01T21:00:00.000000000,31,3.875,16.075327364893383,7.784024989776299,11.92967617733484,6.012091003700107
Arelis,arelis,main,1762,wspd,Wind speed (m/s),2015-11-16T18:00:00.000000000,2015-11-20T00:00:00.000000000,27,3.375,3.9267474358059644,5.137735137506752,4.532241286656358,2.6222807147009917
Arelis,arelis,main,1763,wspd,Wind speed (m/s),2015-11-16T18:00:00.000000000,2015-11-20T00:00:00.000000000,27,3.375,3.9267474358059644,5.137735137506752,4.532241286656358,2.6222807147009917
Arelis,arelis,main,1764,wspd,Wind speed (m/s),2015-11-16T18:00:00.000000000,2015-11-20T00:00:00.000000000,27,3.375,3.9267474358059644,5.137735137506752,4.532241286656358,2.6222807147009917
Arelis,arelis,main,1765,wspd,Wind speed (m/s),2015-11-16T18:00:00.000000000,2015-11-20T00:00:00.000000000,27,3.375,3.9267474358059644,5.137735137506752,4.532241286656358,2.6222807147009917
Arelis,arelis,main,1779,wspd,Wind speed (m/s),2016-02-13T00:00:00.000000000,2016-02-15T21:00:00.000000000,24,3.0,9.414000186260637,1.2336224829527964,5.323811334606717,3.4025409686516923
Arelis,arelis,main,1780,wspd,Wind speed (m/s),2016-02-13T00:00:00.000000000,2016-02-15T21:00:00.000000000,24,3.0,9.414000186260637,1.2336224829527964,5.323811334606717,3.4025409686516923
Arelis,arelis,main,1781,wspd,Wind speed (m/s),2016-02-13T00:00:00.000000000,2016-02-15T21:00:00.000000000,24,3.0,9.414000186260637,1.2336224829527964,5.323811334606717,3.4025409686516923
Arelis,arelis,main,1798,wspd,Wind speed (m/s),2016-05-19T18:00:00.000000000,2016-05-25T09:00:00.000000000,46,5.75,12.857956062597623,11.909989520157524,12.383972791377573,0.15006264901018085
Arelis,arelis,main,1799,wspd,Wind speed (m/s),2016-05-19T18:00:00.000000000,2016-05-25T09:00:00.000000000,46,5.75,12.857956062597623,11.909989520157524,12.383972791377573,0.15006264901018085
Arelis,arelis,main,1800,wspd,Wind speed (m/s),2016-05-19T18:00:00.000000000,2016-05-25T09:00:00.000000000,46,5.75,12.857956062597623,11.909989520157524,12.383972791377573,0.15006264901018085
Arelis,arelis,main,1802,wspd,Wind speed (m/s),2016-06-10T18:00:00.000000000,2016-06-13T21:00:00.000000000,26,3.25,1.9567010312357525,2.5659359040357685,2.2613184676357605,0.1874568839384665
Arelis,arelis,main,1803,wspd,Wind speed (m/s),2016-06-10T18:00:00.000000000,2016-06-13T21:00:00.000000000,26,3.25,1.9567010312357525,2.5659359040357685,2.2613184676357605,0.1874568839384665
Arelis,arelis,main,1804,wspd,Wind speed (m/s),2016-06-10T18:00:00.000000000,2016-06-13T21:00:00.000000000,26,3.25,1.9567010312357525,2.5659359040357685,2.2613184676357605,0.1874568839384665
Arelis,arelis,main,1807,wspd,Wind speed (m/s),2016-07-10T09:00:00.000000000,2016-07-13T21:00:00.000000000,29,3.625,9.846108953901421,5.916657119116053,7.881383036508737,1.1207683471830308
Arelis,arelis,main,1808,wspd,Wind speed (m/s),2016-07-10T09:00:00.000000000,2016-07-13T21:00:00.000000000,29,3.625,9.846108953901421,5.916657119116053,7.881383036508737,1.1207683471830308
Arelis,arelis,main,1809,wspd,Wind speed (m/s),2016-07-10T09:00:00.000000000,2016-07-13T21:00:00.000000000,29,3.625,9.846108953901421,5.916657119116053,7.881383036508737,1.1207683471830308
Arelis,arelis,main,1810,wspd,Wind speed (m/s),2016-07-10T09:00:00.000000000,2016-07-13T21:00:00.000000000,29,3.625,9.846108953901421,5.916657119116053,7.881383036508737,1.1207683471830308
Arelis,arelis,main,1815,wspd,Wind speed (m/s),2016-08-18T21:00:00.000000000,2016-08-22T06:00:00.000000000,28,3.5,4.802135810130267,13.253437696308083,9.027786753219175,2.3062832155076194
Arelis,arelis,main,1816,wspd,Wind speed (m/s),2016-08-18T21:00:00.000000000,2016-08-22T06:00:00.000000000,28,3.5,4.802135810130267,13.253437696308083,9.027786753219175,2.3062832155076194
Arelis,arelis,main,1817,wspd,Wind speed (m/s),2016-08-18T21:00:00.000000000,2016-08-22T06:00:00.000000000,28,3.5,4.802135810130267,13.253437696308083,9.027786753219175,2.3062832155076194
Arelis,arelis,main,1858,wspd,Wind speed (m/s),2017-04-02T21:00:00.000000000,2017-04-06T03:00:00.000000000,27,3.375,13.490441043383726,5.910489924626972,9.700465484005349,5.494455618335678
Arelis,arelis,main,1859,wspd,Wind speed (m/s),2017-04-02T21:00:00.000000000,2017-04-06T03:00:00.000000000,27,3.375,13.490441043383726,5.910489924626972,9.700465484005349,5.494455618335678
Arelis,arelis,main,1860,wspd,Wind speed (m/s),2017-04-02T21:00:00.000000000,2017-04-06T03:00:00.000000000,27,3.375,13.490441043383726,5.910489924626972,9.700465484005349,5.494455618335678
Arelis,arelis,main,1866,wspd,Wind speed (m/s),2017-05-13T12:00:00.000000000,2017-05-16T15:00:00.000000000,26,3.25,6.72184317021447,3.9335356544988826,5.327689412356676,3.1646184297881064
Arelis,arelis,main,1867,wspd,Wind speed (m/s),2017-05-13T12:00:00.000000000,2017-05-16T15:00:00.000000000,26,3.25,6.72184317021447,3.9335356544988826,5.327689412356676,3.1646184297881064
Arelis,arelis,main,1867,wspd,Wind speed (m/s),2017-05-17T12:00:00.000000000,2017-05-20T18:00:00.000000000,27,3.375,9.546551187174373,6.01899380484042,7.7827724960073965,0.9817101236196777
Arelis,arelis,main,1868,wspd,Wind speed (m/s),2017-05-13T12:00:00.000000000,2017-05-16T15:00:00.000000000,26,3.25,6.72184317021447,3.9335356544988826,5.327689412356676,3.1646184297881064
Arelis,arelis,main,1868,wspd,Wind speed (m/s),2017-05-17T12:00:00.000000000,2017-05-20T18:00:00.000000000,27,3.375,9.546551187174373,6.01899380484042,7.7827724960073965,0.9817101236196777
Arelis,arelis,main,1869,wspd,Wind speed (m/s),2017-05-17T12:00:00.000000000,2017-05-20T18:00:00.000000000,27,3.375,9.546551187174373,6.01899380484042,7.7827724960073965,0.9817101236196777
Arelis,arelis,main,1870,wspd,Wind speed (m/s),2017-06-03T00:00:00.000000000,2017-06-05T21:00:00.000000000,24,3.0,5.8428767848809,1.2520594950960913,3.5474681399884958,1.4502724106261553
Arelis,arelis,main,1871,wspd,Wind speed (m/s),2017-06-03T00:00:00.000000000,2017-06-05T21:00:00.000000000,24,3.0,5.8428767848809,1.2520594950960913,3.5474681399884958,1.4502724106261553
Arelis,arelis,main,1872,wspd,Wind speed (m/s),2017-06-03T00:00:00.000000000,2017-06-05T21:00:00.000000000,24,3.0,5.8428767848809,1.2520594950960913,3.5474681399884958,1.4502724106261553
Arelis,arelis,main,1875,wspd,Wind speed (m/s),2017-06-30T06:00:00.000000000,2017-07-04T09:00:00.000000000,34,4.25,10.87769662695655,10.715689707383717,10.796693167170133,0.04484205444320821
Arelis,arelis,main,1876,wspd,Wind speed (m/s),2017-06-30T06:00:00.000000000,2017-07-04T09:00:00.000000000,34,4.25,10.87769662695655,10.715689707383717,10.796693167170133,0.04484205444320821
Arelis,arelis,main,1877,wspd,Wind speed (m/s),2017-06-30T06:00:00.000000000,2017-07-04T09:00:00.000000000,34,4.25,10.87769662695655,10.715689707383717,10.796693167170133,0.04484205444320821
Arelis,arelis,main,1877,wspd,Wind speed (m/s),2017-07-11T18:00:00.000000000,2017-07-16T03:00:00.000000000,36,4.5,10.654959744159896,9.503922085378008,10.079440914768952,4.365637142039418
Arelis,arelis,main,1878,wspd,Wind speed (m/s),2017-07-11T18:00:00.000000000,2017-07-16T03:00:00.000000000,36,4.5,10.654959744159896,9.503922085378008,10.079440914768952,4.365637142039418
Arelis,arelis,main,1878,wspd,Wind speed (m/s),2017-07-16T21:00:00.000000000,2017-07-20T06:00:00.000000000,28,3.5,10.23607417077983,4.650873052420366,7.443473611600098,1.4676930574694893
Arelis,arelis,main,1879,wspd,Wind speed (m/s),2017-07-11T18:00:00.000000000,2017-07-16T03:00:00.000000000,36,4.5,10.654959744159896,9.503922085378008,10.079440914768952,4.365637142039418
Arelis,arelis,main,1879,wspd,Wind speed (m/s),2017-07-16T21:00:00.000000000,2017-07-20T06:00:00.000000000,28,3.5,10.23607417077983,4.650873052420366,7.443473611600098,1.4676930574694893
Arelis,arelis,main,1879,wspd,Wind speed (m/s),2017-07-20T18:00:00.000000000,2017-07-26T15:00:00.000000000,48,6.0,6.166859604468982,0.10015012344092611,3.133504863954954,1.0342975321097185
Arelis,arelis,main,1880,wspd,Wind speed (m/s),2017-07-16T21:00:00.000000000,2017-07-20T06:00:00.000000000,28,3.5,10.23607417077983,4.650873052420366,7.443473611600098,1.4676930574694893
Arelis,arelis,main,1880,wspd,Wind speed (m/s),2017-07-20T18:00:00.000000000,2017-07-26T15:00:00.000000000,48,6.0,6.166859604468982,0.10015012344092611,3.133504863954954,1.0342975321097185
Arelis,arelis,main,1881,wspd,Wind speed (m/s),2017-07-20T18:00:00.000000000,2017-07-26T15:00:00.000000000,48,6.0,6.166859604468982,0.10015012344092611,3.133504863954954,1.0342975321097185
Arelis,arelis,main,1885,wspd,Wind speed (m/s),2017-08-19T18:00:00.000000000,2017-08-24T00:00:00.000000000,35,4.375,19.516033151258398,0.21863407151727188,9.867333611387835,4.252103978658397
Arelis,arelis,main,1886,wspd,Wind speed (m/s),2017-08-19T18:00:00.000000000,2017-08-24T00:00:00.000000000,35,4.375,19.516033151258398,0.21863407151727188,9.867333611387835,4.252103978658397
Arelis,arelis,main,1887,wspd,Wind speed (m/s),2017-08-19T18:00:00.000000000,2017-08-24T00:00:00.000000000,35,4.375,19.516033151258398,0.21863407151727188,9.867333611387835,4.252103978658397
Arelis,arelis,main,1893,wspd,Wind speed (m/s),2017-10-03T21:00:00.000000000,2017-10-08T00:00:00.000000000,34,4.25,21.635784372085254,8.655440328521308,15.145612350303281,2.805459431901909
Arelis,arelis,main,1894,wspd,Wind speed (m/s),2017-10-03T21:00:00.000000000,2017-10-08T00:00:00.000000000,34,4.25,21.635784372085254,8.655440328521308,15.145612350303281,2.805459431901909
Arelis,arelis,main,1894,wspd,Wind speed (m/s),2017-10-08T09:00:00.000000000,2017-10-11T09:00:00.000000000,25,3.125,6.904368577549576,2.994249207238113,4.949308892393844,1.152776811426122
Arelis,arelis,main,1895,wspd,Wind speed (m/s),2017-10-03T21:00:00.000000000,2017-10-08T00:00:00.000000000,34,4.25,21.635784372085254,8.655440328521308,15.145612350303281,2.805459431901909
Arelis,arelis,main,1895,wspd,Wind speed (m/s),2017-10-08T09:00:00.000000000,2017-10-11T09:00:00.000000000,25,3.125,6.904368577549576,2.994249207238113,4.949308892393844,1.152776811426122
Arelis,arelis,main,1896,wspd,Wind speed (m/s),2017-10-03T21:00:00.000000000,2017-10-08T00:00:00.000000000,34,4.25,21.635784372085254,8.655440328521308,15.145612350303281,2.805459431901909
Arelis,arelis,main,1896,wspd,Wind speed (m/s),2017-10-08T09:00:00.000000000,2017-10-11T09:00:00.000000000,25,3.125,6.904368577549576,2.994249207238113,4.949308892393844,1.152776811426122
Arelis,arelis,main,1896,wspd,Wind speed (m/s),2017-10-17T12:00:00.000000000,2017-10-21T09:00:00.000000000,32,4.0,3.4358642031734234,3.0957062669367588,3.265785235055091,1.5495590508723467
Arelis,arelis,main,1897,wspd,Wind speed (m/s),2017-10-17T12:00:00.000000000,2017-10-21T09:00:00.000000000,32,4.0,3.4358642031734234,3.0957062669367588,3.265785235055091,1.5495590508723467
Arelis,arelis,main,1898,wspd,Wind speed (m/s),2017-10-17T12:00:00.000000000,2017-10-21T09:00:00.000000000,32,4.0,3.4358642031734234,3.0957062669367588,3.265785235055091,1.5495590508723467
Arelis,arelis,main,1898,wspd,Wind speed (m/s),2017-10-28T09:00:00.000000000,2017-10-31T09:00:00.000000000,25,3.125,1.284608744177234,1.9405100882822808,1.6125594162297574,0.9581918388972497
Arelis,arelis,main,1899,wspd,Wind speed (m/s),2017-10-28T09:00:00.000000000,2017-10-31T09:00:00.000000000,25,3.125,1.284608744177234,1.9405100882822808,1.6125594162297574,0.9581918388972497
Arelis,arelis,main,1900,wspd,Wind speed (m/s),2017-10-28T09:00:00.000000000,2017-10-31T09:00:00.000000000,25,3.125,1.284608744177234,1.9405100882822808,1.6125594162297574,0.9581918388972497
Arelis,arelis,main,1925,wspd,Wind speed (m/s),2018-03-17T06:00:00.000000000,2018-03-21T06:00:00.000000000,33,4.125,11.58922577098383,0.6355765703146119,6.112401170649221,2.949328139967747
Arelis,arelis,main,1926,wspd,Wind speed (m/s),2018-03-17T06:00:00.000000000,2018-03-21T06:00:00.000000000,33,4.125,11.58922577098383,0.6355765703146119,6.112401170649221,2.949328139967747
Arelis,arelis,main,1926,wspd,Wind speed (m/s),2018-03-22T15:00:00.000000000,2018-03-26T15:00:00.000000000,33,4.125,10.408064956528733,5.024837875056164,7.716451415792449,1.2765042517067116
Arelis,arelis,main,1927,wspd,Wind speed (m/s),2018-03-17T06:00:00.000000000,2018-03-21T06:00:00.000000000,33,4.125,11.58922577098383,0.6355765703146119,6.112401170649221,2.949328139967747
Arelis,arelis,main,1927,wspd,Wind speed (m/s),2018-03-22T15:00:00.000000000,2018-03-26T15:00:00.000000000,33,4.125,10.408064956528733,5.024837875056164,7.716451415792449,1.2765042517067116
Arelis,arelis,main,1928,wspd,Wind speed (m/s),2018-03-22T15:00:00.000000000,2018-03-26T15:00:00.000000000,33,4.125,10.408064956528733,5.024837875056164,7.716451415792449,1.2765042517067116
Arelis,arelis,main,1928,wspd,Wind speed (m/s),2018-04-04T12:00:00.000000000,2018-04-07T12:00:00.000000000,25,3.125,8.701930415658353,9.827221841647088,9.26457612865272,0.34778546344359995
Arelis,arelis,main,1929,wspd,Wind speed (m/s),2018-04-04T12:00:00.000000000,2018-04-07T12:00:00.000000000,25,3.125,8.701930415658353,9.827221841647088,9.26457612865272,0.34778546344359995
Arelis,arelis,main,1930,wspd,Wind speed (m/s),2018-04-04T12:00:00.000000000,2018-04-07T12:00:00.000000000,25,3.125,8.701930415658353,9.827221841647088,9.26457612865272,0.34778546344359995
Arelis,arelis,main,1931,wspd,Wind speed (m/s),2018-04-12T15:00:00.000000000,2018-04-21T21:00:00.000000000,75,9.375,0.7724680144756348,7.094639378497277,3.933553696486456,0.8223160478524676
Arelis,arelis,main,1932,wspd,Wind speed (m/s),2018-04-22T18:00:00.000000000,2018-04-29T09:00:00.000000000,54,6.75,5.286146311601783,4.9346545253820295,5.110400418491906,1.4818696283367103
Arelis,arelis,main,1933,wspd,Wind speed (m/s),2018-04-22T18:00:00.000000000,2018-04-29T09:00:00.000000000,54,6.75,5.286146311601783,4.9346545253820295,5.110400418491906,1.4818696283367103
Arelis,arelis,main,1938,wspd,Wind speed (m/s),2018-06-01T12:00:00.000000000,2018-06-04T18:00:00.000000000,27,3.375,17.48888480559708,5.89857714841105,11.693730977004066,3.2225249802197595
Arelis,arelis,main,1939,wspd,Wind speed (m/s),2018-06-01T12:00:00.000000000,2018-06-04T18:00:00.000000000,27,3.375,17.48888480559708,5.89857714841105,11.693730977004066,3.2225249802197595
Arelis,arelis,main,1939,wspd,Wind speed (m/s),2018-06-06T21:00:00.000000000,2018-06-09T18:00:00.000000000,24,3.0,3.5920331153988627,1.980418964794353,2.786226040096608,0.6438712158383737
Arelis,arelis,main,1940,wspd,Wind speed (m/s),2018-06-01T12:00:00.000000000,2018-06-04T18:00:00.000000000,27,3.375,17.48888480559708,5.89857714841105,11.693730977004066,3.2225249802197595
Arelis,arelis,main,1940,wspd,Wind speed (m/s),2018-06-06T21:00:00.000000000,2018-06-09T18:00:00.000000000,24,3.0,3.5920331153988627,1.980418964794353,2.786226040096608,0.6438712158383737
Arelis,arelis,main,1940,wspd,Wind speed (m/s),2018-06-10T00:00:00.000000000,2018-06-13T15:00:00.000000000,30,3.75,8.261895201477046,0.7930384125179444,4.527466806997495,1.9314800735018594
Arelis,arelis,main,1941,wspd,Wind speed (m/s),2018-06-06T21:00:00.000000000,2018-06-09T18:00:00.000000000,24,3.0,3.5920331153988627,1.980418964794353,2.786226040096608,0.6438712158383737
Arelis,arelis,main,1941,wspd,Wind speed (m/s),2018-06-10T00:00:00.000000000,2018-06-13T15:00:00.000000000,30,3.75,8.261895201477046,0.7930384125179444,4.527466806997495,1.9314800735018594
Arelis,arelis,main,1942,wspd,Wind speed (m/s),2018-06-10T00:00:00.000000000,2018-06-13T15:00:00.000000000,30,3.75,8.261895201477046,0.7930384125179444,4.527466806997495,1.9314800735018594
Arelis,arelis,main,1946,wspd,Wind speed (m/s),2018-07-13T21:00:00.000000000,2018-07-19T06:00:00.000000000,44,5.5,0.9539913001851801,33.9177996760036,17.43589548809439,6.170628164189111
Arelis,arelis,main,1947,wspd,Wind speed (m/s),2018-07-13T21:00:00.000000000,2018-07-19T06:00:00.000000000,44,5.5,0.9539913001851801,33.9177996760036,17.43589548809439,6.170628164189111
Arelis,arelis,main,1948,wspd,Wind speed (m/s),2018-07-13T21:00:00.000000000,2018-07-19T06:00:00.000000000,44,5.5,0.9539913001851801,33.9177996760036,17.43589548809439,6.170628164189111
Arelis,arelis,main,1948,wspd,Wind speed (m/s),2018-07-19T15:00:00.000000000,2018-07-28T03:00:00.000000000,69,8.625,30.674607440755608,1.8531178657383407,16.263862653246974,3.2753693287696706
Arelis,arelis,main,1949,wspd,Wind speed (m/s),2018-07-19T15:00:00.000000000,2018-07-28T03:00:00.000000000,69,8.625,30.674607440755608,1.8531178657383407,16.263862653246974,3.2753693287696706
Arelis,arelis,main,1950,wspd,Wind speed (m/s),2018-07-19T15:00:00.000000000,2018-07-28T03:00:00.000000000,69,8.625,30.674607440755608,1.8531178657383407,16.263862653246974,3.2753693287696706
Arelis,arelis,main,1951,wspd,Wind speed (m/s),2018-08-06T00:00:00.000000000,2018-08-11T06:00:00.000000000,43,5.375,1.2153680272363943,12.18543812706912,6.700403077152757,2.425519862644478
Arelis,arelis,main,1952,wspd,Wind speed (m/s),2018-08-06T00:00:00.000000000,2018-08-11T06:00:00.000000000,43,5.375,1.2153680272363943,12.18543812706912,6.700403077152757,2.425519862644478
Arelis,arelis,main,1953,wspd,Wind speed (m/s),2018-08-06T00:00:00.000000000,2018-08-11T06:00:00.000000000,43,5.375,1.2153680272363943,12.18543812706912,6.700403077152757,2.425519862644478
Arelis,arelis,main,1953,wspd,Wind speed (m/s),2018-08-15T00:00:00.000000000,2018-08-20T09:00:00.000000000,44,5.5,7.319546997272482,3.56701995704816,5.443283477160321,0.6822776220958247
Arelis,arelis,main,1954,wspd,Wind speed (m/s),2018-08-15T00:00:00.000000000,2018-08-20T09:00:00.000000000,44,5.5,7.319546997272482,3.56701995704816,5.443283477160321,0.6822776220958247
Arelis,arelis,main,1955,wspd,Wind speed (m/s),2018-08-15T00:00:00.000000000,2018-08-20T09:00:00.000000000,44,5.5,7.319546997272482,3.56701995704816,5.443283477160321,0.6822776220958247
Arelis,arelis,main,1956,wspd,Wind speed (m/s),2018-09-05T15:00:00.000000000,2018-09-08T18:00:00.000000000,26,3.25,5.088969860778889,15.94606317097896,10.517516515878924,3.203892038421941
Arelis,arelis,main,1957,wspd,Wind speed (m/s),2018-09-05T15:00:00.000000000,2018-09-08T18:00:00.000000000,26,3.25,5.088969860778889,15.94606317097896,10.517516515878924,3.203892038421941
Arelis,arelis,main,1958,wspd,Wind speed (m/s),2018-09-05T15:00:00.000000000,2018-09-08T18:00:00.000000000,26,3.25,5.088969860778889,15.94606317097896,10.517516515878924,3.203892038421941
Arelis,arelis,main,1959,wspd,Wind speed (m/s),2018-09-05T15:00:00.000000000,2018-09-08T18:00:00.000000000,26,3.25,5.088969860778889,15.94606317097896,10.517516515878924,3.203892038421941
Arelis,arelis,main,1959,wspd,Wind speed (m/s),2018-09-18T03:00:00.000000000,2018-09-22T09:00:00.000000000,35,4.375,9.717322081342445,5.689356563041656,7.7033393221920505,0.9079794048503516
Arelis,arelis,main,1960,wspd,Wind speed (m/s),2018-09-18T03:00:00.000000000,2018-09-22T09:00:00.000000000,35,4.375,9.717322081342445,5.689356563041656,7.7033393221920505,0.9079794048503516
Arelis,arelis,main,1961,wspd,Wind speed (m/s),2018-09-18T03:00:00.000000000,2018-09-22T09:00:00.000000000,35,4.375,9.717322081342445,5.689356563041656,7.7033393221920505,0.9079794048503516
Arelis,arelis,main,1963,wspd,Wind speed (m/s),2018-10-08T03:00:00.000000000,2018-10-15T03:00:00.000000000,57,7.125,1.6475974704519558,5.788025344344987,3.7178114073984716,0.5714333083496541
Arelis,arelis,main,1964,wspd,Wind speed (m/s),2018-10-08T03:00:00.000000000,2018-10-15T03:00:00.000000000,57,7.125,1.6475974704519558,5.788025344344987,3.7178114073984716,0.5714333083496541
Arelis,arelis,main,1965,wspd,Wind speed (m/s),2018-10-08T03:00:00.000000000,2018-10-15T03:00:00.000000000,57,7.125,1.6475974704519558,5.788025344344987,3.7178114073984716,0.5714333083496541
Arelis,arelis,main,1966,wspd,Wind speed (m/s),2018-10-27T12:00:00.000000000,2018-10-30T09:00:00.000000000,24,3.0,4.374244436216259,5.663557786916272,5.018901111566265,0.44310452818568535
Arelis,arelis,main,1967,wspd,Wind speed (m/s),2018-10-27T12:00:00.000000000,2018-10-30T09:00:00.000000000,24,3.0,4.374244436216259,5.663557786916272,5.018901111566265,0.44310452818568535
Arelis,arelis,main,1968,wspd,Wind speed (m/s),2018-10-27T12:00:00.000000000,2018-10-30T09:00:00.000000000,24,3.0,4.374244436216259,5.663557786916272,5.018901111566265,0.44310452818568535
Arelis,arelis,main,1969,wspd,Wind speed (m/s),2018-10-27T12:00:00.000000000,2018-10-30T09:00:00.000000000,24,3.0,4.374244436216259,5.663557786916272,5.018901111566265,0.44310452818568535
Arelis,arelis,main,1973,wspd,Wind speed (m/s),2018-12-03T09:00:00.000000000,2018-12-06T09:00:00.000000000,25,3.125,0.5892144388525935,4.515363798596809,2.552289118724701,1.2071370034582856
Arelis,arelis,main,1974,wspd,Wind speed (m/s),2018-12-03T09:00:00.000000000,2018-12-06T09:00:00.000000000,25,3.125,0.5892144388525935,4.515363798596809,2.552289118724701,1.2071370034582856
Arelis,arelis,main,1975,wspd,Wind speed (m/s),2018-12-03T09:00:00.000000000,2018-12-06T09:00:00.000000000,25,3.125,0.5892144388525935,4.515363798596809,2.552289118724701,1.2071370034582856
Arelis,arelis,main,1976,wspd,Wind speed (m/s),2018-12-03T09:00:00.000000000,2018-12-06T09:00:00.000000000,25,3.125,0.5892144388525935,4.515363798596809,2.552289118724701,1.2071370034582856
Arelis,arelis,main,1994,wspd,Wind speed (m/s),2019-03-21T09:00:00.000000000,2019-03-24T18:00:00.000000000,28,3.5,7.9582048700174255,2.1125217647536374,5.0353633173855314,2.759124126026677
Arelis,arelis,main,1995,wspd,Wind speed (m/s),2019-03-21T09:00:00.000000000,2019-03-24T18:00:00.000000000,28,3.5,7.9582048700174255,2.1125217647536374,5.0353633173855314,2.759124126026677
Arelis,arelis,main,1996,wspd,Wind speed (m/s),2019-03-21T09:00:00.000000000,2019-03-24T18:00:00.000000000,28,3.5,7.9582048700174255,2.1125217647536374,5.0353633173855314,2.759124126026677
Arelis,arelis,main,1999,wspd,Wind speed (m/s),2019-04-17T12:00:00.000000000,2019-04-20T21:00:00.000000000,28,3.5,1.0843171226315462,8.154766943684535,4.619542033158041,2.01027623854543
Arelis,arelis,main,2000,wspd,Wind speed (m/s),2019-04-17T12:00:00.000000000,2019-04-20T21:00:00.000000000,28,3.5,1.0843171226315462,8.154766943684535,4.619542033158041,2.01027623854543
Arelis,arelis,main,2001,wspd,Wind speed (m/s),2019-04-17T12:00:00.000000000,2019-04-20T21:00:00.000000000,28,3.5,1.0843171226315462,8.154766943684535,4.619542033158041,2.01027623854543
Arelis,arelis,main,2003,wspd,Wind speed (m/s),2019-05-08T15:00:00.000000000,2019-05-12T21:00:00.000000000,35,4.375,1.274347363744937,11.370408747382044,6.32237805556349,2.263226645216207
Arelis,arelis,main,2004,wspd,Wind speed (m/s),2019-05-08T15:00:00.000000000,2019-05-12T21:00:00.000000000,35,4.375,1.274347363744937,11.370408747382044,6.32237805556349,2.263226645216207
Arelis,arelis,main,2005,wspd,Wind speed (m/s),2019-05-08T15:00:00.000000000,2019-05-12T21:00:00.000000000,35,4.375,1.274347363744937,11.370408747382044,6.32237805556349,2.263226645216207
Arelis,arelis,main,2012,wspd,Wind speed (m/s),2019-06-23T03:00:00.000000000,2019-06-27T12:00:00.000000000,36,4.5,0.7754275334898466,2.4894435741948655,1.632435553842356,0.7135148705016832
Arelis,arelis,main,2013,wspd,Wind speed (m/s),2019-06-23T03:00:00.000000000,2019-06-27T12:00:00.000000000,36,4.5,0.7754275334898466,2.4894435741948655,1.632435553842356,0.7135148705016832
Arelis,arelis,main,2013,wspd,Wind speed (m/s),2019-06-27T18:00:00.000000000,2019-07-01T18:00:00.000000000,33,4.125,8.843454298391862,3.285755499616016,6.064604899003939,2.8905036638525416
Arelis,arelis,main,2014,wspd,Wind speed (m/s),2019-06-23T03:00:00.000000000,2019-06-27T12:00:00.000000000,36,4.5,0.7754275334898466,2.4894435741948655,1.632435553842356,0.7135148705016832
Arelis,arelis,main,2014,wspd,Wind speed (m/s),2019-06-27T18:00:00.000000000,2019-07-01T18:00:00.000000000,33,4.125,8.843454298391862,3.285755499616016,6.064604899003939,2.8905036638525416
Arelis,arelis,main,2015,wspd,Wind speed (m/s),2019-06-27T18:00:00.000000000,2019-07-01T18:00:00.000000000,33,4.125,8.843454298391862,3.285755499616016,6.064604899003939,2.8905036638525416
Arelis,arelis,main,2015,wspd,Wind speed (m/s),2019-07-07T21:00:00.000000000,2019-07-12T06:00:00.000000000,36,4.5,7.948402689821478,9.343623773680974,8.646013231751226,3.704534403701132
Arelis,arelis,main,2016,wspd,Wind speed (m/s),2019-07-07T21:00:00.000000000,2019-07-12T06:00:00.000000000,36,4.5,7.948402689821478,9.343623773680974,8.646013231751226,3.704534403701132
Arelis,arelis,main,2017,wspd,Wind speed (m/s),2019-07-07T21:00:00.000000000,2019-07-12T06:00:00.000000000,36,4.5,7.948402689821478,9.343623773680974,8.646013231751226,3.704534403701132
Arelis,arelis,main,2022,wspd,Wind speed (m/s),2019-11-04T15:00:00.000000000,2019-11-07T15:00:00.000000000,25,3.125,4.785560287967996,3.9639196276766597,4.374739957822328,0.3121557428131325
Arelis,arelis,main,2051,wspd,Wind speed (m/s),2020-04-16T00:00:00.000000000,2020-04-20T03:00:00.000000000,34,4.25,11.002795337424232,4.157358854863105,7.580077096143668,1.5434641825966082
Arelis,arelis,main,2052,wspd,Wind speed (m/s),2020-04-16T00:00:00.000000000,2020-04-20T03:00:00.000000000,34,4.25,11.002795337424232,4.157358854863105,7.580077096143668,1.5434641825966082
Arelis,arelis,main,2052,wspd,Wind speed (m/s),2020-04-24T00:00:00.000000000,2020-04-27T15:00:00.000000000,30,3.75,2.4851660405095117,3.8650840371198,3.175125038814656,0.2991608430004362
Arelis,arelis,main,2053,wspd,Wind speed (m/s),2020-04-16T00:00:00.000000000,2020-04-20T03:00:00.000000000,34,4.25,11.002795337424232,4.157358854863105,7.580077096143668,1.5434641825966082
Arelis,arelis,main,2053,wspd,Wind speed (m/s),2020-04-24T00:00:00.000000000,2020-04-27T15:00:00.000000000,30,3.75,2.4851660405095117,3.8650840371198,3.175125038814656,0.2991608430004362
Arelis,arelis,main,2054,wspd,Wind speed (m/s),2020-04-24T00:00:00.000000000,2020-04-27T15:00:00.000000000,30,3.75,2.4851660405095117,3.8650840371198,3.175125038814656,0.2991608430004362
Arelis,arelis,main,2059,wspd,Wind speed (m/s),2020-05-27T21:00:00.000000000,2020-06-03T18:00:00.000000000,56,7.0,11.846895740035507,5.711898285620919,8.779397012828213,0.8664031479867162
Arelis,arelis,main,2060,wspd,Wind speed (m/s),2020-05-27T21:00:00.000000000,2020-06-03T18:00:00.000000000,56,7.0,11.846895740035507,5.711898285620919,8.779397012828213,0.8664031479867162
Arelis,arelis,main,2061,wspd,Wind speed (m/s),2020-05-27T21:00:00.000000000,2020-06-03T18:00:00.000000000,56,7.0,11.846895740035507,5.711898285620919,8.779397012828213,0.8664031479867162
Arelis,arelis,main,2063,wspd,Wind speed (m/s),2020-06-22T06:00:00.000000000,2020-06-26T03:00:00.000000000,32,4.0,14.537953777470193,10.280790445664934,12.409372111567563,1.0036847896947734
Arelis,arelis,main,2064,wspd,Wind speed (m/s),2020-06-22T06:00:00.000000000,2020-06-26T03:00:00.000000000,32,4.0,14.537953777470193,10.280790445664934,12.409372111567563,1.0036847896947734
Arelis,arelis,main,2064,wspd,Wind speed (m/s),2020-06-28T06:00:00.000000000,2020-07-02T06:00:00.000000000,33,4.125,6.325294210502307,19.107685364725512,12.71648978761391,5.937406670929704
Arelis,arelis,main,2065,wspd,Wind speed (m/s),2020-06-22T06:00:00.000000000,2020-06-26T03:00:00.000000000,32,4.0,14.537953777470193,10.280790445664934,12.409372111567563,1.0036847896947734
Arelis,arelis,main,2065,wspd,Wind speed (m/s),2020-06-28T06:00:00.000000000,2020-07-02T06:00:00.000000000,33,4.125,6.325294210502307,19.107685364725512,12.71648978761391,5.937406670929704
Arelis,arelis,main,2065,wspd,Wind speed (m/s),2020-07-02T15:00:00.000000000,2020-07-05T12:00:00.000000000,24,3.0,24.274791591897156,4.841969353431068,14.558380472664112,9.318921443958288
Arelis,arelis,main,2066,wspd,Wind speed (m/s),2020-06-22T06:00:00.000000000,2020-06-26T03:00:00.000000000,32,4.0,14.537953777470193,10.280790445664934,12.409372111567563,1.0036847896947734
Arelis,arelis,main,2066,wspd,Wind speed (m/s),2020-06-28T06:00:00.000000000,2020-07-02T06:00:00.000000000,33,4.125,6.325294210502307,19.107685364725512,12.71648978761391,5.937406670929704
Arelis,arelis,main,2066,wspd,Wind speed (m/s),2020-07-02T15:00:00.000000000,2020-07-05T12:00:00.000000000,24,3.0,24.274791591897156,4.841969353431068,14.558380472664112,9.318921443958288
Arelis,arelis,main,2067,wspd,Wind speed (m/s),2020-06-28T06:00:00.000000000,2020-07-02T06:00:00.000000000,33,4.125,6.325294210502307,19.107685364725512,12.71648978761391,5.937406670929704
Arelis,arelis,main,2067,wspd,Wind speed (m/s),2020-07-02T15:00:00.000000000,2020-07-05T12:00:00.000000000,24,3.0,24.274791591897156,4.841969353431068,14.558380472664112,9.318921443958288
Arelis,arelis,main,2068,wspd,Wind speed (m/s),2020-07-02T15:00:00.000000000,2020-07-05T12:00:00.000000000,24,3.0,24.274791591897156,4.841969353431068,14.558380472664112,9.318921443958288
Arelis,arelis,main,2068,wspd,Wind speed (m/s),2020-07-14T00:00:00.000000000,2020-07-19T00:00:00.000000000,41,5.125,9.56419055355127,0.5753490131394869,5.069769783345379,1.6610048829015795
Arelis,arelis,main,2069,wspd,Wind speed (m/s),2020-07-14T00:00:00.000000000,2020-07-19T00:00:00.000000000,41,5.125,9.56419055355127,0.5753490131394869,5.069769783345379,1.6610048829015795
Arelis,arelis,main,2069,wspd,Wind speed (m/s),2020-07-20T03:00:00.000000000,2020-07-23T15:00:00.000000000,29,3.625,6.486228739655871,4.302599387036707,5.394414063346289,2.8658833143891798
Arelis,arelis,main,2070,wspd,Wind speed (m/s),2020-07-14T00:00:00.000000000,2020-07-19T00:00:00.000000000,41,5.125,9.56419055355127,0.5753490131394869,5.069769783345379,1.6610048829015795
Arelis,arelis,main,2070,wspd,Wind speed (m/s),2020-07-20T03:00:00.000000000,2020-07-23T15:00:00.000000000,29,3.625,6.486228739655871,4.302599387036707,5.394414063346289,2.8658833143891798
Arelis,arelis,main,2071,wspd,Wind speed (m/s),2020-07-20T03:00:00.000000000,2020-07-23T15:00:00.000000000,29,3.625,6.486228739655871,4.302599387036707,5.394414063346289,2.8658833143891798
Arelis,arelis,main,2073,wspd,Wind speed (m/s),2020-08-11T03:00:00.000000000,2020-08-16T03:00:00.000000000,41,5.125,8.686009152940187,8.439334667473076,8.562671910206632,3.25790690048143
Arelis,arelis,main,2074,wspd,Wind speed (m/s),2020-08-11T03:00:00.000000000,2020-08-16T03:00:00.000000000,41,5.125,8.686009152940187,8.439334667473076,8.562671910206632,3.25790690048143
Arelis,arelis,main,2075,wspd,Wind speed (m/s),2020-08-11T03:00:00.000000000,2020-08-16T03:00:00.000000000,41,5.125,8.686009152940187,8.439334667473076,8.562671910206632,3.25790690048143
Arelis,arelis,main,2075,wspd,Wind speed (m/s),2020-08-22T03:00:00.000000000,2020-08-26T09:00:00.000000000,35,4.375,6.510468308223608,14.899472160889218,10.704970234556413,1.8539944847661332
Arelis,arelis,main,2076,wspd,Wind speed (m/s),2020-08-22T03:00:00.000000000,2020-08-26T09:00:00.000000000,35,4.375,6.510468308223608,14.899472160889218,10.704970234556413,1.8539944847661332
Arelis,arelis,main,2077,wspd,Wind speed (m/s),2020-08-22T03:00:00.000000000,2020-08-26T09:00:00.000000000,35,4.375,6.510468308223608,14.899472160889218,10.704970234556413,1.8539944847661332
Arelis,arelis,main,2083,wspd,Wind speed (m/s),2020-10-05T00:00:00.000000000,2020-10-07T21:00:00.000000000,24,3.0,11.560309212795346,6.613695065334923,9.087002139065135,1.5955381066245309
Arelis,arelis,main,2084,wspd,Wind speed (m/s),2020-10-05T00:00:00.000000000,2020-10-07T21:00:00.000000000,24,3.0,11.560309212795346,6.613695065334923,9.087002139065135,1.5955381066245309
Arelis,arelis,main,2085,wspd,Wind speed (m/s),2020-10-05T00:00:00.000000000,2020-10-07T21:00:00.000000000,24,3.0,11.560309212795346,6.613695065334923,9.087002139065135,1.5955381066245309
Arelis,arelis,main,2085,wspd,Wind speed (m/s),2020-10-12T00:00:00.000000000,2020-10-16T09:00:00.000000000,36,4.5,7.584735727250745,7.534710043601535,7.55972288542614,3.2637806752778715
Arelis,arelis,main,2086,wspd,Wind speed (m/s),2020-10-12T00:00:00.000000000,2020-10-16T09:00:00.000000000,36,4.5,7.584735727250745,7.534710043601535,7.55972288542614,3.2637806752778715
Arelis,arelis,main,2087,wspd,Wind speed (m/s),2020-10-12T00:00:00.000000000,2020-10-16T09:00:00.000000000,36,4.5,7.584735727250745,7.534710043601535,7.55972288542614,3.2637806752778715
Arelis,arelis,main,2087,wspd,Wind speed (m/s),2020-10-25T12:00:00.000000000,2020-10-30T09:00:00.000000000,40,5.0,13.549307300943838,0.6996676450391988,7.124487472991518,2.8156484069893395
Arelis,arelis,main,2088,wspd,Wind speed (m/s),2020-10-25T12:00:00.000000000,2020-10-30T09:00:00.000000000,40,5.0,13.549307300943838,0.6996676450391988,7.124487472991518,2.8156484069893395
Arelis,arelis,main,2089,wspd,Wind speed (m/s),2020-10-25T12:00:00.000000000,2020-10-30T09:00:00.000000000,40,5.0,13.549307300943838,0.6996676450391988,7.124487472991518,2.8156484069893395
Arelis,arelis,main,2090,wspd,Wind speed (m/s),2020-11-07T06:00:00.000000000,2020-11-11T15:00:00.000000000,36,4.5,8.655993616140222,1.1018653294922842,4.878929472816253,1.6786952099802193
Arelis,arelis,main,2091,wspd,Wind speed (m/s),2020-11-07T06:00:00.000000000,2020-11-11T15:00:00.000000000,36,4.5,8.655993616140222,1.1018653294922842,4.878929472816253,1.6786952099802193
Arelis,arelis,main,2092,wspd,Wind speed (m/s),2020-11-07T06:00:00.000000000,2020-11-11T15:00:00.000000000,36,4.5,8.655993616140222,1.1018653294922842,4.878929472816253,1.6786952099802193
aws05,aws05,main,954,RH,Relative humidity (%),2011-10-22T09:00:00.000000000,2011-10-25T12:00:00.000000000,26,3.25,19.94118233667905,14.439404378315885,17.190293357497467,1.6933106119807917
aws05,aws05,main,954,q,Specific humidity (g/kg),2011-10-22T09:00:00.000000000,2011-10-25T12:00:00.000000000,26,3.25,0.0019271063924275467,0.322173282188146,0.16205019429028678,0.08808897062199783
aws05,aws05,main,955,RH,Relative humidity (%),2011-10-22T09:00:00.000000000,2011-10-25T12:00:00.000000000,26,3.25,19.94118233667905,14.439404378315885,17.190293357497467,1.6933106119807917
aws05,aws05,main,955,q,Specific humidity (g/kg),2011-10-22T09:00:00.000000000,2011-10-25T12:00:00.000000000,26,3.25,0.0019271063924275467,0.322173282188146,0.16205019429028678,0.08808897062199783
aws05,aws05,main,956,RH,Relative humidity (%),2011-10-22T09:00:00.000000000,2011-10-25T12:00:00.000000000,26,3.25,19.94118233667905,14.439404378315885,17.190293357497467,1.6933106119807917
aws05,aws05,main,956,q,Specific humidity (g/kg),2011-10-22T09:00:00.000000000,2011-10-25T12:00:00.000000000,26,3.25,0.0019271063924275467,0.322173282188146,0.16205019429028678,0.08808897062199783
aws06,aws06,main,737,q,Specific humidity (g/kg),2008-08-22T09:00:00.000000000,2008-08-26T00:00:00.000000000,30,3.75,0.20787314737850338,0.11491300478606714,0.16139307608228526,0.022213956463492668
aws06,aws06,main,738,q,Specific humidity (g/kg),2008-08-22T09:00:00.000000000,2008-08-26T00:00:00.000000000,30,3.75,0.20787314737850338,0.11491300478606714,0.16139307608228526,0.022213956463492668
aws06,aws06,main,739,q,Specific humidity (g/kg),2008-08-22T09:00:00.000000000,2008-08-26T00:00:00.000000000,30,3.75,0.20787314737850338,0.11491300478606714,0.16139307608228526,0.022213956463492668
aws06,aws06,main,740,q,Specific humidity (g/kg),2008-08-22T09:00:00.000000000,2008-08-26T00:00:00.000000000,30,3.75,0.20787314737850338,0.11491300478606714,0.16139307608228526,0.022213956463492668
Bear Peninsula,bear_peninsula,main,525,RH,Relative humidity (%),2019-11-26T06:00:00.000000000,2019-12-01T15:00:00.000000000,44,5.5,6.1287684093513235,6.839399995046733,6.484084202199028,0.12193298587219914
Bear Peninsula,bear_peninsula,main,525,q,Specific humidity (g/kg),2019-11-26T06:00:00.000000000,2019-12-01T15:00:00.000000000,44,5.5,0.2101232472337884,0.11984255683312028,0.16498290203345434,0.05493840093215763
Bear Peninsula,bear_peninsula,main,526,RH,Relative humidity (%),2019-11-26T06:00:00.000000000,2019-12-01T15:00:00.000000000,44,5.5,6.1287684093513235,6.839399995046733,6.484084202199028,0.12193298587219914
Bear Peninsula,bear_peninsula,main,526,q,Specific humidity (g/kg),2019-11-26T06:00:00.000000000,2019-12-01T15:00:00.000000000,44,5.5,0.2101232472337884,0.11984255683312028,0.16498290203345434,0.05493840093215763
Bear Peninsula,bear_peninsula,main,527,RH,Relative humidity (%),2019-11-26T06:00:00.000000000,2019-12-01T15:00:00.000000000,44,5.5,6.1287684093513235,6.839399995046733,6.484084202199028,0.12193298587219914
Bear Peninsula,bear_peninsula,main,527,q,Specific humidity (g/kg),2019-11-26T06:00:00.000000000,2019-12-01T15:00:00.000000000,44,5.5,0.2101232472337884,0.11984255683312028,0.16498290203345434,0.05493840093215763
Bear Peninsula,bear_peninsula,main,539,RH,Relative humidity (%),2020-02-08T06:00:00.000000000,2020-02-13T03:00:00.000000000,40,5.0,6.905162084389303,13.892405240680091,10.398783662534697,3.976586789035082
Bear Peninsula,bear_peninsula,main,539,q,Specific humidity (g/kg),2020-02-08T06:00:00.000000000,2020-02-13T03:00:00.000000000,40,5.0,0.14898515000061252,0.31263475499629223,0.23080995249845238,0.020470241848475013
Bear Peninsula,bear_peninsula,main,540,RH,Relative humidity (%),2020-02-08T06:00:00.000000000,2020-02-13T03:00:00.000000000,40,5.0,6.905162084389303,13.892405240680091,10.398783662534697,3.976586789035082
Bear Peninsula,bear_peninsula,main,540,q,Specific humidity (g/kg),2020-02-08T06:00:00.000000000,2020-02-13T03:00:00.000000000,40,5.0,0.14898515000061252,0.31263475499629223,0.23080995249845238,0.020470241848475013
Bear Peninsula,bear_peninsula,main,541,RH,Relative humidity (%),2020-02-17T15:00:00.000000000,2020-02-25T06:00:00.000000000,62,7.75,13.07849991594503,1.3460197701124343,7.212259843028733,1.5077240591519399
Bear Peninsula,bear_peninsula,main,541,RH,Relative humidity (%),2020-02-28T06:00:00.000000000,2020-03-03T06:00:00.000000000,33,4.125,49.692731344790445,5.64737898283056,27.670055163810503,13.030757156684558
Bear Peninsula,bear_peninsula,main,541,q,Specific humidity (g/kg),2020-02-17T15:00:00.000000000,2020-02-25T09:00:00.000000000,63,7.875,0.40176729717753545,0.004126679993063931,0.2029469885852997,0.051254142840848615
Bear Peninsula,bear_peninsula,main,541,q,Specific humidity (g/kg),2020-02-28T06:00:00.000000000,2020-03-03T06:00:00.000000000,33,4.125,0.5716608114643016,0.36897650301676066,0.4703186572405311,0.22020213751491546
Bear Peninsula,bear_peninsula,main,542,RH,Relative humidity (%),2020-02-17T15:00:00.000000000,2020-02-25T06:00:00.000000000,62,7.75,13.07849991594503,1.3460197701124343,7.212259843028733,1.5077240591519399
Bear Peninsula,bear_peninsula,main,542,RH,Relative humidity (%),2020-02-28T06:00:00.000000000,2020-03-03T06:00:00.000000000,33,4.125,49.692731344790445,5.64737898283056,27.670055163810503,13.030757156684558
Bear Peninsula,bear_peninsula,main,542,q,Specific humidity (g/kg),2020-02-17T15:00:00.000000000,2020-02-25T09:00:00.000000000,63,7.875,0.40176729717753545,0.004126679993063931,0.2029469885852997,0.051254142840848615
Bear Peninsula,bear_peninsula,main,542,q,Specific humidity (g/kg),2020-02-28T06:00:00.000000000,2020-03-03T06:00:00.000000000,33,4.125,0.5716608114643016,0.36897650301676066,0.4703186572405311,0.22020213751491546
Bear Peninsula,bear_peninsula,main,543,RH,Relative humidity (%),2020-02-28T06:00:00.000000000,2020-03-03T06:00:00.000000000,33,4.125,49.692731344790445,5.64737898283056,27.670055163810503,13.030757156684558
Bear Peninsula,bear_peninsula,main,543,RH,Relative humidity (%),2020-03-06T09:00:00.000000000,2020-03-09T06:00:00.000000000,24,3.0,3.879939084191392,12.034606262460784,7.957272673326088,2.6688892361356693
Bear Peninsula,bear_peninsula,main,543,q,Specific humidity (g/kg),2020-02-28T06:00:00.000000000,2020-03-03T06:00:00.000000000,33,4.125,0.5716608114643016,0.36897650301676066,0.4703186572405311,0.22020213751491546
Bear Peninsula,bear_peninsula,main,543,q,Specific humidity (g/kg),2020-03-06T09:00:00.000000000,2020-03-09T06:00:00.000000000,24,3.0,0.4844594234144992,0.6809115428898878,0.5826854831521935,0.3838640065556653
Bear Peninsula,bear_peninsula,main,544,RH,Relative humidity (%),2020-02-28T06:00:00.000000000,2020-03-03T06:00:00.000000000,33,4.125,49.692731344790445,5.64737898283056,27.670055163810503,13.030757156684558
Bear Peninsula,bear_peninsula,main,544,RH,Relative humidity (%),2020-03-06T09:00:00.000000000,2020-03-09T06:00:00.000000000,24,3.0,3.879939084191392,12.034606262460784,7.957272673326088,2.6688892361356693
Bear Peninsula,bear_peninsula,main,544,RH,Relative humidity (%),2020-03-12T06:00:00.000000000,2020-03-15T03:00:00.000000000,24,3.0,4.963648201051001,5.177890779621066,5.070769490336033,0.22208098715577762
Bear Peninsula,bear_peninsula,main,544,q,Specific humidity (g/kg),2020-02-28T06:00:00.000000000,2020-03-03T06:00:00.000000000,33,4.125,0.5716608114643016,0.36897650301676066,0.4703186572405311,0.22020213751491546
Bear Peninsula,bear_peninsula,main,544,q,Specific humidity (g/kg),2020-03-06T09:00:00.000000000,2020-03-09T06:00:00.000000000,24,3.0,0.4844594234144992,0.6809115428898878,0.5826854831521935,0.3838640065556653
Bear Peninsula,bear_peninsula,main,544,q,Specific humidity (g/kg),2020-03-11T21:00:00.000000000,2020-03-15T03:00:00.000000000,27,3.375,0.022315406698389495,0.06432827943979902,0.04332184306909426,0.02589559157964505
Bear Peninsula,bear_peninsula,main,545,RH,Relative humidity (%),2020-03-06T09:00:00.000000000,2020-03-09T06:00:00.000000000,24,3.0,3.879939084191392,12.034606262460784,7.957272673326088,2.6688892361356693
Bear Peninsula,bear_peninsula,main,545,RH,Relative humidity (%),2020-03-12T06:00:00.000000000,2020-03-15T03:00:00.000000000,24,3.0,4.963648201051001,5.177890779621066,5.070769490336033,0.22208098715577762
Bear Peninsula,bear_peninsula,main,545,q,Specific humidity (g/kg),2020-03-06T09:00:00.000000000,2020-03-09T06:00:00.000000000,24,3.0,0.4844594234144992,0.6809115428898878,0.5826854831521935,0.3838640065556653
Bear Peninsula,bear_peninsula,main,545,q,Specific humidity (g/kg),2020-03-11T21:00:00.000000000,2020-03-15T03:00:00.000000000,27,3.375,0.022315406698389495,0.06432827943979902,0.04332184306909426,0.02589559157964505
Bear Peninsula,bear_peninsula,main,546,RH,Relative humidity (%),2020-03-12T06:00:00.000000000,2020-03-15T03:00:00.000000000,24,3.0,4.963648201051001,5.177890779621066,5.070769490336033,0.22208098715577762
Bear Peninsula,bear_peninsula,main,546,q,Specific humidity (g/kg),2020-03-11T21:00:00.000000000,2020-03-15T03:00:00.000000000,27,3.375,0.022315406698389495,0.06432827943979902,0.04332184306909426,0.02589559157964505
Bear Peninsula,bear_peninsula,main,550,RH,Relative humidity (%),2020-04-09T15:00:00.000000000,2020-04-14T18:00:00.000000000,42,5.25,14.665236167636067,10.44743585375636,12.556336010696214,4.743499152137247
Bear Peninsula,bear_peninsula,main,550,q,Specific humidity (g/kg),2020-04-09T15:00:00.000000000,2020-04-14T18:00:00.000000000,42,5.25,0.2933783314016818,0.12110094049214126,0.20723963594691153,0.03398689600470428
Bear Peninsula,bear_peninsula,main,551,RH,Relative humidity (%),2020-04-28T15:00:00.000000000,2020-05-02T00:00:00.000000000,28,3.5,15.457133722650724,16.495327704814372,15.976230713732548,0.33307983370818306
Bear Peninsula,bear_peninsula,main,551,q,Specific humidity (g/kg),2020-04-28T12:00:00.000000000,2020-05-02T00:00:00.000000000,29,3.625,0.06229242782014843,0.17563610808035435,0.11896426795025139,0.02998489040085106
Bear Peninsula,bear_peninsula,main,552,RH,Relative humidity (%),2020-04-28T15:00:00.000000000,2020-05-02T00:00:00.000000000,28,3.5,15.457133722650724,16.495327704814372,15.976230713732548,0.33307983370818306
Bear Peninsula,bear_peninsula,main,552,RH,Relative humidity (%),2020-05-05T12:00:00.000000000,2020-05-09T03:00:00.000000000,30,3.75,22.842071959310488,32.334309172169924,27.588190565740206,2.5751339965754596
Bear Peninsula,bear_peninsula,main,552,q,Specific humidity (g/kg),2020-04-28T12:00:00.000000000,2020-05-02T00:00:00.000000000,29,3.625,0.06229242782014843,0.17563610808035435,0.11896426795025139,0.02998489040085106
Bear Peninsula,bear_peninsula,main,552,q,Specific humidity (g/kg),2020-05-05T12:00:00.000000000,2020-05-10T00:00:00.000000000,37,4.625,0.45479541702047754,0.5914329089540047,0.5231141629872411,0.027059392063488286
Bear Peninsula,bear_peninsula,main,553,RH,Relative humidity (%),2020-04-28T15:00:00.000000000,2020-05-02T00:00:00.000000000,28,3.5,15.457133722650724,16.495327704814372,15.976230713732548,0.33307983370818306
Bear Peninsula,bear_peninsula,main,553,RH,Relative humidity (%),2020-05-05T12:00:00.000000000,2020-05-09T03:00:00.000000000,30,3.75,22.842071959310488,32.334309172169924,27.588190565740206,2.5751339965754596
Bear Peninsula,bear_peninsula,main,553,q,Specific humidity (g/kg),2020-04-28T12:00:00.000000000,2020-05-02T00:00:00.000000000,29,3.625,0.06229242782014843,0.17563610808035435,0.11896426795025139,0.02998489040085106
Bear Peninsula,bear_peninsula,main,553,q,Specific humidity (g/kg),2020-05-05T12:00:00.000000000,2020-05-10T00:00:00.000000000,37,4.625,0.45479541702047754,0.5914329089540047,0.5231141629872411,0.027059392063488286
Bear Peninsula,bear_peninsula,main,557,RH,Relative humidity (%),2020-10-13T12:00:00.000000000,2020-10-17T12:00:00.000000000,33,4.125,5.953575774965884,7.195746154956851,6.574660964961367,0.3139664566744358
Bear Peninsula,bear_peninsula,main,557,q,Specific humidity (g/kg),2020-10-13T12:00:00.000000000,2020-10-17T12:00:00.000000000,33,4.125,0.08599530278987366,0.026072040779816952,0.05603367178484531,0.014275563686588
Bear Peninsula,bear_peninsula,main,558,RH,Relative humidity (%),2020-10-13T12:00:00.000000000,2020-10-17T12:00:00.000000000,33,4.125,5.953575774965884,7.195746154956851,6.574660964961367,0.3139664566744358
Bear Peninsula,bear_peninsula,main,558,q,Specific humidity (g/kg),2020-10-13T12:00:00.000000000,2020-10-17T12:00:00.000000000,33,4.125,0.08599530278987366,0.026072040779816952,0.05603367178484531,0.014275563686588
Bear Peninsula,bear_peninsula,main,559,RH,Relative humidity (%),2020-10-13T12:00:00.000000000,2020-10-17T12:00:00.000000000,33,4.125,5.953575774965884,7.195746154956851,6.574660964961367,0.3139664566744358
Bear Peninsula,bear_peninsula,main,559,q,Specific humidity (g/kg),2020-10-13T12:00:00.000000000,2020-10-17T12:00:00.000000000,33,4.125,0.08599530278987366,0.026072040779816952,0.05603367178484531,0.014275563686588
Bear Peninsula,bear_peninsula,main,564,RH,Relative humidity (%),2020-11-21T09:00:00.000000000,2020-11-24T09:00:00.000000000,25,3.125,6.54217054066703,6.943307434016788,6.742738987341909,4.155352753323882
Bear Peninsula,bear_peninsula,main,564,q,Specific humidity (g/kg),2020-11-21T09:00:00.000000000,2020-11-24T09:00:00.000000000,25,3.125,0.34085434284072136,0.13604551513733298,0.23844992898902717,0.06065065682115112
Bear Peninsula,bear_peninsula,main,565,RH,Relative humidity (%),2020-11-21T09:00:00.000000000,2020-11-24T09:00:00.000000000,25,3.125,6.54217054066703,6.943307434016788,6.742738987341909,4.155352753323882
Bear Peninsula,bear_peninsula,main,565,q,Specific humidity (g/kg),2020-11-21T09:00:00.000000000,2020-11-24T09:00:00.000000000,25,3.125,0.34085434284072136,0.13604551513733298,0.23844992898902717,0.06065065682115112
Bear Peninsula,bear_peninsula,main,566,RH,Relative humidity (%),2020-11-21T09:00:00.000000000,2020-11-24T09:00:00.000000000,25,3.125,6.54217054066703,6.943307434016788,6.742738987341909,4.155352753323882
Bear Peninsula,bear_peninsula,main,566,q,Specific humidity (g/kg),2020-11-21T09:00:00.000000000,2020-11-24T09:00:00.000000000,25,3.125,0.34085434284072136,0.13604551513733298,0.23844992898902717,0.06065065682115112
Bear Peninsula,bear_peninsula,main,567,RH,Relative humidity (%),2021-08-11T15:00:00.000000000,2021-08-19T12:00:00.000000000,64,8.0,14.438255494854275,5.895020208305141,10.166637851579708,1.0894431035151797
Bear Peninsula,bear_peninsula,main,567,RH,Relative humidity (%),2021-08-19T21:00:00.000000000,2021-08-29T18:00:00.000000000,80,10.0,17.09246532606585,22.7788809502199,19.935673138142874,0.5649379702911403
Bear Peninsula,bear_peninsula,main,567,q,Specific humidity (g/kg),2021-08-11T15:00:00.000000000,2021-08-19T12:00:00.000000000,64,8.0,0.13525725320600124,0.6175359521925827,0.376396602699292,0.059042345117529926
Bear Peninsula,bear_peninsula,main,567,q,Specific humidity (g/kg),2021-08-19T21:00:00.000000000,2021-08-29T18:00:00.000000000,80,10.0,0.4981288595804756,0.1703105522331665,0.33421970590682104,0.06598671967246927
Bear Peninsula,bear_peninsula,main,568,RH,Relative humidity (%),2021-08-19T21:00:00.000000000,2021-08-29T18:00:00.000000000,80,10.0,17.09246532606585,22.7788809502199,19.935673138142874,0.5649379702911403
Bear Peninsula,bear_peninsula,main,568,RH,Relative humidity (%),2021-08-30T21:00:00.000000000,2021-09-03T00:00:00.000000000,26,3.25,30.569694317495305,25.54065166980945,28.055172993652377,1.5496772016102796
Bear Peninsula,bear_peninsula,main,568,q,Specific humidity (g/kg),2021-08-19T21:00:00.000000000,2021-08-29T18:00:00.000000000,80,10.0,0.4981288595804756,0.1703105522331665,0.33421970590682104,0.06598671967246927
Bear Peninsula,bear_peninsula,main,568,q,Specific humidity (g/kg),2021-08-30T21:00:00.000000000,2021-09-03T00:00:00.000000000,26,3.25,0.1785126408584592,0.09784921724935636,0.13818092905390778,0.02432760371386844
Bear Peninsula,bear_peninsula,main,569,RH,Relative humidity (%),2021-08-30T21:00:00.000000000,2021-09-03T00:00:00.000000000,26,3.25,30.569694317495305,25.54065166980945,28.055172993652377,1.5496772016102796
Bear Peninsula,bear_peninsula,main,569,RH,Relative humidity (%),2021-09-03T18:00:00.000000000,2021-09-07T00:00:00.000000000,27,3.375,16.799351293180735,23.821750283396796,20.310550788288765,2.059546542131102
Bear Peninsula,bear_peninsula,main,569,RH,Relative humidity (%),2021-09-07T06:00:00.000000000,2021-09-13T06:00:00.000000000,49,6.125,18.84278927982905,18.91345286882415,18.8781210743266,0.016434872398882305
Bear Peninsula,bear_peninsula,main,569,q,Specific humidity (g/kg),2021-08-30T21:00:00.000000000,2021-09-03T00:00:00.000000000,26,3.25,0.1785126408584592,0.09784921724935636,0.13818092905390778,0.02432760371386844
Bear Peninsula,bear_peninsula,main,569,q,Specific humidity (g/kg),2021-09-03T18:00:00.000000000,2021-09-07T00:00:00.000000000,27,3.375,0.34464689305414,0.1452606662442335,0.24495377964918674,0.058519074160035434
Bear Peninsula,bear_peninsula,main,569,q,Specific humidity (g/kg),2021-09-07T06:00:00.000000000,2021-09-13T06:00:00.000000000,49,6.125,0.36123086241373414,0.13879525903569778,0.25001306072471596,0.035352129401223786
Bear Peninsula,bear_peninsula,main,570,RH,Relative humidity (%),2021-09-07T06:00:00.000000000,2021-09-13T06:00:00.000000000,49,6.125,18.84278927982905,18.91345286882415,18.8781210743266,0.016434872398882305
Bear Peninsula,bear_peninsula,main,570,RH,Relative humidity (%),2021-09-14T12:00:00.000000000,2021-09-21T09:00:00.000000000,56,7.0,16.10135379751,20.342529657104933,18.221941727307467,0.5933510676477738
Bear Peninsula,bear_peninsula,main,570,q,Specific humidity (g/kg),2021-09-07T06:00:00.000000000,2021-09-13T06:00:00.000000000,49,6.125,0.36123086241373414,0.13879525903569778,0.25001306072471596,0.035352129401223786
Bear Peninsula,bear_peninsula,main,570,q,Specific humidity (g/kg),2021-09-14T12:00:00.000000000,2021-09-21T09:00:00.000000000,56,7.0,0.03434695850034153,0.4403615019071232,0.23735423020373236,0.06538341524843938
Bear Peninsula,bear_peninsula,main,571,RH,Relative humidity (%),2021-09-14T12:00:00.000000000,2021-09-21T09:00:00.000000000,56,7.0,16.10135379751,20.342529657104933,18.221941727307467,0.5933510676477738
Bear Peninsula,bear_peninsula,main,571,q,Specific humidity (g/kg),2021-09-14T12:00:00.000000000,2021-09-21T09:00:00.000000000,56,7.0,0.03434695850034153,0.4403615019071232,0.23735423020373236,0.06538341524843938
Cape Bird,cape_bird,main,1157,T,Temperature (deg C),2018-04-26T09:00:00.000000000,2018-05-07T15:00:00.000000000,91,11.375,4.110621630745101,2.00661869980064,3.0586201652728704,0.5220125529113702
Cape Bird,cape_bird,main,1157,q,Specific humidity (g/kg),2018-04-26T09:00:00.000000000,2018-05-07T15:00:00.000000000,91,11.375,0.5554692915469523,0.17422451447897913,0.36484690301296574,0.06299443867588828
Cape Bird,cape_bird,main,1158,T,Temperature (deg C),2018-05-11T12:00:00.000000000,2018-05-15T15:00:00.000000000,34,4.25,6.008086583883369,14.276427930441173,10.142257257162271,1.940113929073135
Cape Bird,cape_bird,main,1158,q,Specific humidity (g/kg),2018-05-11T12:00:00.000000000,2018-05-15T15:00:00.000000000,34,4.25,0.25247246493539777,0.6910929960306902,0.471782730483044,0.10300694296252999
Cape Bird,cape_bird,main,1159,T,Temperature (deg C),2018-05-11T12:00:00.000000000,2018-05-15T15:00:00.000000000,34,4.25,6.008086583883369,14.276427930441173,10.142257257162271,1.940113929073135
Cape Bird,cape_bird,main,1159,q,Specific humidity (g/kg),2018-05-11T12:00:00.000000000,2018-05-15T15:00:00.000000000,34,4.25,0.25247246493539777,0.6910929960306902,0.471782730483044,0.10300694296252999
Cape Bird,cape_bird,main,1160,T,Temperature (deg C),2018-05-11T12:00:00.000000000,2018-05-15T15:00:00.000000000,34,4.25,6.008086583883369,14.276427930441173,10.142257257162271,1.940113929073135
Cape Bird,cape_bird,main,1160,q,Specific humidity (g/kg),2018-05-11T12:00:00.000000000,2018-05-15T15:00:00.000000000,34,4.25,0.25247246493539777,0.6910929960306902,0.471782730483044,0.10300694296252999
Cape Bird,cape_bird,main,1204,T,Temperature (deg C),2019-01-30T00:00:00.000000000,2019-02-04T21:00:00.000000000,48,6.0,0.11291046068345167,2.1686423596071336,1.1407764101452926,0.36937442097213946
Cape Bird,cape_bird,main,1204,RH,Relative humidity (%),2019-01-30T03:00:00.000000000,2019-02-04T21:00:00.000000000,47,5.875,16.559333816487197,23.147300061285023,19.85331693888611,6.6316250256900275
Cape Bird,cape_bird,main,1204,wspd,Wind speed (m/s),2019-01-30T03:00:00.000000000,2019-02-04T21:00:00.000000000,47,5.875,2.734070135809361,6.44862037482244,4.5913452553159,1.5300323976374557
Cape Bird,cape_bird,main,1204,P,Pressure (hPa),2019-01-30T03:00:00.000000000,2019-02-04T21:00:00.000000000,47,5.875,0.9433159274922218,0.6352105939295143,0.789263260710868,0.009890288275528292
Cape Bird,cape_bird,main,1204,q,Specific humidity (g/kg),2019-01-30T00:00:00.000000000,2019-02-04T21:00:00.000000000,48,6.0,0.43546607370961254,0.6366834895939348,0.5360747816517737,0.1763028774272719
Cape Bird,cape_bird,main,1205,T,Temperature (deg C),2019-01-30T00:00:00.000000000,2019-02-04T21:00:00.000000000,48,6.0,0.11291046068345167,2.1686423596071336,1.1407764101452926,0.36937442097213946
Cape Bird,cape_bird,main,1205,RH,Relative humidity (%),2019-01-30T03:00:00.000000000,2019-02-04T21:00:00.000000000,47,5.875,16.559333816487197,23.147300061285023,19.85331693888611,6.6316250256900275
Cape Bird,cape_bird,main,1205,wspd,Wind speed (m/s),2019-01-30T03:00:00.000000000,2019-02-04T21:00:00.000000000,47,5.875,2.734070135809361,6.44862037482244,4.5913452553159,1.5300323976374557
Cape Bird,cape_bird,main,1205,P,Pressure (hPa),2019-01-30T03:00:00.000000000,2019-02-04T21:00:00.000000000,47,5.875,0.9433159274922218,0.6352105939295143,0.789263260710868,0.009890288275528292
Cape Bird,cape_bird,main,1205,q,Specific humidity (g/kg),2019-01-30T00:00:00.000000000,2019-02-04T21:00:00.000000000,48,6.0,0.43546607370961254,0.6366834895939348,0.5360747816517737,0.1763028774272719
Clean Air,clean_air,main,964,P,Pressure (hPa),2000-08-08T09:00:00.000000000,2000-08-19T12:00:00.000000000,90,11.25,0.7627525421557948,0.926585525390692,0.8446690337732434,0.006748498453816865
Clean Air,clean_air,main,964,q,Specific humidity (g/kg),2000-08-08T06:00:00.000000000,2000-08-19T12:00:00.000000000,91,11.375,0.011312645159982537,0.00828437251389147,0.009798508836937003,0.00026739530217742905
Clean Air,clean_air,main,965,P,Pressure (hPa),2000-08-20T00:00:00.000000000,2000-08-27T03:00:00.000000000,58,7.25,1.225137494970113,1.674556786660105,1.449847140815109,0.0683008452933791
Clean Air,clean_air,main,965,q,Specific humidity (g/kg),2000-08-20T00:00:00.000000000,2000-08-27T03:00:00.000000000,58,7.25,0.00772856357475149,0.008079367622570999,0.007903965598661244,5.140133356496164e-05
Clean Air,clean_air,main,966,P,Pressure (hPa),2000-08-20T00:00:00.000000000,2000-08-27T03:00:00.000000000,58,7.25,1.225137494970113,1.674556786660105,1.449847140815109,0.0683008452933791
Clean Air,clean_air,main,966,q,Specific humidity (g/kg),2000-08-20T00:00:00.000000000,2000-08-27T03:00:00.000000000,58,7.25,0.00772856357475149,0.008079367622570999,0.007903965598661244,5.140133356496164e-05
Clean Air,clean_air,main,967,P,Pressure (hPa),2000-08-20T00:00:00.000000000,2000-08-27T03:00:00.000000000,58,7.25,1.225137494970113,1.674556786660105,1.449847140815109,0.0683008452933791
Clean Air,clean_air,main,967,P,Pressure (hPa),2000-08-30T00:00:00.000000000,2000-09-06T12:00:00.000000000,61,7.625,7.342558559845202,1.8620141870342195,4.602286373439711,0.6997224176689087
Clean Air,clean_air,main,967,q,Specific humidity (g/kg),2000-08-20T00:00:00.000000000,2000-08-27T03:00:00.000000000,58,7.25,0.00772856357475149,0.008079367622570999,0.007903965598661244,5.140133356496164e-05
Clean Air,clean_air,main,968,P,Pressure (hPa),2000-08-30T00:00:00.000000000,2000-09-06T12:00:00.000000000,61,7.625,7.342558559845202,1.8620141870342195,4.602286373439711,0.6997224176689087
Clean Air,clean_air,main,970,P,Pressure (hPa),2000-09-07T06:00:00.000000000,2000-09-20T12:00:00.000000000,107,13.375,2.3758345796959475,1.5951394422445446,1.985487010970246,0.0771998852796969
Clean Air,clean_air,main,971,P,Pressure (hPa),2000-09-22T09:00:00.000000000,2000-09-26T00:00:00.000000000,30,3.75,2.9663168467814103,1.301692568231374,2.134004707506392,0.3742227625907617
Clean Air,clean_air,main,972,P,Pressure (hPa),2000-09-22T09:00:00.000000000,2000-09-26T00:00:00.000000000,30,3.75,2.9663168467814103,1.301692568231374,2.134004707506392,0.3742227625907617
Clean Air,clean_air,main,973,P,Pressure (hPa),2000-09-22T09:00:00.000000000,2000-09-26T00:00:00.000000000,30,3.75,2.9663168467814103,1.301692568231374,2.134004707506392,0.3742227625907617
Clean Air,clean_air,main,973,P,Pressure (hPa),2000-09-26T09:00:00.000000000,2000-10-09T09:00:00.000000000,105,13.125,0.7867187230149284,0.765166248427704,0.7759424857213162,0.11924511452122033
Clean Air,clean_air,main,973,q,Specific humidity (g/kg),2000-09-22T03:00:00.000000000,2000-10-09T15:00:00.000000000,141,17.625,0.010787365436485175,0.04136056248211162,0.026073963959298396,0.0016659240187937296
Clean Air,clean_air,main,974,P,Pressure (hPa),2000-09-26T09:00:00.000000000,2000-10-09T09:00:00.000000000,105,13.125,0.7867187230149284,0.765166248427704,0.7759424857213162,0.11924511452122033
Clean Air,clean_air,main,976,P,Pressure (hPa),2000-10-12T03:00:00.000000000,2000-10-25T18:00:00.000000000,110,13.75,0.36412788333836943,1.021937603247352,0.6930327432928607,0.050658065057973545
Clean Air,clean_air,main,976,q,Specific humidity (g/kg),2000-10-12T03:00:00.000000000,2000-10-25T18:00:00.000000000,110,13.75,0.007232121474473274,0.009255829877083954,0.008243975675778614,9.761772081240405e-05
Clean Air,clean_air,main,977,P,Pressure (hPa),2000-10-12T03:00:00.000000000,2000-10-25T18:00:00.000000000,110,13.75,0.36412788333836943,1.021937603247352,0.6930327432928607,0.050658065057973545
Clean Air,clean_air,main,977,q,Specific humidity (g/kg),2000-10-12T03:00:00.000000000,2000-10-25T18:00:00.000000000,110,13.75,0.007232121474473274,0.009255829877083954,0.008243975675778614,9.761772081240405e-05
Clean Air,clean_air,main,1011,P,Pressure (hPa),2001-04-18T03:00:00.000000000,2001-04-23T06:00:00.000000000,42,5.25,0.994446984026581,1.1126117901876569,1.053529387107119,0.023393498737121377
Clean Air,clean_air,main,1011,q,Specific humidity (g/kg),2001-04-18T03:00:00.000000000,2001-04-23T06:00:00.000000000,42,5.25,0.011461988605368845,1.1599490903790866e-05,0.005736794048136318,0.0022622603784230033
Clean Air,clean_air,main,1012,P,Pressure (hPa),2001-04-18T03:00:00.000000000,2001-04-23T06:00:00.000000000,42,5.25,0.994446984026581,1.1126117901876569,1.053529387107119,0.023393498737121377
Clean Air,clean_air,main,1012,q,Specific humidity (g/kg),2001-04-18T03:00:00.000000000,2001-04-23T06:00:00.000000000,42,5.25,0.011461988605368845,1.1599490903790866e-05,0.005736794048136318,0.0022622603784230033
Clean Air,clean_air,main,1013,P,Pressure (hPa),2001-04-18T03:00:00.000000000,2001-04-23T06:00:00.000000000,42,5.25,0.994446984026581,1.1126117901876569,1.053529387107119,0.023393498737121377
Clean Air,clean_air,main,1013,q,Specific humidity (g/kg),2001-04-18T03:00:00.000000000,2001-04-23T06:00:00.000000000,42,5.25,0.011461988605368845,1.1599490903790866e-05,0.005736794048136318,0.0022622603784230033
Clean Air,clean_air,main,1016,P,Pressure (hPa),2001-05-16T21:00:00.000000000,2001-05-21T09:00:00.000000000,37,4.625,0.10731380805373192,1.7321653336985037,0.9197395708761178,0.3968384093750501
Clean Air,clean_air,main,1016,q,Specific humidity (g/kg),2001-05-16T21:00:00.000000000,2001-05-21T09:00:00.000000000,37,4.625,3.1818047965259666e-05,0.010096229103467635,0.005064023575716448,0.0022087131083618483
Clean Air,clean_air,main,1017,P,Pressure (hPa),2001-05-16T21:00:00.000000000,2001-05-21T09:00:00.000000000,37,4.625,0.10731380805373192,1.7321653336985037,0.9197395708761178,0.3968384093750501
Clean Air,clean_air,main,1017,q,Specific humidity (g/kg),2001-05-16T21:00:00.000000000,2001-05-21T09:00:00.000000000,37,4.625,3.1818047965259666e-05,0.010096229103467635,0.005064023575716448,0.0022087131083618483
Clean Air,clean_air,main,1018,P,Pressure (hPa),2001-05-16T21:00:00.000000000,2001-05-21T09:00:00.000000000,37,4.625,0.10731380805373192,1.7321653336985037,0.9197395708761178,0.3968384093750501
Clean Air,clean_air,main,1018,q,Specific humidity (g/kg),2001-05-16T21:00:00.000000000,2001-05-21T09:00:00.000000000,37,4.625,3.1818047965259666e-05,0.010096229103467635,0.005064023575716448,0.0022087131083618483
Clean Air,clean_air,main,1029,P,Pressure (hPa),2001-07-12T06:00:00.000000000,2001-07-29T15:00:00.000000000,140,17.5,0.5142689575441182,2.6301708680111915,1.5722199127776548,0.1164912820081554
Clean Air,clean_air,main,1029,q,Specific humidity (g/kg),2001-07-12T06:00:00.000000000,2001-07-29T15:00:00.000000000,140,17.5,0.0086228521026257,0.010706571760259465,0.009664711931442582,0.0011062848468277112
Clean Air,clean_air,main,1034,P,Pressure (hPa),2001-08-08T12:00:00.000000000,2001-08-22T00:00:00.000000000,109,13.625,2.2149493085453287,2.194059001165442,2.2045041548553854,0.00026549058503633205
Clean Air,clean_air,main,1034,q,Specific humidity (g/kg),2001-08-08T12:00:00.000000000,2001-08-22T00:00:00.000000000,109,13.625,0.004280776007639986,0.012166577125753975,0.00822367656669698,0.0005798789683296793
Clean Air,clean_air,main,1035,P,Pressure (hPa),2001-08-22T12:00:00.000000000,2001-08-28T15:00:00.000000000,50,6.25,2.01480393006932,2.201727324631065,2.1082656273501925,0.07571151095453388
Clean Air,clean_air,main,1035,q,Specific humidity (g/kg),2001-08-22T12:00:00.000000000,2001-08-28T15:00:00.000000000,50,6.25,0.00846666173552535,0.010816203059704321,0.009641432397614835,0.0003762932950480864
Clean Air,clean_air,main,1036,P,Pressure (hPa),2001-08-22T12:00:00.000000000,2001-08-28T15:00:00.000000000,50,6.25,2.01480393006932,2.201727324631065,2.1082656273501925,0.07571151095453388
Clean Air,clean_air,main,1036,q,Specific humidity (g/kg),2001-08-22T12:00:00.000000000,2001-08-28T15:00:00.000000000,50,6.25,0.00846666173552535,0.010816203059704321,0.009641432397614835,0.0003762932950480864
Clean Air,clean_air,main,1037,P,Pressure (hPa),2001-08-22T12:00:00.000000000,2001-08-28T15:00:00.000000000,50,6.25,2.01480393006932,2.201727324631065,2.1082656273501925,0.07571151095453388
Clean Air,clean_air,main,1037,P,Pressure (hPa),2001-09-01T15:00:00.000000000,2001-09-11T18:00:00.000000000,82,10.25,1.7890262725995854,0.042784545687027276,0.9159054091433063,0.17342383192305988
Clean Air,clean_air,main,1037,q,Specific humidity (g/kg),2001-08-22T12:00:00.000000000,2001-08-28T15:00:00.000000000,50,6.25,0.00846666173552535,0.010816203059704321,0.009641432397614835,0.0003762932950480864
Clean Air,clean_air,main,1037,q,Specific humidity (g/kg),2001-09-01T15:00:00.000000000,2001-09-11T18:00:00.000000000,82,10.25,0.009042205919605806,0.04980313916360757,0.029422672541606687,0.0037938755458754025
Clean Air,clean_air,main,1038,P,Pressure (hPa),2001-09-01T15:00:00.000000000,2001-09-11T18:00:00.000000000,82,10.25,1.7890262725995854,0.042784545687027276,0.9159054091433063,0.17342383192305988
Clean Air,clean_air,main,1038,q,Specific humidity (g/kg),2001-09-01T15:00:00.000000000,2001-09-11T18:00:00.000000000,82,10.25,0.009042205919605806,0.04980313916360757,0.029422672541606687,0.0037938755458754025
Clean Air,clean_air,main,1039,P,Pressure (hPa),2001-09-01T15:00:00.000000000,2001-09-11T18:00:00.000000000,82,10.25,1.7890262725995854,0.042784545687027276,0.9159054091433063,0.17342383192305988
Clean Air,clean_air,main,1039,q,Specific humidity (g/kg),2001-09-01T15:00:00.000000000,2001-09-11T18:00:00.000000000,82,10.25,0.009042205919605806,0.04980313916360757,0.029422672541606687,0.0037938755458754025
Clean Air,clean_air,main,1040,P,Pressure (hPa),2001-09-19T12:00:00.000000000,2001-09-22T21:00:00.000000000,28,3.5,1.399095228407532,1.6900856756838039,1.544590452045668,0.16983954736315354
Clean Air,clean_air,main,1040,q,Specific humidity (g/kg),2001-09-19T12:00:00.000000000,2001-09-22T21:00:00.000000000,28,3.5,0.0060732195603563355,0.01601341940076395,0.011043319480560143,0.0023631432879590575
Clean Air,clean_air,main,1041,P,Pressure (hPa),2001-09-19T12:00:00.000000000,2001-09-22T21:00:00.000000000,28,3.5,1.399095228407532,1.6900856756838039,1.544590452045668,0.16983954736315354
Clean Air,clean_air,main,1041,q,Specific humidity (g/kg),2001-09-19T12:00:00.000000000,2001-09-22T21:00:00.000000000,28,3.5,0.0060732195603563355,0.01601341940076395,0.011043319480560143,0.0023631432879590575
Clean Air,clean_air,main,1042,P,Pressure (hPa),2001-09-19T12:00:00.000000000,2001-09-22T21:00:00.000000000,28,3.5,1.399095228407532,1.6900856756838039,1.544590452045668,0.16983954736315354
Clean Air,clean_air,main,1042,P,Pressure (hPa),2001-09-23T03:00:00.000000000,2001-10-06T21:00:00.000000000,111,13.875,0.8041486727306619,1.0434046369045973,0.9237766548176296,0.01846634861357188
Clean Air,clean_air,main,1042,q,Specific humidity (g/kg),2001-09-19T12:00:00.000000000,2001-09-22T21:00:00.000000000,28,3.5,0.0060732195603563355,0.01601341940076395,0.011043319480560143,0.0023631432879590575
Clean Air,clean_air,main,1042,q,Specific humidity (g/kg),2001-09-23T03:00:00.000000000,2001-10-06T21:00:00.000000000,111,13.875,0.01007375508984154,0.008015248214519488,0.009044501652180514,0.00012009047581318377
Clean Air,clean_air,main,1043,P,Pressure (hPa),2001-09-23T03:00:00.000000000,2001-10-06T21:00:00.000000000,111,13.875,0.8041486727306619,1.0434046369045973,0.9237766548176296,0.01846634861357188
Clean Air,clean_air,main,1043,q,Specific humidity (g/kg),2001-09-23T03:00:00.000000000,2001-10-06T21:00:00.000000000,111,13.875,0.01007375508984154,0.008015248214519488,0.009044501652180514,0.00012009047581318377
Clean Air,clean_air,main,1079,P,Pressure (hPa),2002-03-31T00:00:00.000000000,2002-04-17T12:00:00.000000000,141,17.625,1.1031064867274836,0.5932163768447936,0.8481614317861386,0.031007652423681975
Clean Air,clean_air,main,1079,q,Specific humidity (g/kg),2002-03-31T00:00:00.000000000,2002-04-17T12:00:00.000000000,141,17.625,0.0921925120472693,0.030919852664407443,0.061556182355838374,0.0034748926925844414
Clean Air,clean_air,main,1183,wspd,Wind speed (m/s),2004-09-18T00:00:00.000000000,2004-09-24T06:00:00.000000000,51,6.375,2.1124397844943132,0.9274276387445184,1.5199337116194158,0.46899881606107385
Clean Air,clean_air,main,1184,wspd,Wind speed (m/s),2004-09-18T00:00:00.000000000,2004-09-24T06:00:00.000000000,51,6.375,2.1124397844943132,0.9274276387445184,1.5199337116194158,0.46899881606107385
Eneide,eneide,main,1840,wspd,Wind speed (m/s),2014-07-19T15:00:00.000000000,2014-07-23T12:00:00.000000000,32,4.0,9.88590008270512,0.3051710405450194,5.09553556162507,2.5401918869252995
Eneide,eneide,main,1841,wspd,Wind speed (m/s),2014-07-19T15:00:00.000000000,2014-07-23T12:00:00.000000000,32,4.0,9.88590008270512,0.3051710405450194,5.09553556162507,2.5401918869252995
Eneide,eneide,main,1842,wspd,Wind speed (m/s),2014-07-19T15:00:00.000000000,2014-07-23T12:00:00.000000000,32,4.0,9.88590008270512,0.3051710405450194,5.09553556162507,2.5401918869252995
Eneide,eneide,main,1843,wspd,Wind speed (m/s),2014-08-05T06:00:00.000000000,2014-08-11T15:00:00.000000000,52,6.5,3.6224231025724976,10.5869939943409,7.104708548456699,1.0743751961634302
Eneide,eneide,main,1844,wspd,Wind speed (m/s),2014-08-05T06:00:00.000000000,2014-08-11T15:00:00.000000000,52,6.5,3.6224231025724976,10.5869939943409,7.104708548456699,1.0743751961634302
Eneide,eneide,main,1844,wspd,Wind speed (m/s),2014-08-13T09:00:00.000000000,2014-08-16T15:00:00.000000000,27,3.375,4.988858986574087,5.710444797779928,5.3496518921770075,0.22438509353641933
Eneide,eneide,main,1845,wspd,Wind speed (m/s),2014-08-05T06:00:00.000000000,2014-08-11T15:00:00.000000000,52,6.5,3.6224231025724976,10.5869939943409,7.104708548456699,1.0743751961634302
Eneide,eneide,main,1845,wspd,Wind speed (m/s),2014-08-13T09:00:00.000000000,2014-08-16T15:00:00.000000000,27,3.375,4.988858986574087,5.710444797779928,5.3496518921770075,0.22438509353641933
Eneide,eneide,main,1846,wspd,Wind speed (m/s),2014-08-13T09:00:00.000000000,2014-08-16T15:00:00.000000000,27,3.375,4.988858986574087,5.710444797779928,5.3496518921770075,0.22438509353641933
Eneide,eneide,main,1846,wspd,Wind speed (m/s),2014-08-24T03:00:00.000000000,2014-08-27T12:00:00.000000000,28,3.5,14.555943854763427,36.042943235432176,25.2994435450978,13.99376944912865
Eneide,eneide,main,1847,wspd,Wind speed (m/s),2014-08-13T09:00:00.000000000,2014-08-16T15:00:00.000000000,27,3.375,4.988858986574087,5.710444797779928,5.3496518921770075,0.22438509353641933
Eneide,eneide,main,1847,wspd,Wind speed (m/s),2014-08-24T03:00:00.000000000,2014-08-27T12:00:00.000000000,28,3.5,14.555943854763427,36.042943235432176,25.2994435450978,13.99376944912865
Eneide,eneide,main,1847,wspd,Wind speed (m/s),2014-08-27T18:00:00.000000000,2014-08-31T18:00:00.000000000,33,4.125,32.89522540010876,14.787281384688868,23.841253392398812,4.2115519211156425
Eneide,eneide,main,1848,wspd,Wind speed (m/s),2014-08-24T03:00:00.000000000,2014-08-27T12:00:00.000000000,28,3.5,14.555943854763427,36.042943235432176,25.2994435450978,13.99376944912865
Eneide,eneide,main,1848,wspd,Wind speed (m/s),2014-08-27T18:00:00.000000000,2014-08-31T18:00:00.000000000,33,4.125,32.89522540010876,14.787281384688868,23.841253392398812,4.2115519211156425
Eneide,eneide,main,1848,wspd,Wind speed (m/s),2014-09-01T00:00:00.000000000,2014-09-05T15:00:00.000000000,38,4.75,14.113321356258894,1.425114125059622,7.769217740659258,3.179481545761405
Eneide,eneide,main,1849,wspd,Wind speed (m/s),2014-08-24T03:00:00.000000000,2014-08-27T12:00:00.000000000,28,3.5,14.555943854763427,36.042943235432176,25.2994435450978,13.99376944912865
Eneide,eneide,main,1849,wspd,Wind speed (m/s),2014-08-27T18:00:00.000000000,2014-08-31T18:00:00.000000000,33,4.125,32.89522540010876,14.787281384688868,23.841253392398812,4.2115519211156425
Eneide,eneide,main,1849,wspd,Wind speed (m/s),2014-09-01T00:00:00.000000000,2014-09-05T15:00:00.000000000,38,4.75,14.113321356258894,1.425114125059622,7.769217740659258,3.179481545761405
Eneide,eneide,main,1850,wspd,Wind speed (m/s),2014-09-01T00:00:00.000000000,2014-09-05T15:00:00.000000000,38,4.75,14.113321356258894,1.425114125059622,7.769217740659258,3.179481545761405
Eneide,eneide,main,1850,wspd,Wind speed (m/s),2014-09-05T21:00:00.000000000,2014-09-13T18:00:00.000000000,64,8.0,2.70827230926227,0.6608457191468915,1.6845590142045808,0.26169756581707304
Eneide,eneide,main,1851,wspd,Wind speed (m/s),2014-09-05T21:00:00.000000000,2014-09-13T18:00:00.000000000,64,8.0,2.70827230926227,0.6608457191468915,1.6845590142045808,0.26169756581707304
Eneide,eneide,main,1851,wspd,Wind speed (m/s),2014-09-14T03:00:00.000000000,2014-09-19T15:00:00.000000000,45,5.625,3.6780326231125855,1.5756947690288143,2.6268636960707,0.3737489518371149
Eneide,eneide,main,1852,wspd,Wind speed (m/s),2014-09-14T03:00:00.000000000,2014-09-19T15:00:00.000000000,45,5.625,3.6780326231125855,1.5756947690288143,2.6268636960707,0.3737489518371149
Eneide,eneide,main,1852,wspd,Wind speed (m/s),2014-09-22T06:00:00.000000000,2014-09-27T00:00:00.000000000,39,4.875,3.5413177213825975,4.813941283999043,4.17762950269082,0.25079454741882046
Eneide,eneide,main,1853,wspd,Wind speed (m/s),2014-09-14T03:00:00.000000000,2014-09-19T15:00:00.000000000,45,5.625,3.6780326231125855,1.5756947690288143,2.6268636960707,0.3737489518371149
Eneide,eneide,main,1853,wspd,Wind speed (m/s),2014-09-22T06:00:00.000000000,2014-09-27T00:00:00.000000000,39,4.875,3.5413177213825975,4.813941283999043,4.17762950269082,0.25079454741882046
Eneide,eneide,main,1854,wspd,Wind speed (m/s),2014-09-22T06:00:00.000000000,2014-09-27T00:00:00.000000000,39,4.875,3.5413177213825975,4.813941283999043,4.17762950269082,0.25079454741882046
Eneide,eneide,main,1857,wspd,Wind speed (m/s),2014-10-16T09:00:00.000000000,2014-10-22T15:00:00.000000000,51,6.375,3.536940798502542,0.09688571066303098,1.8169132545827864,0.5426330339363403
Eneide,eneide,main,1858,wspd,Wind speed (m/s),2014-10-16T09:00:00.000000000,2014-10-22T15:00:00.000000000,51,6.375,3.536940798502542,0.09688571066303098,1.8169132545827864,0.5426330339363403
Eneide,eneide,main,1859,wspd,Wind speed (m/s),2014-10-16T09:00:00.000000000,2014-10-22T15:00:00.000000000,51,6.375,3.536940798502542,0.09688571066303098,1.8169132545827864,0.5426330339363403
Eneide,eneide,main,1859,wspd,Wind speed (m/s),2014-10-25T09:00:00.000000000,2014-10-30T06:00:00.000000000,40,5.0,21.995056686314456,7.176660786214143,14.5858587362643,5.702636731999974
Eneide,eneide,main,1860,wspd,Wind speed (m/s),2014-10-25T09:00:00.000000000,2014-10-30T06:00:00.000000000,40,5.0,21.995056686314456,7.176660786214143,14.5858587362643,5.702636731999974
Eneide,eneide,main,1861,wspd,Wind speed (m/s),2014-10-25T09:00:00.000000000,2014-10-30T06:00:00.000000000,40,5.0,21.995056686314456,7.176660786214143,14.5858587362643,5.702636731999974
Eneide,eneide,main,1866,wspd,Wind speed (m/s),2014-12-03T09:00:00.000000000,2014-12-06T12:00:00.000000000,26,3.25,0.9671155800403426,2.749303903843156,1.8582097419417494,0.50278152777949
Eneide,eneide,main,1867,wspd,Wind speed (m/s),2014-12-03T09:00:00.000000000,2014-12-06T12:00:00.000000000,26,3.25,0.9671155800403426,2.749303903843156,1.8582097419417494,0.50278152777949
Eneide,eneide,main,1868,wspd,Wind speed (m/s),2014-12-03T09:00:00.000000000,2014-12-06T12:00:00.000000000,26,3.25,0.9671155800403426,2.749303903843156,1.8582097419417494,0.50278152777949
Eneide,eneide,main,1878,wspd,Wind speed (m/s),2015-02-03T21:00:00.000000000,2015-02-09T15:00:00.000000000,47,5.875,0.35121344108252117,12.086343934690376,6.218778687886449,2.074477860009665
Eneide,eneide,main,1879,wspd,Wind speed (m/s),2015-02-03T21:00:00.000000000,2015-02-09T15:00:00.000000000,47,5.875,0.35121344108252117,12.086343934690376,6.218778687886449,2.074477860009665
Eneide,eneide,main,1880,wspd,Wind speed (m/s),2015-02-03T21:00:00.000000000,2015-02-09T15:00:00.000000000,47,5.875,0.35121344108252117,12.086343934690376,6.218778687886449,2.074477860009665
Eneide,eneide,main,1880,wspd,Wind speed (m/s),2015-02-14T21:00:00.000000000,2015-02-18T00:00:00.000000000,26,3.25,13.005098916618863,1.3734399734931912,7.189269445056027,4.20764155770371
Eneide,eneide,main,1881,wspd,Wind speed (m/s),2015-02-14T21:00:00.000000000,2015-02-18T00:00:00.000000000,26,3.25,13.005098916618863,1.3734399734931912,7.189269445056027,4.20764155770371
Eneide,eneide,main,1881,wspd,Wind speed (m/s),2015-02-20T00:00:00.000000000,2015-02-26T03:00:00.000000000,50,6.25,22.606567381757486,3.5101142621376766,13.058340821947581,4.08455120532642
Eneide,eneide,main,1882,wspd,Wind speed (m/s),2015-02-14T21:00:00.000000000,2015-02-18T00:00:00.000000000,26,3.25,13.005098916618863,1.3734399734931912,7.189269445056027,4.20764155770371
Eneide,eneide,main,1882,wspd,Wind speed (m/s),2015-02-20T00:00:00.000000000,2015-02-26T03:00:00.000000000,50,6.25,22.606567381757486,3.5101142621376766,13.058340821947581,4.08455120532642
Eneide,eneide,main,1882,wspd,Wind speed (m/s),2015-02-26T12:00:00.000000000,2015-03-01T21:00:00.000000000,28,3.5,2.732950899527623,26.71823126304116,14.725591081284392,8.059943321416995
Eneide,eneide,main,1883,wspd,Wind speed (m/s),2015-02-20T00:00:00.000000000,2015-02-26T03:00:00.000000000,50,6.25,22.606567381757486,3.5101142621376766,13.058340821947581,4.08455120532642
Eneide,eneide,main,1883,wspd,Wind speed (m/s),2015-02-26T12:00:00.000000000,2015-03-01T21:00:00.000000000,28,3.5,2.732950899527623,26.71823126304116,14.725591081284392,8.059943321416995
Eneide,eneide,main,1884,wspd,Wind speed (m/s),2015-02-26T12:00:00.000000000,2015-03-01T21:00:00.000000000,28,3.5,2.732950899527623,26.71823126304116,14.725591081284392,8.059943321416995
Eneide,eneide,main,1892,wspd,Wind speed (m/s),2015-04-21T15:00:00.000000000,2015-04-26T06:00:00.000000000,38,4.75,12.702508829875114,3.773143651076907,8.23782624047601,3.4577621116698083
Eneide,eneide,main,1893,wspd,Wind speed (m/s),2015-04-21T15:00:00.000000000,2015-04-26T06:00:00.000000000,38,4.75,12.702508829875114,3.773143651076907,8.23782624047601,3.4577621116698083
Eneide,eneide,main,1894,wspd,Wind speed (m/s),2015-04-21T15:00:00.000000000,2015-04-26T06:00:00.000000000,38,4.75,12.702508829875114,3.773143651076907,8.23782624047601,3.4577621116698083
Eneide,eneide,main,1895,wspd,Wind speed (m/s),2015-04-21T15:00:00.000000000,2015-04-26T06:00:00.000000000,38,4.75,12.702508829875114,3.773143651076907,8.23782624047601,3.4577621116698083
Eneide,eneide,main,1898,wspd,Wind speed (m/s),2015-05-21T15:00:00.000000000,2015-05-25T12:00:00.000000000,32,4.0,3.7503879568555476,10.696536080155056,7.223462018505302,1.7289612952006905
Eneide,eneide,main,1899,wspd,Wind speed (m/s),2015-05-21T15:00:00.000000000,2015-05-25T12:00:00.000000000,32,4.0,3.7503879568555476,10.696536080155056,7.223462018505302,1.7289612952006905
Eneide,eneide,main,1900,wspd,Wind speed (m/s),2015-05-21T15:00:00.000000000,2015-05-25T12:00:00.000000000,32,4.0,3.7503879568555476,10.696536080155056,7.223462018505302,1.7289612952006905
Eneide,eneide,main,1901,wspd,Wind speed (m/s),2015-06-04T00:00:00.000000000,2015-06-11T12:00:00.000000000,61,7.625,28.752823036417794,0.8591693396796529,14.805996188048724,3.5778033681472152
Eneide,eneide,main,1902,wspd,Wind speed (m/s),2015-06-04T00:00:00.000000000,2015-06-11T12:00:00.000000000,61,7.625,28.752823036417794,0.8591693396796529,14.805996188048724,3.5778033681472152
Eneide,eneide,main,1903,wspd,Wind speed (m/s),2015-06-04T00:00:00.000000000,2015-06-11T12:00:00.000000000,61,7.625,28.752823036417794,0.8591693396796529,14.805996188048724,3.5778033681472152
Eneide,eneide,main,1904,wspd,Wind speed (m/s),2015-06-23T06:00:00.000000000,2015-06-26T12:00:00.000000000,27,3.375,4.242691442088812,2.83242745543248,3.5375594487606463,0.396691989942596
Eneide,eneide,main,1905,wspd,Wind speed (m/s),2015-06-23T06:00:00.000000000,2015-06-26T12:00:00.000000000,27,3.375,4.242691442088812,2.83242745543248,3.5375594487606463,0.396691989942596
Eneide,eneide,main,1906,wspd,Wind speed (m/s),2015-06-23T06:00:00.000000000,2015-06-26T12:00:00.000000000,27,3.375,4.242691442088812,2.83242745543248,3.5375594487606463,0.396691989942596
Eneide,eneide,main,1907,wspd,Wind speed (m/s),2015-07-05T21:00:00.000000000,2015-07-09T15:00:00.000000000,31,3.875,11.805215583480276,0.22483481777271663,6.015025200626496,2.7949368383074216
Eneide,eneide,main,1908,wspd,Wind speed (m/s),2015-07-05T21:00:00.000000000,2015-07-09T15:00:00.000000000,31,3.875,11.805215583480276,0.22483481777271663,6.015025200626496,2.7949368383074216
Eneide,eneide,main,1908,wspd,Wind speed (m/s),2015-07-14T00:00:00.000000000,2015-07-19T06:00:00.000000000,43,5.375,10.248790923284105,3.850412735961754,7.0496018296229295,1.1777109965154295
Eneide,eneide,main,1909,wspd,Wind speed (m/s),2015-07-05T21:00:00.000000000,2015-07-09T15:00:00.000000000,31,3.875,11.805215583480276,0.22483481777271663,6.015025200626496,2.7949368383074216
Eneide,eneide,main,1909,wspd,Wind speed (m/s),2015-07-14T00:00:00.000000000,2015-07-19T06:00:00.000000000,43,5.375,10.248790923284105,3.850412735961754,7.0496018296229295,1.1777109965154295
Eneide,eneide,main,1910,wspd,Wind speed (m/s),2015-07-14T00:00:00.000000000,2015-07-19T06:00:00.000000000,43,5.375,10.248790923284105,3.850412735961754,7.0496018296229295,1.1777109965154295
Eneide,eneide,main,1915,wspd,Wind speed (m/s),2015-08-19T06:00:00.000000000,2015-08-22T21:00:00.000000000,30,3.75,2.165810199418729,2.679900809014157,2.422855504216443,0.16289730748587772
Eneide,eneide,main,1916,wspd,Wind speed (m/s),2015-08-19T06:00:00.000000000,2015-08-22T21:00:00.000000000,30,3.75,2.165810199418729,2.679900809014157,2.422855504216443,0.16289730748587772
Eneide,eneide,main,1916,wspd,Wind speed (m/s),2015-08-24T15:00:00.000000000,2015-08-29T06:00:00.000000000,38,4.75,9.380626307563261,35.0165022767269,22.19856429214508,9.082256779807267
Eneide,eneide,main,1917,wspd,Wind speed (m/s),2015-08-19T06:00:00.000000000,2015-08-22T21:00:00.000000000,30,3.75,2.165810199418729,2.679900809014157,2.422855504216443,0.16289730748587772
Eneide,eneide,main,1917,wspd,Wind speed (m/s),2015-08-24T15:00:00.000000000,2015-08-29T06:00:00.000000000,38,4.75,9.380626307563261,35.0165022767269,22.19856429214508,9.082256779807267
Eneide,eneide,main,1917,wspd,Wind speed (m/s),2015-08-30T18:00:00.000000000,2015-09-02T15:00:00.000000000,24,3.0,40.57005901498724,3.4195036022315435,21.99478130860939,13.889855197332963
Eneide,eneide,main,1918,wspd,Wind speed (m/s),2015-08-24T15:00:00.000000000,2015-08-29T06:00:00.000000000,38,4.75,9.380626307563261,35.0165022767269,22.19856429214508,9.082256779807267
Eneide,eneide,main,1918,wspd,Wind speed (m/s),2015-08-30T18:00:00.000000000,2015-09-02T15:00:00.000000000,24,3.0,40.57005901498724,3.4195036022315435,21.99478130860939,13.889855197332963
Eneide,eneide,main,1919,wspd,Wind speed (m/s),2015-08-30T18:00:00.000000000,2015-09-02T15:00:00.000000000,24,3.0,40.57005901498724,3.4195036022315435,21.99478130860939,13.889855197332963
Eneide,eneide,main,1920,wspd,Wind speed (m/s),2015-08-30T18:00:00.000000000,2015-09-02T15:00:00.000000000,24,3.0,40.57005901498724,3.4195036022315435,21.99478130860939,13.889855197332963
Eneide,eneide,main,1920,wspd,Wind speed (m/s),2015-09-14T21:00:00.000000000,2015-09-18T06:00:00.000000000,28,3.5,46.86276749677563,5.1334373461511404,25.998102421463386,14.353596317081156
Eneide,eneide,main,1921,wspd,Wind speed (m/s),2015-09-14T21:00:00.000000000,2015-09-18T06:00:00.000000000,28,3.5,46.86276749677563,5.1334373461511404,25.998102421463386,14.353596317081156
Eneide,eneide,main,1922,wspd,Wind speed (m/s),2015-09-14T21:00:00.000000000,2015-09-18T06:00:00.000000000,28,3.5,46.86276749677563,5.1334373461511404,25.998102421463386,14.353596317081156
Eneide,eneide,main,1923,wspd,Wind speed (m/s),2015-09-27T18:00:00.000000000,2015-10-04T03:00:00.000000000,52,6.5,4.466208878242583,2.714974749382691,3.5905918138126367,0.26942064433977464
Eneide,eneide,main,1924,wspd,Wind speed (m/s),2015-09-27T18:00:00.000000000,2015-10-04T03:00:00.000000000,52,6.5,4.466208878242583,2.714974749382691,3.5905918138126367,0.26942064433977464
Eneide,eneide,main,1924,wspd,Wind speed (m/s),2015-10-04T09:00:00.000000000,2015-10-07T06:00:00.000000000,24,3.0,3.1459927680905366,0.951763589509028,2.0488781787997823,0.7580763641249746
Eneide,eneide,main,1925,wspd,Wind speed (m/s),2015-09-27T18:00:00.000000000,2015-10-04T03:00:00.000000000,52,6.5,4.466208878242583,2.714974749382691,3.5905918138126367,0.26942064433977464
Eneide,eneide,main,1925,wspd,Wind speed (m/s),2015-10-04T09:00:00.000000000,2015-10-07T06:00:00.000000000,24,3.0,3.1459927680905366,0.951763589509028,2.0488781787997823,0.7580763641249746
Eneide,eneide,main,1925,wspd,Wind speed (m/s),2015-10-07T18:00:00.000000000,2015-10-14T03:00:00.000000000,52,6.5,1.3839328136344875,0.5894741485158193,0.9867034810751534,0.3006983289546241
Eneide,eneide,main,1926,wspd,Wind speed (m/s),2015-10-04T09:00:00.000000000,2015-10-07T06:00:00.000000000,24,3.0,3.1459927680905366,0.951763589509028,2.0488781787997823,0.7580763641249746
Eneide,eneide,main,1926,wspd,Wind speed (m/s),2015-10-07T18:00:00.000000000,2015-10-14T03:00:00.000000000,52,6.5,1.3839328136344875,0.5894741485158193,0.9867034810751534,0.3006983289546241
Eneide,eneide,main,1927,wspd,Wind speed (m/s),2015-10-07T18:00:00.000000000,2015-10-14T03:00:00.000000000,52,6.5,1.3839328136344875,0.5894741485158193,0.9867034810751534,0.3006983289546241
Eneide,eneide,main,1930,wspd,Wind speed (m/s),2015-11-01T12:00:00.000000000,2015-11-07T09:00:00.000000000,48,6.0,4.576212775633394,2.3564874198759753,3.4663500977546846,0.36995423914815717
Eneide,eneide,main,1931,wspd,Wind speed (m/s),2015-11-01T12:00:00.000000000,2015-11-07T09:00:00.000000000,48,6.0,4.576212775633394,2.3564874198759753,3.4663500977546846,0.36995423914815717
Eneide,eneide,main,1932,wspd,Wind speed (m/s),2015-11-13T03:00:00.000000000,2015-11-17T09:00:00.000000000,35,4.375,11.032717182499255,0.24762544856211832,5.6401713155306865,2.3572272996295283
Eneide,eneide,main,1932,wspd,Wind speed (m/s),2015-11-17T15:00:00.000000000,2015-11-21T21:00:00.000000000,35,4.375,1.221334148521862,1.4028838641605716,1.3121090063412169,0.6061705045159158
Eneide,eneide,main,1933,wspd,Wind speed (m/s),2015-11-13T03:00:00.000000000,2015-11-17T09:00:00.000000000,35,4.375,11.032717182499255,0.24762544856211832,5.6401713155306865,2.3572272996295283
Eneide,eneide,main,1933,wspd,Wind speed (m/s),2015-11-17T15:00:00.000000000,2015-11-21T21:00:00.000000000,35,4.375,1.221334148521862,1.4028838641605716,1.3121090063412169,0.6061705045159158
Eneide,eneide,main,1933,wspd,Wind speed (m/s),2015-11-24T12:00:00.000000000,2015-11-27T12:00:00.000000000,25,3.125,1.3043022857971778,10.507539613277004,5.905920949537091,2.7973437027549153
Eneide,eneide,main,1934,wspd,Wind speed (m/s),2015-11-13T03:00:00.000000000,2015-11-17T09:00:00.000000000,35,4.375,11.032717182499255,0.24762544856211832,5.6401713155306865,2.3572272996295283
Eneide,eneide,main,1934,wspd,Wind speed (m/s),2015-11-17T15:00:00.000000000,2015-11-21T21:00:00.000000000,35,4.375,1.221334148521862,1.4028838641605716,1.3121090063412169,0.6061705045159158
Eneide,eneide,main,1934,wspd,Wind speed (m/s),2015-11-24T12:00:00.000000000,2015-11-27T12:00:00.000000000,25,3.125,1.3043022857971778,10.507539613277004,5.905920949537091,2.7973437027549153
Eneide,eneide,main,1935,wspd,Wind speed (m/s),2015-11-17T15:00:00.000000000,2015-11-21T21:00:00.000000000,35,4.375,1.221334148521862,1.4028838641605716,1.3121090063412169,0.6061705045159158
Eneide,eneide,main,1935,wspd,Wind speed (m/s),2015-11-24T12:00:00.000000000,2015-11-27T12:00:00.000000000,25,3.125,1.3043022857971778,10.507539613277004,5.905920949537091,2.7973437027549153
Eneide,eneide,main,1936,wspd,Wind speed (m/s),2015-11-24T12:00:00.000000000,2015-11-27T12:00:00.000000000,25,3.125,1.3043022857971778,10.507539613277004,5.905920949537091,2.7973437027549153
Eneide,eneide,main,1940,wspd,Wind speed (m/s),2015-12-26T18:00:00.000000000,2015-12-30T06:00:00.000000000,29,3.625,1.478937963619103,3.974386829204036,2.7266623964115695,0.6516180338184085
Eneide,eneide,main,1941,wspd,Wind speed (m/s),2015-12-26T18:00:00.000000000,2015-12-30T06:00:00.000000000,29,3.625,1.478937963619103,3.974386829204036,2.7266623964115695,0.6516180338184085
Eneide,eneide,main,1942,wspd,Wind speed (m/s),2015-12-26T18:00:00.000000000,2015-12-30T06:00:00.000000000,29,3.625,1.478937963619103,3.974386829204036,2.7266623964115695,0.6516180338184085
Eneide,eneide,main,1942,wspd,Wind speed (m/s),2016-01-09T15:00:00.000000000,2016-01-13T03:00:00.000000000,29,3.625,3.026346219657057,0.22841441141247287,1.627380315534765,0.7718432710901482
Eneide,eneide,main,1943,wspd,Wind speed (m/s),2016-01-09T15:00:00.000000000,2016-01-13T03:00:00.000000000,29,3.625,3.026346219657057,0.22841441141247287,1.627380315534765,0.7718432710901482
Eneide,eneide,main,1944,wspd,Wind speed (m/s),2016-01-09T15:00:00.000000000,2016-01-13T03:00:00.000000000,29,3.625,3.026346219657057,0.22841441141247287,1.627380315534765,0.7718432710901482
Eneide,eneide,main,1945,wspd,Wind speed (m/s),2016-01-09T15:00:00.000000000,2016-01-13T03:00:00.000000000,29,3.625,3.026346219657057,0.22841441141247287,1.627380315534765,0.7718432710901482
Eneide,eneide,main,1947,wspd,Wind speed (m/s),2016-01-31T00:00:00.000000000,2016-02-07T00:00:00.000000000,57,7.125,16.414673728215348,0.5079590638581095,8.461316396036729,2.3339691202279482
Eneide,eneide,main,1948,wspd,Wind speed (m/s),2016-01-31T00:00:00.000000000,2016-02-07T00:00:00.000000000,57,7.125,16.414673728215348,0.5079590638581095,8.461316396036729,2.3339691202279482
Eneide,eneide,main,1949,wspd,Wind speed (m/s),2016-01-31T00:00:00.000000000,2016-02-07T00:00:00.000000000,57,7.125,16.414673728215348,0.5079590638581095,8.461316396036729,2.3339691202279482
Eneide,eneide,main,1950,wspd,Wind speed (m/s),2016-02-18T18:00:00.000000000,2016-02-22T06:00:00.000000000,29,3.625,1.840730933427949,4.734714168673349,3.287722551050649,1.7219617953375064
Eneide,eneide,main,1951,wspd,Wind speed (m/s),2016-02-18T18:00:00.000000000,2016-02-22T06:00:00.000000000,29,3.625,1.840730933427949,4.734714168673349,3.287722551050649,1.7219617953375064
Eneide,eneide,main,1952,wspd,Wind speed (m/s),2016-02-18T18:00:00.000000000,2016-02-22T06:00:00.000000000,29,3.625,1.840730933427949,4.734714168673349,3.287722551050649,1.7219617953375064
Eneide,eneide,main,1953,wspd,Wind speed (m/s),2016-03-04T06:00:00.000000000,2016-03-08T15:00:00.000000000,36,4.5,16.53497643524952,2.924523888841577,9.729750162045548,2.946467060569944
Eneide,eneide,main,1954,wspd,Wind speed (m/s),2016-03-04T06:00:00.000000000,2016-03-08T15:00:00.000000000,36,4.5,16.53497643524952,2.924523888841577,9.729750162045548,2.946467060569944
Eneide,eneide,main,1955,wspd,Wind speed (m/s),2016-03-04T06:00:00.000000000,2016-03-08T15:00:00.000000000,36,4.5,16.53497643524952,2.924523888841577,9.729750162045548,2.946467060569944
Eneide,eneide,main,1955,wspd,Wind speed (m/s),2016-03-09T21:00:00.000000000,2016-03-20T15:00:00.000000000,87,10.875,2.764984290200914,26.86557795986937,14.815281125035142,2.670312916986404
Eneide,eneide,main,1956,wspd,Wind speed (m/s),2016-03-09T21:00:00.000000000,2016-03-20T15:00:00.000000000,87,10.875,2.764984290200914,26.86557795986937,14.815281125035142,2.670312916986404
Eneide,eneide,main,1960,wspd,Wind speed (m/s),2016-04-08T12:00:00.000000000,2016-04-13T09:00:00.000000000,40,5.0,7.6182741995189645,8.601454903388912,8.109864551453938,3.1805311463016324
Eneide,eneide,main,1961,wspd,Wind speed (m/s),2016-04-08T12:00:00.000000000,2016-04-13T09:00:00.000000000,40,5.0,7.6182741995189645,8.601454903388912,8.109864551453938,3.1805311463016324
Eneide,eneide,main,1961,wspd,Wind speed (m/s),2016-04-15T21:00:00.000000000,2016-04-21T12:00:00.000000000,46,5.75,10.95970727278609,2.9868627542203967,6.973285013503244,1.3939820424497498
Eneide,eneide,main,1962,wspd,Wind speed (m/s),2016-04-08T12:00:00.000000000,2016-04-13T09:00:00.000000000,40,5.0,7.6182741995189645,8.601454903388912,8.109864551453938,3.1805311463016324
Eneide,eneide,main,1962,wspd,Wind speed (m/s),2016-04-15T21:00:00.000000000,2016-04-21T12:00:00.000000000,46,5.75,10.95970727278609,2.9868627542203967,6.973285013503244,1.3939820424497498
Eneide,eneide,main,1963,wspd,Wind speed (m/s),2016-04-15T21:00:00.000000000,2016-04-21T12:00:00.000000000,46,5.75,10.95970727278609,2.9868627542203967,6.973285013503244,1.3939820424497498
Eneide,eneide,main,1964,wspd,Wind speed (m/s),2016-04-30T09:00:00.000000000,2016-05-03T06:00:00.000000000,24,3.0,0.020271913932106145,29.45054784426884,14.735409879100473,9.223605940134803
Eneide,eneide,main,1965,wspd,Wind speed (m/s),2016-04-30T09:00:00.000000000,2016-05-03T06:00:00.000000000,24,3.0,0.020271913932106145,29.45054784426884,14.735409879100473,9.223605940134803
Eneide,eneide,main,1966,wspd,Wind speed (m/s),2016-04-30T09:00:00.000000000,2016-05-03T06:00:00.000000000,24,3.0,0.020271913932106145,29.45054784426884,14.735409879100473,9.223605940134803
Eneide,eneide,main,1969,wspd,Wind speed (m/s),2016-05-26T15:00:00.000000000,2016-05-31T15:00:00.000000000,41,5.125,12.542189627455627,6.030818586801161,9.286504107128394,3.517149054660763
Eneide,eneide,main,1970,wspd,Wind speed (m/s),2016-05-26T15:00:00.000000000,2016-05-31T15:00:00.000000000,41,5.125,12.542189627455627,6.030818586801161,9.286504107128394,3.517149054660763
Eneide,eneide,main,1971,wspd,Wind speed (m/s),2016-05-26T15:00:00.000000000,2016-05-31T15:00:00.000000000,41,5.125,12.542189627455627,6.030818586801161,9.286504107128394,3.517149054660763
Eneide,eneide,main,1985,wspd,Wind speed (m/s),2016-08-18T09:00:00.000000000,2016-08-22T09:00:00.000000000,33,4.125,2.4660475476777037,14.305338748214126,8.385693147945915,2.8701314111474403
Eneide,eneide,main,1986,wspd,Wind speed (m/s),2016-08-18T09:00:00.000000000,2016-08-22T09:00:00.000000000,33,4.125,2.4660475476777037,14.305338748214126,8.385693147945915,2.8701314111474403
Eneide,eneide,main,1987,wspd,Wind speed (m/s),2016-08-18T09:00:00.000000000,2016-08-22T09:00:00.000000000,33,4.125,2.4660475476777037,14.305338748214126,8.385693147945915,2.8701314111474403
Eneide,eneide,main,1991,wspd,Wind speed (m/s),2016-09-20T21:00:00.000000000,2016-09-23T21:00:00.000000000,25,3.125,5.92689927058791,3.5166609714179913,4.721780121002951,0.7466610086717083
Eneide,eneide,main,1992,wspd,Wind speed (m/s),2016-09-20T21:00:00.000000000,2016-09-23T21:00:00.000000000,25,3.125,5.92689927058791,3.5166609714179913,4.721780121002951,0.7466610086717083
Eneide,eneide,main,1992,wspd,Wind speed (m/s),2016-09-25T03:00:00.000000000,2016-09-29T03:00:00.000000000,33,4.125,4.4593326652944825,10.624636543992892,7.541984604643687,1.5017490499075734
Eneide,eneide,main,1993,wspd,Wind speed (m/s),2016-09-20T21:00:00.000000000,2016-09-23T21:00:00.000000000,25,3.125,5.92689927058791,3.5166609714179913,4.721780121002951,0.7466610086717083
Eneide,eneide,main,1993,wspd,Wind speed (m/s),2016-09-25T03:00:00.000000000,2016-09-29T03:00:00.000000000,33,4.125,4.4593326652944825,10.624636543992892,7.541984604643687,1.5017490499075734
Eneide,eneide,main,1993,wspd,Wind speed (m/s),2016-09-30T06:00:00.000000000,2016-10-04T18:00:00.000000000,37,4.625,12.724430161302735,8.730960923242037,10.727695542272386,0.8577628559641823
Eneide,eneide,main,1994,wspd,Wind speed (m/s),2016-09-25T03:00:00.000000000,2016-09-29T03:00:00.000000000,33,4.125,4.4593326652944825,10.624636543992892,7.541984604643687,1.5017490499075734
Eneide,eneide,main,1994,wspd,Wind speed (m/s),2016-09-30T06:00:00.000000000,2016-10-04T18:00:00.000000000,37,4.625,12.724430161302735,8.730960923242037,10.727695542272386,0.8577628559641823
Eneide,eneide,main,1995,wspd,Wind speed (m/s),2016-09-30T06:00:00.000000000,2016-10-04T18:00:00.000000000,37,4.625,12.724430161302735,8.730960923242037,10.727695542272386,0.8577628559641823
Eneide,eneide,main,1999,wspd,Wind speed (m/s),2016-11-04T12:00:00.000000000,2016-11-07T15:00:00.000000000,26,3.25,14.871612799867307,1.163155227383072,8.01738401362519,4.206590691059091
Eneide,eneide,main,2000,wspd,Wind speed (m/s),2016-11-04T12:00:00.000000000,2016-11-07T15:00:00.000000000,26,3.25,14.871612799867307,1.163155227383072,8.01738401362519,4.206590691059091
Eneide,eneide,main,2001,wspd,Wind speed (m/s),2016-11-04T12:00:00.000000000,2016-11-07T15:00:00.000000000,26,3.25,14.871612799867307,1.163155227383072,8.01738401362519,4.206590691059091
Eneide,eneide,main,2002,wspd,Wind speed (m/s),2016-11-04T12:00:00.000000000,2016-11-07T15:00:00.000000000,26,3.25,14.871612799867307,1.163155227383072,8.01738401362519,4.206590691059091
Eneide,eneide,main,2005,wspd,Wind speed (m/s),2016-11-29T12:00:00.000000000,2016-12-04T09:00:00.000000000,40,5.0,6.944970013163584,5.822165216198982,6.383567614681283,0.21480485748365652
Eneide,eneide,main,2006,wspd,Wind speed (m/s),2016-11-29T12:00:00.000000000,2016-12-04T09:00:00.000000000,40,5.0,6.944970013163584,5.822165216198982,6.383567614681283,0.21480485748365652
Eneide,eneide,main,2007,wspd,Wind speed (m/s),2016-11-29T12:00:00.000000000,2016-12-04T09:00:00.000000000,40,5.0,6.944970013163584,5.822165216198982,6.383567614681283,0.21480485748365652
Eneide,eneide,main,2007,wspd,Wind speed (m/s),2016-12-16T09:00:00.000000000,2016-12-19T15:00:00.000000000,27,3.375,38.21015944377723,0.774573862604143,19.492366653190686,10.541762414968616
Eneide,eneide,main,2008,wspd,Wind speed (m/s),2016-12-16T09:00:00.000000000,2016-12-19T15:00:00.000000000,27,3.375,38.21015944377723,0.774573862604143,19.492366653190686,10.541762414968616
Eneide,eneide,main,2009,wspd,Wind speed (m/s),2016-12-16T09:00:00.000000000,2016-12-19T15:00:00.000000000,27,3.375,38.21015944377723,0.774573862604143,19.492366653190686,10.541762414968616
Eneide,eneide,main,2010,wspd,Wind speed (m/s),2016-12-16T09:00:00.000000000,2016-12-19T15:00:00.000000000,27,3.375,38.21015944377723,0.774573862604143,19.492366653190686,10.541762414968616
Eneide,eneide,main,2012,wspd,Wind speed (m/s),2017-01-11T12:00:00.000000000,2017-01-14T09:00:00.000000000,24,3.0,1.3495463679503246,13.562573542753853,7.456059955352089,4.690706595721167
Eneide,eneide,main,2013,wspd,Wind speed (m/s),2017-01-11T12:00:00.000000000,2017-01-14T09:00:00.000000000,24,3.0,1.3495463679503246,13.562573542753853,7.456059955352089,4.690706595721167
Eneide,eneide,main,2014,wspd,Wind speed (m/s),2017-01-11T12:00:00.000000000,2017-01-14T09:00:00.000000000,24,3.0,1.3495463679503246,13.562573542753853,7.456059955352089,4.690706595721167
Eneide,eneide,main,2015,wspd,Wind speed (m/s),2017-01-11T12:00:00.000000000,2017-01-14T09:00:00.000000000,24,3.0,1.3495463679503246,13.562573542753853,7.456059955352089,4.690706595721167
Eneide,eneide,main,2020,wspd,Wind speed (m/s),2017-02-20T00:00:00.000000000,2017-02-23T00:00:00.000000000,25,3.125,14.20057873868518,3.1191871224481247,8.659882930566653,5.1361711820576375
Eneide,eneide,main,2021,wspd,Wind speed (m/s),2017-02-20T00:00:00.000000000,2017-02-23T00:00:00.000000000,25,3.125,14.20057873868518,3.1191871224481247,8.659882930566653,5.1361711820576375
Eneide,eneide,main,2022,wspd,Wind speed (m/s),2017-02-20T00:00:00.000000000,2017-02-23T00:00:00.000000000,25,3.125,14.20057873868518,3.1191871224481247,8.659882930566653,5.1361711820576375
Eneide,eneide,main,2025,wspd,Wind speed (m/s),2017-03-15T15:00:00.000000000,2017-03-23T21:00:00.000000000,67,8.375,6.861902170167468,1.5573452763515547,4.2096237232595115,0.61757656201506
Eneide,eneide,main,2026,wspd,Wind speed (m/s),2017-03-15T15:00:00.000000000,2017-03-23T21:00:00.000000000,67,8.375,6.861902170167468,1.5573452763515547,4.2096237232595115,0.61757656201506
Eneide,eneide,main,2027,wspd,Wind speed (m/s),2017-03-15T15:00:00.000000000,2017-03-23T21:00:00.000000000,67,8.375,6.861902170167468,1.5573452763515547,4.2096237232595115,0.61757656201506
Eneide,eneide,main,2030,wspd,Wind speed (m/s),2017-04-15T21:00:00.000000000,2017-04-19T03:00:00.000000000,27,3.375,8.831299696237238,9.24696556615072,9.03913263119398,0.11257816457826664
Eneide,eneide,main,2031,wspd,Wind speed (m/s),2017-04-15T21:00:00.000000000,2017-04-19T03:00:00.000000000,27,3.375,8.831299696237238,9.24696556615072,9.03913263119398,0.11257816457826664
Eneide,eneide,main,2032,wspd,Wind speed (m/s),2017-04-15T21:00:00.000000000,2017-04-19T03:00:00.000000000,27,3.375,8.831299696237238,9.24696556615072,9.03913263119398,0.11257816457826664
Eneide,eneide,main,2033,wspd,Wind speed (m/s),2017-04-15T21:00:00.000000000,2017-04-19T03:00:00.000000000,27,3.375,8.831299696237238,9.24696556615072,9.03913263119398,0.11257816457826664
Eneide,eneide,main,2035,wspd,Wind speed (m/s),2017-05-01T06:00:00.000000000,2017-05-11T12:00:00.000000000,83,10.375,13.938447017759245,2.4070955115450943,8.17277126465217,1.113750409674651
Eneide,eneide,main,2036,wspd,Wind speed (m/s),2017-05-01T06:00:00.000000000,2017-05-11T12:00:00.000000000,83,10.375,13.938447017759245,2.4070955115450943,8.17277126465217,1.113750409674651
Eneide,eneide,main,2037,wspd,Wind speed (m/s),2017-05-19T00:00:00.000000000,2017-05-22T03:00:00.000000000,26,3.25,34.925345292776,22.5641123693149,28.74472883104545,3.6097237590036
Eneide,eneide,main,2038,wspd,Wind speed (m/s),2017-05-19T00:00:00.000000000,2017-05-22T03:00:00.000000000,26,3.25,34.925345292776,22.5641123693149,28.74472883104545,3.6097237590036
Eneide,eneide,main,2038,wspd,Wind speed (m/s),2017-05-22T09:00:00.000000000,2017-05-26T18:00:00.000000000,36,4.5,18.611126819159836,4.628399066426027,11.619762942792931,4.984158890548201
Eneide,eneide,main,2039,wspd,Wind speed (m/s),2017-05-19T00:00:00.000000000,2017-05-22T03:00:00.000000000,26,3.25,34.925345292776,22.5641123693149,28.74472883104545,3.6097237590036
Eneide,eneide,main,2039,wspd,Wind speed (m/s),2017-05-22T09:00:00.000000000,2017-05-26T18:00:00.000000000,36,4.5,18.611126819159836,4.628399066426027,11.619762942792931,4.984158890548201
Eneide,eneide,main,2040,wspd,Wind speed (m/s),2017-05-22T09:00:00.000000000,2017-05-26T18:00:00.000000000,36,4.5,18.611126819159836,4.628399066426027,11.619762942792931,4.984158890548201
Eneide,eneide,main,2044,wspd,Wind speed (m/s),2017-06-25T09:00:00.000000000,2017-06-28T18:00:00.000000000,28,3.5,7.597456278068194,11.488938908268665,9.54319759316843,1.1414089348875223
Eneide,eneide,main,2045,wspd,Wind speed (m/s),2017-06-25T09:00:00.000000000,2017-06-28T18:00:00.000000000,28,3.5,7.597456278068194,11.488938908268665,9.54319759316843,1.1414089348875223
Eneide,eneide,main,2046,wspd,Wind speed (m/s),2017-06-25T09:00:00.000000000,2017-06-28T18:00:00.000000000,28,3.5,7.597456278068194,11.488938908268665,9.54319759316843,1.1414089348875223
Eneide,eneide,main,2047,wspd,Wind speed (m/s),2017-07-13T03:00:00.000000000,2017-07-16T09:00:00.000000000,27,3.375,34.84785210741393,3.122813245424254,18.98533267641909,10.68972190632212
Eneide,eneide,main,2048,wspd,Wind speed (m/s),2017-07-13T03:00:00.000000000,2017-07-16T09:00:00.000000000,27,3.375,34.84785210741393,3.122813245424254,18.98533267641909,10.68972190632212
Eneide,eneide,main,2048,wspd,Wind speed (m/s),2017-07-19T06:00:00.000000000,2017-07-23T06:00:00.000000000,33,4.125,5.812540923669985,2.144903334134483,3.978722128902234,1.9148171901366027
Eneide,eneide,main,2049,wspd,Wind speed (m/s),2017-07-13T03:00:00.000000000,2017-07-16T09:00:00.000000000,27,3.375,34.84785210741393,3.122813245424254,18.98533267641909,10.68972190632212
Eneide,eneide,main,2049,wspd,Wind speed (m/s),2017-07-19T06:00:00.000000000,2017-07-23T06:00:00.000000000,33,4.125,5.812540923669985,2.144903334134483,3.978722128902234,1.9148171901366027
Eneide,eneide,main,2049,wspd,Wind speed (m/s),2017-07-23T15:00:00.000000000,2017-07-26T15:00:00.000000000,25,3.125,0.7275247903784248,20.55390703261537,10.640715911496898,6.502365240120525
Eneide,eneide,main,2050,wspd,Wind speed (m/s),2017-07-13T03:00:00.000000000,2017-07-16T09:00:00.000000000,27,3.375,34.84785210741393,3.122813245424254,18.98533267641909,10.68972190632212
Eneide,eneide,main,2050,wspd,Wind speed (m/s),2017-07-19T06:00:00.000000000,2017-07-23T06:00:00.000000000,33,4.125,5.812540923669985,2.144903334134483,3.978722128902234,1.9148171901366027
Eneide,eneide,main,2050,wspd,Wind speed (m/s),2017-07-23T15:00:00.000000000,2017-07-26T15:00:00.000000000,25,3.125,0.7275247903784248,20.55390703261537,10.640715911496898,6.502365240120525
Eneide,eneide,main,2051,wspd,Wind speed (m/s),2017-07-19T06:00:00.000000000,2017-07-23T06:00:00.000000000,33,4.125,5.812540923669985,2.144903334134483,3.978722128902234,1.9148171901366027
Eneide,eneide,main,2051,wspd,Wind speed (m/s),2017-07-23T15:00:00.000000000,2017-07-26T15:00:00.000000000,25,3.125,0.7275247903784248,20.55390703261537,10.640715911496898,6.502365240120525
Eneide,eneide,main,2052,wspd,Wind speed (m/s),2017-07-23T15:00:00.000000000,2017-07-26T15:00:00.000000000,25,3.125,0.7275247903784248,20.55390703261537,10.640715911496898,6.502365240120525
Eneide,eneide,main,2053,wspd,Wind speed (m/s),2017-08-11T09:00:00.000000000,2017-08-16T06:00:00.000000000,40,5.0,3.1043828803290126,2.712686898747961,2.908534889538487,0.0929733293972248
Eneide,eneide,main,2054,wspd,Wind speed (m/s),2017-08-11T09:00:00.000000000,2017-08-16T06:00:00.000000000,40,5.0,3.1043828803290126,2.712686898747961,2.908534889538487,0.0929733293972248
Eneide,eneide,main,2055,wspd,Wind speed (m/s),2017-08-11T09:00:00.000000000,2017-08-16T06:00:00.000000000,40,5.0,3.1043828803290126,2.712686898747961,2.908534889538487,0.0929733293972248
Eneide,eneide,main,2056,wspd,Wind speed (m/s),2017-08-26T21:00:00.000000000,2017-08-29T18:00:00.000000000,24,3.0,2.990966831604169,7.56646394173049,5.278715386667329,1.5118324635413956
Eneide,eneide,main,2057,wspd,Wind speed (m/s),2017-08-26T21:00:00.000000000,2017-08-29T18:00:00.000000000,24,3.0,2.990966831604169,7.56646394173049,5.278715386667329,1.5118324635413956
Eneide,eneide,main,2057,wspd,Wind speed (m/s),2017-08-30T00:00:00.000000000,2017-09-04T21:00:00.000000000,48,6.0,7.246592796152527,12.022891847025676,9.634742321589101,0.8062540101523155
Eneide,eneide,main,2058,wspd,Wind speed (m/s),2017-08-26T21:00:00.000000000,2017-08-29T18:00:00.000000000,24,3.0,2.990966831604169,7.56646394173049,5.278715386667329,1.5118324635413956
Eneide,eneide,main,2058,wspd,Wind speed (m/s),2017-08-30T00:00:00.000000000,2017-09-04T21:00:00.000000000,48,6.0,7.246592796152527,12.022891847025676,9.634742321589101,0.8062540101523155
Eneide,eneide,main,2059,wspd,Wind speed (m/s),2017-08-30T00:00:00.000000000,2017-09-04T21:00:00.000000000,48,6.0,7.246592796152527,12.022891847025676,9.634742321589101,0.8062540101523155
Eneide,eneide,main,2062,wspd,Wind speed (m/s),2017-10-01T09:00:00.000000000,2017-10-04T09:00:00.000000000,25,3.125,4.641877064195455,1.9418287360056183,3.2918529001005368,1.9344782086999999
Eneide,eneide,main,2063,wspd,Wind speed (m/s),2017-10-01T09:00:00.000000000,2017-10-04T09:00:00.000000000,25,3.125,4.641877064195455,1.9418287360056183,3.2918529001005368,1.9344782086999999
Eneide,eneide,main,2063,wspd,Wind speed (m/s),2017-10-05T18:00:00.000000000,2017-10-08T18:00:00.000000000,25,3.125,1.8089311390148168,2.7180678424101643,2.2634994907124906,1.4363319682278757
Eneide,eneide,main,2064,wspd,Wind speed (m/s),2017-10-01T09:00:00.000000000,2017-10-04T09:00:00.000000000,25,3.125,4.641877064195455,1.9418287360056183,3.2918529001005368,1.9344782086999999
Eneide,eneide,main,2064,wspd,Wind speed (m/s),2017-10-05T18:00:00.000000000,2017-10-08T18:00:00.000000000,25,3.125,1.8089311390148168,2.7180678424101643,2.2634994907124906,1.4363319682278757
Eneide,eneide,main,2065,wspd,Wind speed (m/s),2017-10-01T09:00:00.000000000,2017-10-04T09:00:00.000000000,25,3.125,4.641877064195455,1.9418287360056183,3.2918529001005368,1.9344782086999999
Eneide,eneide,main,2065,wspd,Wind speed (m/s),2017-10-05T18:00:00.000000000,2017-10-08T18:00:00.000000000,25,3.125,1.8089311390148168,2.7180678424101643,2.2634994907124906,1.4363319682278757
Eneide,eneide,main,2066,wspd,Wind speed (m/s),2017-10-05T18:00:00.000000000,2017-10-08T18:00:00.000000000,25,3.125,1.8089311390148168,2.7180678424101643,2.2634994907124906,1.4363319682278757
Eneide,eneide,main,2066,wspd,Wind speed (m/s),2017-10-19T06:00:00.000000000,2017-10-22T15:00:00.000000000,28,3.5,4.235262574573994,3.412751150987674,3.824006862780834,0.2547077199998711
Eneide,eneide,main,2067,wspd,Wind speed (m/s),2017-10-19T06:00:00.000000000,2017-10-22T15:00:00.000000000,28,3.5,4.235262574573994,3.412751150987674,3.824006862780834,0.2547077199998711
Eneide,eneide,main,2068,wspd,Wind speed (m/s),2017-10-19T06:00:00.000000000,2017-10-22T15:00:00.000000000,28,3.5,4.235262574573994,3.412751150987674,3.824006862780834,0.2547077199998711
Eneide,eneide,main,2071,wspd,Wind speed (m/s),2017-11-14T21:00:00.000000000,2017-11-18T03:00:00.000000000,27,3.375,0.2249091222741697,1.9991785170312824,1.112043819652726,0.5045454090251127
Eneide,eneide,main,2072,wspd,Wind speed (m/s),2017-11-14T21:00:00.000000000,2017-11-18T03:00:00.000000000,27,3.375,0.2249091222741697,1.9991785170312824,1.112043819652726,0.5045454090251127
Eneide,eneide,main,2073,wspd,Wind speed (m/s),2017-11-14T21:00:00.000000000,2017-11-18T03:00:00.000000000,27,3.375,0.2249091222741697,1.9991785170312824,1.112043819652726,0.5045454090251127
Eneide,eneide,main,2076,wspd,Wind speed (m/s),2017-12-10T09:00:00.000000000,2017-12-13T21:00:00.000000000,29,3.625,1.3061890187345,2.9933822422563026,2.1497856304954013,0.45623723554820117
Eneide,eneide,main,2077,wspd,Wind speed (m/s),2017-12-10T09:00:00.000000000,2017-12-13T21:00:00.000000000,29,3.625,1.3061890187345,2.9933822422563026,2.1497856304954013,0.45623723554820117
Eneide,eneide,main,2078,wspd,Wind speed (m/s),2017-12-10T09:00:00.000000000,2017-12-13T21:00:00.000000000,29,3.625,1.3061890187345,2.9933822422563026,2.1497856304954013,0.45623723554820117
Eneide,eneide,main,2087,wspd,Wind speed (m/s),2018-02-07T00:00:00.000000000,2018-02-10T03:00:00.000000000,26,3.25,1.0606063109101456,0.2664500864779029,0.6635281986940242,0.21016771058546624
Eneide,eneide,main,2088,wspd,Wind speed (m/s),2018-02-07T00:00:00.000000000,2018-02-10T03:00:00.000000000,26,3.25,1.0606063109101456,0.2664500864779029,0.6635281986940242,0.21016771058546624
Eneide,eneide,main,2089,wspd,Wind speed (m/s),2018-02-07T00:00:00.000000000,2018-02-10T03:00:00.000000000,26,3.25,1.0606063109101456,0.2664500864779029,0.6635281986940242,0.21016771058546624
Eneide,eneide,main,2089,wspd,Wind speed (m/s),2018-02-16T18:00:00.000000000,2018-02-20T09:00:00.000000000,30,3.75,1.983123205510708,3.2096252756309696,2.5963742405708388,1.3761307618503906
Eneide,eneide,main,2090,wspd,Wind speed (m/s),2018-02-16T18:00:00.000000000,2018-02-20T09:00:00.000000000,30,3.75,1.983123205510708,3.2096252756309696,2.5963742405708388,1.3761307618503906
Eneide,eneide,main,2090,wspd,Wind speed (m/s),2018-02-20T15:00:00.000000000,2018-02-24T06:00:00.000000000,30,3.75,0.3791908267731401,1.5632255399330006,0.9712081833530704,0.4663647254411387
Eneide,eneide,main,2091,wspd,Wind speed (m/s),2018-02-16T18:00:00.000000000,2018-02-20T09:00:00.000000000,30,3.75,1.983123205510708,3.2096252756309696,2.5963742405708388,1.3761307618503906
Eneide,eneide,main,2091,wspd,Wind speed (m/s),2018-02-20T15:00:00.000000000,2018-02-24T06:00:00.000000000,30,3.75,0.3791908267731401,1.5632255399330006,0.9712081833530704,0.4663647254411387
Eneide,eneide,main,2091,wspd,Wind speed (m/s),2018-02-28T12:00:00.000000000,2018-03-04T06:00:00.000000000,31,3.875,4.767946243678921,5.284519683985309,5.026232963832115,0.13330927874672227
Eneide,eneide,main,2092,wspd,Wind speed (m/s),2018-02-20T15:00:00.000000000,2018-02-24T06:00:00.000000000,30,3.75,0.3791908267731401,1.5632255399330006,0.9712081833530704,0.4663647254411387
Eneide,eneide,main,2092,wspd,Wind speed (m/s),2018-02-28T12:00:00.000000000,2018-03-04T06:00:00.000000000,31,3.875,4.767946243678921,5.284519683985309,5.026232963832115,0.13330927874672227
Eneide,eneide,main,2093,wspd,Wind speed (m/s),2018-02-28T12:00:00.000000000,2018-03-04T06:00:00.000000000,31,3.875,4.767946243678921,5.284519683985309,5.026232963832115,0.13330927874672227
Eneide,eneide,main,2094,wspd,Wind speed (m/s),2018-03-11T15:00:00.000000000,2018-03-20T03:00:00.000000000,69,8.625,0.4689350756181341,0.20667255028229192,0.337803812950213,0.07336236152303854
Eneide,eneide,main,2095,wspd,Wind speed (m/s),2018-03-11T15:00:00.000000000,2018-03-20T03:00:00.000000000,69,8.625,0.4689350756181341,0.20667255028229192,0.337803812950213,0.07336236152303854
Eneide,eneide,main,2095,wspd,Wind speed (m/s),2018-03-22T03:00:00.000000000,2018-03-26T00:00:00.000000000,32,4.0,10.989412614010234,3.949137542384392,7.469275078197313,1.7752203182863582
Eneide,eneide,main,2096,wspd,Wind speed (m/s),2018-03-11T15:00:00.000000000,2018-03-20T03:00:00.000000000,69,8.625,0.4689350756181341,0.20667255028229192,0.337803812950213,0.07336236152303854
Eneide,eneide,main,2096,wspd,Wind speed (m/s),2018-03-22T03:00:00.000000000,2018-03-26T00:00:00.000000000,32,4.0,10.989412614010234,3.949137542384392,7.469275078197313,1.7752203182863582
Eneide,eneide,main,2097,wspd,Wind speed (m/s),2018-03-22T03:00:00.000000000,2018-03-26T00:00:00.000000000,32,4.0,10.989412614010234,3.949137542384392,7.469275078197313,1.7752203182863582
Eneide,eneide,main,2098,wspd,Wind speed (m/s),2018-03-22T03:00:00.000000000,2018-03-26T00:00:00.000000000,32,4.0,10.989412614010234,3.949137542384392,7.469275078197313,1.7752203182863582
Eneide,eneide,main,2098,wspd,Wind speed (m/s),2018-04-04T00:00:00.000000000,2018-04-07T09:00:00.000000000,28,3.5,8.085404047669954,2.942281952505141,5.513843000087547,1.4596111966149579
Eneide,eneide,main,2099,wspd,Wind speed (m/s),2018-04-04T00:00:00.000000000,2018-04-07T09:00:00.000000000,28,3.5,8.085404047669954,2.942281952505141,5.513843000087547,1.4596111966149579
Eneide,eneide,main,2100,wspd,Wind speed (m/s),2018-04-04T00:00:00.000000000,2018-04-07T09:00:00.000000000,28,3.5,8.085404047669954,2.942281952505141,5.513843000087547,1.4596111966149579
Eneide,eneide,main,2101,wspd,Wind speed (m/s),2018-04-22T09:00:00.000000000,2018-04-25T06:00:00.000000000,24,3.0,6.697949248145505,4.141132144460585,5.419540696303045,0.8389390489294044
Eneide,eneide,main,2102,wspd,Wind speed (m/s),2018-04-22T09:00:00.000000000,2018-04-25T06:00:00.000000000,24,3.0,6.697949248145505,4.141132144460585,5.419540696303045,0.8389390489294044
Eneide,eneide,main,2102,wspd,Wind speed (m/s),2018-04-25T18:00:00.000000000,2018-04-29T15:00:00.000000000,32,4.0,0.19514047583047045,4.337228291711767,2.266184383771119,1.0052189125591724
Eneide,eneide,main,2103,wspd,Wind speed (m/s),2018-04-22T09:00:00.000000000,2018-04-25T06:00:00.000000000,24,3.0,6.697949248145505,4.141132144460585,5.419540696303045,0.8389390489294044
Eneide,eneide,main,2103,wspd,Wind speed (m/s),2018-04-25T18:00:00.000000000,2018-04-29T15:00:00.000000000,32,4.0,0.19514047583047045,4.337228291711767,2.266184383771119,1.0052189125591724
Eneide,eneide,main,2103,wspd,Wind speed (m/s),2018-05-01T00:00:00.000000000,2018-05-04T06:00:00.000000000,27,3.375,2.560333075579024,4.6432159695890505,3.601774522584037,0.6171504783216903
Eneide,eneide,main,2104,wspd,Wind speed (m/s),2018-04-25T18:00:00.000000000,2018-04-29T15:00:00.000000000,32,4.0,0.19514047583047045,4.337228291711767,2.266184383771119,1.0052189125591724
Eneide,eneide,main,2104,wspd,Wind speed (m/s),2018-05-01T00:00:00.000000000,2018-05-04T06:00:00.000000000,27,3.375,2.560333075579024,4.6432159695890505,3.601774522584037,0.6171504783216903
Eneide,eneide,main,2104,wspd,Wind speed (m/s),2018-05-05T06:00:00.000000000,2018-05-08T21:00:00.000000000,30,3.75,16.92726748589439,1.1229798358966718,9.025123660895531,4.2058743924998225
Eneide,eneide,main,2105,wspd,Wind speed (m/s),2018-05-01T00:00:00.000000000,2018-05-04T06:00:00.000000000,27,3.375,2.560333075579024,4.6432159695890505,3.601774522584037,0.6171504783216903
Eneide,eneide,main,2105,wspd,Wind speed (m/s),2018-05-05T06:00:00.000000000,2018-05-08T21:00:00.000000000,30,3.75,16.92726748589439,1.1229798358966718,9.025123660895531,4.2058743924998225
Eneide,eneide,main,2105,wspd,Wind speed (m/s),2018-05-13T09:00:00.000000000,2018-05-16T15:00:00.000000000,27,3.375,5.500570269492528,1.1665847876524822,3.333577528572505,1.9860354038733021
Eneide,eneide,main,2106,wspd,Wind speed (m/s),2018-05-05T06:00:00.000000000,2018-05-08T21:00:00.000000000,30,3.75,16.92726748589439,1.1229798358966718,9.025123660895531,4.2058743924998225
Eneide,eneide,main,2106,wspd,Wind speed (m/s),2018-05-13T09:00:00.000000000,2018-05-16T15:00:00.000000000,27,3.375,5.500570269492528,1.1665847876524822,3.333577528572505,1.9860354038733021
Eneide,eneide,main,2107,wspd,Wind speed (m/s),2018-05-13T09:00:00.000000000,2018-05-16T15:00:00.000000000,27,3.375,5.500570269492528,1.1665847876524822,3.333577528572505,1.9860354038733021
Eneide,eneide,main,2107,wspd,Wind speed (m/s),2018-05-20T12:00:00.000000000,2018-05-24T03:00:00.000000000,30,3.75,3.5904131348304418,5.224920985034942,4.407667059932692,2.3249490760196068
Eneide,eneide,main,2108,wspd,Wind speed (m/s),2018-05-20T12:00:00.000000000,2018-05-24T03:00:00.000000000,30,3.75,3.5904131348304418,5.224920985034942,4.407667059932692,2.3249490760196068
Eneide,eneide,main,2109,wspd,Wind speed (m/s),2018-05-20T12:00:00.000000000,2018-05-24T03:00:00.000000000,30,3.75,3.5904131348304418,5.224920985034942,4.407667059932692,2.3249490760196068
Eneide,eneide,main,2109,wspd,Wind speed (m/s),2018-05-31T18:00:00.000000000,2018-06-04T12:00:00.000000000,31,3.875,2.458432562817393,1.0844610628745102,1.7714468128459515,0.3384442243775396
Eneide,eneide,main,2110,wspd,Wind speed (m/s),2018-05-31T18:00:00.000000000,2018-06-04T12:00:00.000000000,31,3.875,2.458432562817393,1.0844610628745102,1.7714468128459515,0.3384442243775396
Eneide,eneide,main,2110,wspd,Wind speed (m/s),2018-06-06T15:00:00.000000000,2018-06-12T03:00:00.000000000,45,5.625,2.6137509694181063,5.925371082587844,4.269561026002975,0.6003267601330009
Eneide,eneide,main,2111,wspd,Wind speed (m/s),2018-05-31T18:00:00.000000000,2018-06-04T12:00:00.000000000,31,3.875,2.458432562817393,1.0844610628745102,1.7714468128459515,0.3384442243775396
Eneide,eneide,main,2111,wspd,Wind speed (m/s),2018-06-06T15:00:00.000000000,2018-06-12T03:00:00.000000000,45,5.625,2.6137509694181063,5.925371082587844,4.269561026002975,0.6003267601330009
Eneide,eneide,main,2112,wspd,Wind speed (m/s),2018-06-06T15:00:00.000000000,2018-06-12T03:00:00.000000000,45,5.625,2.6137509694181063,5.925371082587844,4.269561026002975,0.6003267601330009
Eneide,eneide,main,2112,wspd,Wind speed (m/s),2018-06-14T12:00:00.000000000,2018-06-22T12:00:00.000000000,65,8.125,6.207533841085478,1.7377270106894684,3.9726304258874734,0.5519948867645184
Eneide,eneide,main,2113,wspd,Wind speed (m/s),2018-06-14T12:00:00.000000000,2018-06-22T12:00:00.000000000,65,8.125,6.207533841085478,1.7377270106894684,3.9726304258874734,0.5519948867645184
Eneide,eneide,main,2114,wspd,Wind speed (m/s),2018-06-14T12:00:00.000000000,2018-06-22T12:00:00.000000000,65,8.125,6.207533841085478,1.7377270106894684,3.9726304258874734,0.5519948867645184
Eneide,eneide,main,2118,wspd,Wind speed (m/s),2018-07-20T03:00:00.000000000,2018-07-24T15:00:00.000000000,37,4.625,26.672767986565304,39.05675027372581,32.86475913014556,2.5751993568133003
Eneide,eneide,main,2119,wspd,Wind speed (m/s),2018-07-20T03:00:00.000000000,2018-07-24T15:00:00.000000000,37,4.625,26.672767986565304,39.05675027372581,32.86475913014556,2.5751993568133003
Eneide,eneide,main,2119,wspd,Wind speed (m/s),2018-07-25T00:00:00.000000000,2018-07-28T09:00:00.000000000,28,3.5,32.53474522229044,2.771079633265799,17.65291242777812,9.584915416329295
Eneide,eneide,main,2120,wspd,Wind speed (m/s),2018-07-20T03:00:00.000000000,2018-07-24T15:00:00.000000000,37,4.625,26.672767986565304,39.05675027372581,32.86475913014556,2.5751993568133003
Eneide,eneide,main,2120,wspd,Wind speed (m/s),2018-07-25T00:00:00.000000000,2018-07-28T09:00:00.000000000,28,3.5,32.53474522229044,2.771079633265799,17.65291242777812,9.584915416329295
Eneide,eneide,main,2121,wspd,Wind speed (m/s),2018-07-25T00:00:00.000000000,2018-07-28T09:00:00.000000000,28,3.5,32.53474522229044,2.771079633265799,17.65291242777812,9.584915416329295
Eneide,eneide,main,2127,wspd,Wind speed (m/s),2018-09-01T18:00:00.000000000,2018-09-06T18:00:00.000000000,41,5.125,5.794947137051167,15.759319103812686,10.777133120431927,1.9628506585264063
Eneide,eneide,main,2128,wspd,Wind speed (m/s),2018-09-01T18:00:00.000000000,2018-09-06T18:00:00.000000000,41,5.125,5.794947137051167,15.759319103812686,10.777133120431927,1.9628506585264063
Eneide,eneide,main,2129,wspd,Wind speed (m/s),2018-09-01T18:00:00.000000000,2018-09-06T18:00:00.000000000,41,5.125,5.794947137051167,15.759319103812686,10.777133120431927,1.9628506585264063
Eneide,eneide,main,2129,wspd,Wind speed (m/s),2018-09-13T12:00:00.000000000,2018-09-19T15:00:00.000000000,50,6.25,18.685770003537527,4.252367328371747,11.469068665954637,2.2999327524079263
Eneide,eneide,main,2130,wspd,Wind speed (m/s),2018-09-13T12:00:00.000000000,2018-09-19T15:00:00.000000000,50,6.25,18.685770003537527,4.252367328371747,11.469068665954637,2.2999327524079263
Eneide,eneide,main,2131,wspd,Wind speed (m/s),2018-09-13T12:00:00.000000000,2018-09-19T15:00:00.000000000,50,6.25,18.685770003537527,4.252367328371747,11.469068665954637,2.2999327524079263
Eneide,eneide,main,2132,wspd,Wind speed (m/s),2018-10-02T21:00:00.000000000,2018-10-06T18:00:00.000000000,32,4.0,2.8068201775962507,21.024399020976944,11.915609599286597,4.372576343680976
Eneide,eneide,main,2133,wspd,Wind speed (m/s),2018-10-02T21:00:00.000000000,2018-10-06T18:00:00.000000000,32,4.0,2.8068201775962507,21.024399020976944,11.915609599286597,4.372576343680976
Eneide,eneide,main,2133,wspd,Wind speed (m/s),2018-10-07T00:00:00.000000000,2018-10-11T18:00:00.000000000,39,4.875,22.272052472791984,0.09638053501097943,11.184216503901482,4.46531943990783
Eneide,eneide,main,2134,wspd,Wind speed (m/s),2018-10-02T21:00:00.000000000,2018-10-06T18:00:00.000000000,32,4.0,2.8068201775962507,21.024399020976944,11.915609599286597,4.372576343680976
Eneide,eneide,main,2134,wspd,Wind speed (m/s),2018-10-07T00:00:00.000000000,2018-10-11T18:00:00.000000000,39,4.875,22.272052472791984,0.09638053501097943,11.184216503901482,4.46531943990783
Eneide,eneide,main,2134,wspd,Wind speed (m/s),2018-10-13T21:00:00.000000000,2018-10-17T00:00:00.000000000,26,3.25,3.4700477556289115,3.4772385955182017,3.4736431755735566,0.0022125661078928327
Eneide,eneide,main,2135,wspd,Wind speed (m/s),2018-10-02T21:00:00.000000000,2018-10-06T18:00:00.000000000,32,4.0,2.8068201775962507,21.024399020976944,11.915609599286597,4.372576343680976
Eneide,eneide,main,2135,wspd,Wind speed (m/s),2018-10-07T00:00:00.000000000,2018-10-11T18:00:00.000000000,39,4.875,22.272052472791984,0.09638053501097943,11.184216503901482,4.46531943990783
Eneide,eneide,main,2135,wspd,Wind speed (m/s),2018-10-13T21:00:00.000000000,2018-10-17T00:00:00.000000000,26,3.25,3.4700477556289115,3.4772385955182017,3.4736431755735566,0.0022125661078928327
Eneide,eneide,main,2136,wspd,Wind speed (m/s),2018-10-13T21:00:00.000000000,2018-10-17T00:00:00.000000000,26,3.25,3.4700477556289115,3.4772385955182017,3.4736431755735566,0.0022125661078928327
Eneide,eneide,main,2137,wspd,Wind speed (m/s),2018-10-13T21:00:00.000000000,2018-10-17T00:00:00.000000000,26,3.25,3.4700477556289115,3.4772385955182017,3.4736431755735566,0.0022125661078928327
Eneide,eneide,main,2137,wspd,Wind speed (m/s),2018-10-27T09:00:00.000000000,2018-10-30T09:00:00.000000000,25,3.125,6.469146459211061,2.8588757431105023,4.664011101160781,1.1429789043324945
Eneide,eneide,main,2138,wspd,Wind speed (m/s),2018-10-27T09:00:00.000000000,2018-10-30T09:00:00.000000000,25,3.125,6.469146459211061,2.8588757431105023,4.664011101160781,1.1429789043324945
Eneide,eneide,main,2139,wspd,Wind speed (m/s),2018-10-27T09:00:00.000000000,2018-10-30T09:00:00.000000000,25,3.125,6.469146459211061,2.8588757431105023,4.664011101160781,1.1429789043324945
Eneide,eneide,main,2142,wspd,Wind speed (m/s),2018-11-19T00:00:00.000000000,2018-11-25T00:00:00.000000000,49,6.125,35.50827494769419,0.8732888567177497,18.19078190220597,5.789643425756822
Eneide,eneide,main,2143,wspd,Wind speed (m/s),2018-11-19T00:00:00.000000000,2018-11-25T00:00:00.000000000,49,6.125,35.50827494769419,0.8732888567177497,18.19078190220597,5.789643425756822
Eneide,eneide,main,2144,wspd,Wind speed (m/s),2018-11-19T00:00:00.000000000,2018-11-25T00:00:00.000000000,49,6.125,35.50827494769419,0.8732888567177497,18.19078190220597,5.789643425756822
Eneide,eneide,main,2144,wspd,Wind speed (m/s),2018-12-03T12:00:00.000000000,2018-12-06T09:00:00.000000000,24,3.0,2.3577158576614465,8.038113149505534,5.19791450358349,1.9067991092907732
Eneide,eneide,main,2145,wspd,Wind speed (m/s),2018-12-03T12:00:00.000000000,2018-12-06T09:00:00.000000000,24,3.0,2.3577158576614465,8.038113149505534,5.19791450358349,1.9067991092907732
Eneide,eneide,main,2146,wspd,Wind speed (m/s),2018-12-03T12:00:00.000000000,2018-12-06T09:00:00.000000000,24,3.0,2.3577158576614465,8.038113149505534,5.19791450358349,1.9067991092907732
Eneide,eneide,main,2147,wspd,Wind speed (m/s),2018-12-16T03:00:00.000000000,2018-12-21T18:00:00.000000000,46,5.75,7.601842063678987,9.918949838678373,8.76039595117868,0.39927500116350245
Eneide,eneide,main,2148,wspd,Wind speed (m/s),2018-12-16T03:00:00.000000000,2018-12-21T18:00:00.000000000,46,5.75,7.601842063678987,9.918949838678373,8.76039595117868,0.39927500116350245
Eneide,eneide,main,2148,wspd,Wind speed (m/s),2018-12-22T00:00:00.000000000,2018-12-28T03:00:00.000000000,50,6.25,9.628749216453798,4.39505666019727,7.011902938325534,0.8060183564725207
Eneide,eneide,main,2149,wspd,Wind speed (m/s),2018-12-16T03:00:00.000000000,2018-12-21T18:00:00.000000000,46,5.75,7.601842063678987,9.918949838678373,8.76039595117868,0.39927500116350245
Eneide,eneide,main,2149,wspd,Wind speed (m/s),2018-12-22T00:00:00.000000000,2018-12-28T03:00:00.000000000,50,6.25,9.628749216453798,4.39505666019727,7.011902938325534,0.8060183564725207
Eneide,eneide,main,2150,wspd,Wind speed (m/s),2018-12-22T00:00:00.000000000,2018-12-28T03:00:00.000000000,50,6.25,9.628749216453798,4.39505666019727,7.011902938325534,0.8060183564725207
Eneide,eneide,main,2156,wspd,Wind speed (m/s),2019-01-31T15:00:00.000000000,2019-02-06T06:00:00.000000000,46,5.75,0.0964249277961926,3.103350688724163,1.5998878082601777,0.5675835201196833
Eneide,eneide,main,2156,wspd,Wind speed (m/s),2019-02-06T12:00:00.000000000,2019-02-10T00:00:00.000000000,29,3.625,0.6728444321983602,3.3494696708896754,2.011157051544018,0.7015976629203919
Eneide,eneide,main,2157,wspd,Wind speed (m/s),2019-01-31T15:00:00.000000000,2019-02-06T06:00:00.000000000,46,5.75,0.0964249277961926,3.103350688724163,1.5998878082601777,0.5675835201196833
Eneide,eneide,main,2157,wspd,Wind speed (m/s),2019-02-06T12:00:00.000000000,2019-02-10T00:00:00.000000000,29,3.625,0.6728444321983602,3.3494696708896754,2.011157051544018,0.7015976629203919
Eneide,eneide,main,2158,wspd,Wind speed (m/s),2019-01-31T15:00:00.000000000,2019-02-06T06:00:00.000000000,46,5.75,0.0964249277961926,3.103350688724163,1.5998878082601777,0.5675835201196833
Eneide,eneide,main,2158,wspd,Wind speed (m/s),2019-02-06T12:00:00.000000000,2019-02-10T00:00:00.000000000,29,3.625,0.6728444321983602,3.3494696708896754,2.011157051544018,0.7015976629203919
Eneide,eneide,main,2159,wspd,Wind speed (m/s),2019-02-06T12:00:00.000000000,2019-02-10T00:00:00.000000000,29,3.625,0.6728444321983602,3.3494696708896754,2.011157051544018,0.7015976629203919
Eneide,eneide,main,2159,wspd,Wind speed (m/s),2019-02-21T15:00:00.000000000,2019-02-24T15:00:00.000000000,25,3.125,0.6459173196659265,1.2494489461046783,0.9476831328853024,0.5695941334585228
Eneide,eneide,main,2160,wspd,Wind speed (m/s),2019-02-21T15:00:00.000000000,2019-02-24T15:00:00.000000000,25,3.125,0.6459173196659265,1.2494489461046783,0.9476831328853024,0.5695941334585228
Eneide,eneide,main,2161,wspd,Wind speed (m/s),2019-02-21T15:00:00.000000000,2019-02-24T15:00:00.000000000,25,3.125,0.6459173196659265,1.2494489461046783,0.9476831328853024,0.5695941334585228
Eneide,eneide,main,2161,wspd,Wind speed (m/s),2019-02-28T00:00:00.000000000,2019-03-03T09:00:00.000000000,28,3.5,4.375316826635526,0.5598960507829815,2.467606438709254,1.070415771206342
Eneide,eneide,main,2161,wspd,Wind speed (m/s),2019-03-04T09:00:00.000000000,2019-03-08T12:00:00.000000000,34,4.25,0.5032064640657552,6.310359243104813,3.406782853585284,1.3394982469764045
Eneide,eneide,main,2162,wspd,Wind speed (m/s),2019-02-21T15:00:00.000000000,2019-02-24T15:00:00.000000000,25,3.125,0.6459173196659265,1.2494489461046783,0.9476831328853024,0.5695941334585228
Eneide,eneide,main,2162,wspd,Wind speed (m/s),2019-02-28T00:00:00.000000000,2019-03-03T09:00:00.000000000,28,3.5,4.375316826635526,0.5598960507829815,2.467606438709254,1.070415771206342
Eneide,eneide,main,2162,wspd,Wind speed (m/s),2019-03-04T09:00:00.000000000,2019-03-08T12:00:00.000000000,34,4.25,0.5032064640657552,6.310359243104813,3.406782853585284,1.3394982469764045
Eneide,eneide,main,2163,wspd,Wind speed (m/s),2019-02-28T00:00:00.000000000,2019-03-03T09:00:00.000000000,28,3.5,4.375316826635526,0.5598960507829815,2.467606438709254,1.070415771206342
Eneide,eneide,main,2163,wspd,Wind speed (m/s),2019-03-04T09:00:00.000000000,2019-03-08T12:00:00.000000000,34,4.25,0.5032064640657552,6.310359243104813,3.406782853585284,1.3394982469764045
Eneide,eneide,main,2164,wspd,Wind speed (m/s),2019-03-04T09:00:00.000000000,2019-03-08T12:00:00.000000000,34,4.25,0.5032064640657552,6.310359243104813,3.406782853585284,1.3394982469764045
Eneide,eneide,main,2165,wspd,Wind speed (m/s),2019-03-22T21:00:00.000000000,2019-03-27T15:00:00.000000000,39,4.875,5.513928303870898,0.11837981099017725,2.8161540574305377,1.1170357131749995
Eneide,eneide,main,2166,wspd,Wind speed (m/s),2019-03-22T21:00:00.000000000,2019-03-27T15:00:00.000000000,39,4.875,5.513928303870898,0.11837981099017725,2.8161540574305377,1.1170357131749995
Eneide,eneide,main,2167,wspd,Wind speed (m/s),2019-03-22T21:00:00.000000000,2019-03-27T15:00:00.000000000,39,4.875,5.513928303870898,0.11837981099017725,2.8161540574305377,1.1170357131749995
Eneide,eneide,main,2170,wspd,Wind speed (m/s),2019-04-16T18:00:00.000000000,2019-04-22T03:00:00.000000000,44,5.5,17.350284357902638,2.4169195320417884,9.883601944972213,3.468784183446587
Eneide,eneide,main,2171,wspd,Wind speed (m/s),2019-04-16T18:00:00.000000000,2019-04-22T03:00:00.000000000,44,5.5,17.350284357902638,2.4169195320417884,9.883601944972213,3.468784183446587
Eneide,eneide,main,2172,wspd,Wind speed (m/s),2019-04-16T18:00:00.000000000,2019-04-22T03:00:00.000000000,44,5.5,17.350284357902638,2.4169195320417884,9.883601944972213,3.468784183446587
Eneide,eneide,main,2173,wspd,Wind speed (m/s),2019-04-30T21:00:00.000000000,2019-05-05T15:00:00.000000000,39,4.875,5.1232062730927055,35.48584211009256,20.304524191592634,8.07365080060731
Eneide,eneide,main,2174,wspd,Wind speed (m/s),2019-04-30T21:00:00.000000000,2019-05-05T15:00:00.000000000,39,4.875,5.1232062730927055,35.48584211009256,20.304524191592634,8.07365080060731
Eneide,eneide,main,2174,wspd,Wind speed (m/s),2019-05-07T15:00:00.000000000,2019-05-12T00:00:00.000000000,36,4.5,9.124176230092417,0.4539341916607782,4.789055210876597,1.9147083051589675
Eneide,eneide,main,2175,wspd,Wind speed (m/s),2019-04-30T21:00:00.000000000,2019-05-05T15:00:00.000000000,39,4.875,5.1232062730927055,35.48584211009256,20.304524191592634,8.07365080060731
Eneide,eneide,main,2175,wspd,Wind speed (m/s),2019-05-07T15:00:00.000000000,2019-05-12T00:00:00.000000000,36,4.5,9.124176230092417,0.4539341916607782,4.789055210876597,1.9147083051589675
Eneide,eneide,main,2176,wspd,Wind speed (m/s),2019-05-07T15:00:00.000000000,2019-05-12T00:00:00.000000000,36,4.5,9.124176230092417,0.4539341916607782,4.789055210876597,1.9147083051589675
Eneide,eneide,main,2176,wspd,Wind speed (m/s),2019-05-18T12:00:00.000000000,2019-05-22T09:00:00.000000000,32,4.0,1.826066595844054,4.477020776690438,3.151543686267246,0.677890016459969
Eneide,eneide,main,2177,wspd,Wind speed (m/s),2019-05-18T12:00:00.000000000,2019-05-22T09:00:00.000000000,32,4.0,1.826066595844054,4.477020776690438,3.151543686267246,0.677890016459969
Eneide,eneide,main,2178,wspd,Wind speed (m/s),2019-05-18T12:00:00.000000000,2019-05-22T09:00:00.000000000,32,4.0,1.826066595844054,4.477020776690438,3.151543686267246,0.677890016459969
Eneide,eneide,main,2180,wspd,Wind speed (m/s),2019-06-05T09:00:00.000000000,2019-06-11T12:00:00.000000000,50,6.25,7.064254139215109,7.704962468021449,7.384608303618279,0.09623883023358104
Eneide,eneide,main,2181,wspd,Wind speed (m/s),2019-06-05T09:00:00.000000000,2019-06-11T12:00:00.000000000,50,6.25,7.064254139215109,7.704962468021449,7.384608303618279,0.09623883023358104
Eneide,eneide,main,2181,wspd,Wind speed (m/s),2019-06-17T00:00:00.000000000,2019-06-21T06:00:00.000000000,35,4.375,29.64974911253921,10.621399115064833,20.135574113802022,8.86832565305076
Eneide,eneide,main,2182,wspd,Wind speed (m/s),2019-06-17T00:00:00.000000000,2019-06-21T06:00:00.000000000,35,4.375,29.64974911253921,10.621399115064833,20.135574113802022,8.86832565305076
Eneide,eneide,main,2182,wspd,Wind speed (m/s),2019-06-22T00:00:00.000000000,2019-06-25T06:00:00.000000000,27,3.375,12.641358519993446,25.507835465143216,19.07459699256833,10.901348723086812
Eneide,eneide,main,2183,wspd,Wind speed (m/s),2019-06-17T00:00:00.000000000,2019-06-21T06:00:00.000000000,35,4.375,29.64974911253921,10.621399115064833,20.135574113802022,8.86832565305076
Eneide,eneide,main,2183,wspd,Wind speed (m/s),2019-06-22T00:00:00.000000000,2019-06-25T06:00:00.000000000,27,3.375,12.641358519993446,25.507835465143216,19.07459699256833,10.901348723086812
Eneide,eneide,main,2183,wspd,Wind speed (m/s),2019-06-26T18:00:00.000000000,2019-06-30T15:00:00.000000000,32,4.0,39.142412364619304,8.025581881294556,23.58399712295693,11.428362143676168
Eneide,eneide,main,2184,wspd,Wind speed (m/s),2019-06-17T00:00:00.000000000,2019-06-21T06:00:00.000000000,35,4.375,29.64974911253921,10.621399115064833,20.135574113802022,8.86832565305076
Eneide,eneide,main,2184,wspd,Wind speed (m/s),2019-06-22T00:00:00.000000000,2019-06-25T06:00:00.000000000,27,3.375,12.641358519993446,25.507835465143216,19.07459699256833,10.901348723086812
Eneide,eneide,main,2184,wspd,Wind speed (m/s),2019-06-26T18:00:00.000000000,2019-06-30T15:00:00.000000000,32,4.0,39.142412364619304,8.025581881294556,23.58399712295693,11.428362143676168
Eneide,eneide,main,2185,wspd,Wind speed (m/s),2019-06-22T00:00:00.000000000,2019-06-25T06:00:00.000000000,27,3.375,12.641358519993446,25.507835465143216,19.07459699256833,10.901348723086812
Eneide,eneide,main,2185,wspd,Wind speed (m/s),2019-06-26T18:00:00.000000000,2019-06-30T15:00:00.000000000,32,4.0,39.142412364619304,8.025581881294556,23.58399712295693,11.428362143676168
Eneide,eneide,main,2185,wspd,Wind speed (m/s),2019-07-09T00:00:00.000000000,2019-07-12T03:00:00.000000000,26,3.25,32.52898191510212,0.994925404727951,16.761953659915036,9.224154163336152
Eneide,eneide,main,2186,wspd,Wind speed (m/s),2019-07-09T00:00:00.000000000,2019-07-12T03:00:00.000000000,26,3.25,32.52898191510212,0.994925404727951,16.761953659915036,9.224154163336152
Eneide,eneide,main,2187,wspd,Wind speed (m/s),2019-07-09T00:00:00.000000000,2019-07-12T03:00:00.000000000,26,3.25,32.52898191510212,0.994925404727951,16.761953659915036,9.224154163336152
Eneide,eneide,main,2188,wspd,Wind speed (m/s),2019-07-09T00:00:00.000000000,2019-07-12T03:00:00.000000000,26,3.25,32.52898191510212,0.994925404727951,16.761953659915036,9.224154163336152
Eneide,eneide,main,2189,wspd,Wind speed (m/s),2019-07-25T12:00:00.000000000,2019-07-29T03:00:00.000000000,30,3.75,0.19221332160975635,2.934746415695372,1.5634798686525642,0.7227400236213839
Eneide,eneide,main,2190,wspd,Wind speed (m/s),2019-07-25T12:00:00.000000000,2019-07-29T03:00:00.000000000,30,3.75,0.19221332160975635,2.934746415695372,1.5634798686525642,0.7227400236213839
Eneide,eneide,main,2191,wspd,Wind speed (m/s),2019-07-25T12:00:00.000000000,2019-07-29T03:00:00.000000000,30,3.75,0.19221332160975635,2.934746415695372,1.5634798686525642,0.7227400236213839
Eneide,eneide,main,2192,wspd,Wind speed (m/s),2019-08-08T09:00:00.000000000,2019-08-13T15:00:00.000000000,43,5.375,0.15676493086755272,1.2013741710591148,0.6790695509633338,0.2484487131595543
Eneide,eneide,main,2193,wspd,Wind speed (m/s),2019-08-08T09:00:00.000000000,2019-08-13T15:00:00.000000000,43,5.375,0.15676493086755272,1.2013741710591148,0.6790695509633338,0.2484487131595543
Eneide,eneide,main,2194,wspd,Wind speed (m/s),2019-08-08T09:00:00.000000000,2019-08-13T15:00:00.000000000,43,5.375,0.15676493086755272,1.2013741710591148,0.6790695509633338,0.2484487131595543
Eneide,eneide,main,2195,wspd,Wind speed (m/s),2019-08-25T00:00:00.000000000,2019-08-31T03:00:00.000000000,50,6.25,3.2132915974215166,5.025987181317191,4.119639389369354,0.29630581716425297
Eneide,eneide,main,2196,wspd,Wind speed (m/s),2019-08-25T00:00:00.000000000,2019-08-31T03:00:00.000000000,50,6.25,3.2132915974215166,5.025987181317191,4.119639389369354,0.29630581716425297
Eneide,eneide,main,2196,wspd,Wind speed (m/s),2019-09-03T06:00:00.000000000,2019-09-06T03:00:00.000000000,24,3.0,1.0531288566393187,1.835774767788962,1.4444518122141403,0.24754865141764526
Eneide,eneide,main,2197,wspd,Wind speed (m/s),2019-08-25T00:00:00.000000000,2019-08-31T03:00:00.000000000,50,6.25,3.2132915974215166,5.025987181317191,4.119639389369354,0.29630581716425297
Eneide,eneide,main,2197,wspd,Wind speed (m/s),2019-09-03T06:00:00.000000000,2019-09-06T03:00:00.000000000,24,3.0,1.0531288566393187,1.835774767788962,1.4444518122141403,0.24754865141764526
Eneide,eneide,main,2198,wspd,Wind speed (m/s),2019-09-03T06:00:00.000000000,2019-09-06T03:00:00.000000000,24,3.0,1.0531288566393187,1.835774767788962,1.4444518122141403,0.24754865141764526
Eneide,eneide,main,2200,wspd,Wind speed (m/s),2019-09-18T09:00:00.000000000,2019-09-25T18:00:00.000000000,60,7.5,3.199376793637157,30.73909266960345,16.969234731620304,4.4486268030893825
Eneide,eneide,main,2201,wspd,Wind speed (m/s),2019-09-18T09:00:00.000000000,2019-09-25T18:00:00.000000000,60,7.5,3.199376793637157,30.73909266960345,16.969234731620304,4.4486268030893825
Eneide,eneide,main,2202,wspd,Wind speed (m/s),2019-09-29T09:00:00.000000000,2019-10-04T21:00:00.000000000,45,5.625,14.236703229172235,11.43619046712638,12.836446848149308,4.49836951240718
Eneide,eneide,main,2203,wspd,Wind speed (m/s),2019-09-29T09:00:00.000000000,2019-10-04T21:00:00.000000000,45,5.625,14.236703229172235,11.43619046712638,12.836446848149308,4.49836951240718
Eneide,eneide,main,2203,wspd,Wind speed (m/s),2019-10-08T03:00:00.000000000,2019-10-13T09:00:00.000000000,43,5.375,0.3883784715502543,3.6716001797535682,2.0299893256519113,0.7638014507869855
Eneide,eneide,main,2204,wspd,Wind speed (m/s),2019-10-08T03:00:00.000000000,2019-10-13T09:00:00.000000000,43,5.375,0.3883784715502543,3.6716001797535682,2.0299893256519113,0.7638014507869855
Eneide,eneide,main,2205,wspd,Wind speed (m/s),2019-10-08T03:00:00.000000000,2019-10-13T09:00:00.000000000,43,5.375,0.3883784715502543,3.6716001797535682,2.0299893256519113,0.7638014507869855
Eneide,eneide,main,2205,wspd,Wind speed (m/s),2019-10-21T09:00:00.000000000,2019-10-25T09:00:00.000000000,33,4.125,1.8408665648608462,1.0900462450013038,1.465456404931075,0.6962640399098063
Eneide,eneide,main,2206,wspd,Wind speed (m/s),2019-10-21T09:00:00.000000000,2019-10-25T09:00:00.000000000,33,4.125,1.8408665648608462,1.0900462450013038,1.465456404931075,0.6962640399098063
Eneide,eneide,main,2207,wspd,Wind speed (m/s),2019-10-21T09:00:00.000000000,2019-10-25T09:00:00.000000000,33,4.125,1.8408665648608462,1.0900462450013038,1.465456404931075,0.6962640399098063
Eneide,eneide,main,2208,wspd,Wind speed (m/s),2019-10-21T09:00:00.000000000,2019-10-25T09:00:00.000000000,33,4.125,1.8408665648608462,1.0900462450013038,1.465456404931075,0.6962640399098063
Eneide,eneide,main,2208,wspd,Wind speed (m/s),2019-11-01T00:00:00.000000000,2019-11-05T15:00:00.000000000,38,4.75,3.866817650557323,2.4430487614132517,3.1549332059852873,0.28354647211694584
Eneide,eneide,main,2209,wspd,Wind speed (m/s),2019-11-01T00:00:00.000000000,2019-11-05T15:00:00.000000000,38,4.75,3.866817650557323,2.4430487614132517,3.1549332059852873,0.28354647211694584
Eneide,eneide,main,2210,wspd,Wind speed (m/s),2019-11-01T00:00:00.000000000,2019-11-05T15:00:00.000000000,38,4.75,3.866817650557323,2.4430487614132517,3.1549332059852873,0.28354647211694584
Eneide,eneide,main,2211,wspd,Wind speed (m/s),2019-11-18T12:00:00.000000000,2019-11-23T15:00:00.000000000,42,5.25,0.21715158197257267,3.22492234888432,1.7210369654284463,0.6379143925070281
Eneide,eneide,main,2212,wspd,Wind speed (m/s),2019-11-18T12:00:00.000000000,2019-11-23T15:00:00.000000000,42,5.25,0.21715158197257267,3.22492234888432,1.7210369654284463,0.6379143925070281
Eneide,eneide,main,2213,wspd,Wind speed (m/s),2019-11-18T12:00:00.000000000,2019-11-23T15:00:00.000000000,42,5.25,0.21715158197257267,3.22492234888432,1.7210369654284463,0.6379143925070281
Eneide,eneide,main,2214,wspd,Wind speed (m/s),2019-12-03T21:00:00.000000000,2019-12-06T21:00:00.000000000,25,3.125,20.125999199344278,5.214651612318676,12.670325405831477,4.365477929412236
Eneide,eneide,main,2214,wspd,Wind speed (m/s),2019-12-07T03:00:00.000000000,2019-12-11T00:00:00.000000000,32,4.0,5.10456003719878,3.906058023950891,4.505309030574836,0.2768982173078882
Eneide,eneide,main,2215,wspd,Wind speed (m/s),2019-12-03T21:00:00.000000000,2019-12-06T21:00:00.000000000,25,3.125,20.125999199344278,5.214651612318676,12.670325405831477,4.365477929412236
Eneide,eneide,main,2215,wspd,Wind speed (m/s),2019-12-07T03:00:00.000000000,2019-12-11T00:00:00.000000000,32,4.0,5.10456003719878,3.906058023950891,4.505309030574836,0.2768982173078882
Eneide,eneide,main,2216,wspd,Wind speed (m/s),2019-12-03T21:00:00.000000000,2019-12-06T21:00:00.000000000,25,3.125,20.125999199344278,5.214651612318676,12.670325405831477,4.365477929412236
Eneide,eneide,main,2216,wspd,Wind speed (m/s),2019-12-07T03:00:00.000000000,2019-12-11T00:00:00.000000000,32,4.0,5.10456003719878,3.906058023950891,4.505309030574836,0.2768982173078882
Eneide,eneide,main,2217,wspd,Wind speed (m/s),2019-12-07T03:00:00.000000000,2019-12-11T00:00:00.000000000,32,4.0,5.10456003719878,3.906058023950891,4.505309030574836,0.2768982173078882
Eneide,eneide,main,2217,wspd,Wind speed (m/s),2019-12-19T06:00:00.000000000,2019-12-23T09:00:00.000000000,34,4.25,12.229230145748716,8.213582557069003,10.22140635140886,4.742846673703525
Eneide,eneide,main,2218,wspd,Wind speed (m/s),2019-12-19T06:00:00.000000000,2019-12-23T09:00:00.000000000,34,4.25,12.229230145748716,8.213582557069003,10.22140635140886,4.742846673703525
Eneide,eneide,main,2219,wspd,Wind speed (m/s),2019-12-19T06:00:00.000000000,2019-12-23T09:00:00.000000000,34,4.25,12.229230145748716,8.213582557069003,10.22140635140886,4.742846673703525
Eneide,eneide,main,2226,wspd,Wind speed (m/s),2020-02-07T18:00:00.000000000,2020-02-10T21:00:00.000000000,26,3.25,0.9373100583062524,3.828159368657566,2.3827347134819092,0.8894920650575102
Eneide,eneide,main,2227,wspd,Wind speed (m/s),2020-02-07T18:00:00.000000000,2020-02-10T21:00:00.000000000,26,3.25,0.9373100583062524,3.828159368657566,2.3827347134819092,0.8894920650575102
Eneide,eneide,main,2228,wspd,Wind speed (m/s),2020-02-07T18:00:00.000000000,2020-02-10T21:00:00.000000000,26,3.25,0.9373100583062524,3.828159368657566,2.3827347134819092,0.8894920650575102
Eneide,eneide,main,2228,wspd,Wind speed (m/s),2020-02-16T18:00:00.000000000,2020-02-21T03:00:00.000000000,36,4.5,2.872574992622276,1.0647600828912687,1.9686675377567724,0.39573058148636164
Eneide,eneide,main,2229,wspd,Wind speed (m/s),2020-02-16T18:00:00.000000000,2020-02-21T03:00:00.000000000,36,4.5,2.872574992622276,1.0647600828912687,1.9686675377567724,0.39573058148636164
Eneide,eneide,main,2230,wspd,Wind speed (m/s),2020-02-16T18:00:00.000000000,2020-02-21T03:00:00.000000000,36,4.5,2.872574992622276,1.0647600828912687,1.9686675377567724,0.39573058148636164
Eneide,eneide,main,2230,wspd,Wind speed (m/s),2020-02-27T15:00:00.000000000,2020-03-04T12:00:00.000000000,48,6.0,3.194205390251682,5.38544782857457,4.289826609413126,0.34820027089473626
Eneide,eneide,main,2231,wspd,Wind speed (m/s),2020-02-27T15:00:00.000000000,2020-03-04T12:00:00.000000000,48,6.0,3.194205390251682,5.38544782857457,4.289826609413126,0.34820027089473626
Eneide,eneide,main,2232,wspd,Wind speed (m/s),2020-02-27T15:00:00.000000000,2020-03-04T12:00:00.000000000,48,6.0,3.194205390251682,5.38544782857457,4.289826609413126,0.34820027089473626
Eneide,eneide,main,2232,wspd,Wind speed (m/s),2020-03-06T21:00:00.000000000,2020-03-14T21:00:00.000000000,65,8.125,1.7588674722338737,4.674730257461988,3.216798864847931,0.36633468408855663
Eneide,eneide,main,2233,wspd,Wind speed (m/s),2020-03-06T21:00:00.000000000,2020-03-14T21:00:00.000000000,65,8.125,1.7588674722338737,4.674730257461988,3.216798864847931,0.36633468408855663
Eneide,eneide,main,2234,wspd,Wind speed (m/s),2020-03-06T21:00:00.000000000,2020-03-14T21:00:00.000000000,65,8.125,1.7588674722338737,4.674730257461988,3.216798864847931,0.36633468408855663
Eneide,eneide,main,2235,wspd,Wind speed (m/s),2020-03-22T18:00:00.000000000,2020-03-26T15:00:00.000000000,32,4.0,1.8768351662447458,1.1788409946844922,1.527838080464619,0.19722582889414753
Eneide,eneide,main,2236,wspd,Wind speed (m/s),2020-03-22T18:00:00.000000000,2020-03-26T15:00:00.000000000,32,4.0,1.8768351662447458,1.1788409946844922,1.527838080464619,0.19722582889414753
Eneide,eneide,main,2237,wspd,Wind speed (m/s),2020-03-22T18:00:00.000000000,2020-03-26T15:00:00.000000000,32,4.0,1.8768351662447458,1.1788409946844922,1.527838080464619,0.19722582889414753
Eneide,eneide,main,2239,wspd,Wind speed (m/s),2020-10-29T03:00:00.000000000,2020-11-03T06:00:00.000000000,42,5.25,41.69289609761381,0.32763782557063337,21.010266961592222,7.653183862842752
Eneide,eneide,main,2240,wspd,Wind speed (m/s),2020-10-29T03:00:00.000000000,2020-11-03T06:00:00.000000000,42,5.25,41.69289609761381,0.32763782557063337,21.010266961592222,7.653183862842752
Eneide,eneide,main,2241,wspd,Wind speed (m/s),2020-10-29T03:00:00.000000000,2020-11-03T06:00:00.000000000,42,5.25,41.69289609761381,0.32763782557063337,21.010266961592222,7.653183862842752
Eneide,eneide,main,2241,wspd,Wind speed (m/s),2020-11-12T00:00:00.000000000,2020-11-14T21:00:00.000000000,24,3.0,1.9578413165029929,0.9059707302338609,1.4319060233684269,0.9412706702362073
Eneide,eneide,main,2242,wspd,Wind speed (m/s),2020-11-12T00:00:00.000000000,2020-11-14T21:00:00.000000000,24,3.0,1.9578413165029929,0.9059707302338609,1.4319060233684269,0.9412706702362073
Eneide,eneide,main,2243,wspd,Wind speed (m/s),2020-11-12T00:00:00.000000000,2020-11-14T21:00:00.000000000,24,3.0,1.9578413165029929,0.9059707302338609,1.4319060233684269,0.9412706702362073
Eneide,eneide,main,2275,wspd,Wind speed (m/s),2021-05-10T06:00:00.000000000,2021-05-13T06:00:00.000000000,25,3.125,0.9578540264193975,5.036511674068265,2.9971828502438314,1.2559396302656864
Eneide,eneide,main,2276,wspd,Wind speed (m/s),2021-05-10T06:00:00.000000000,2021-05-13T06:00:00.000000000,25,3.125,0.9578540264193975,5.036511674068265,2.9971828502438314,1.2559396302656864
Eneide,eneide,main,2277,wspd,Wind speed (m/s),2021-05-10T06:00:00.000000000,2021-05-13T06:00:00.000000000,25,3.125,0.9578540264193975,5.036511674068265,2.9971828502438314,1.2559396302656864
Eneide,eneide,main,2278,wspd,Wind speed (m/s),2021-05-10T06:00:00.000000000,2021-05-13T06:00:00.000000000,25,3.125,0.9578540264193975,5.036511674068265,2.9971828502438314,1.2559396302656864
Eneide,eneide,main,2281,wspd,Wind speed (m/s),2021-06-10T03:00:00.000000000,2021-06-13T09:00:00.000000000,27,3.375,3.4429018444313897,2.193096648203664,2.8179992463175267,1.4794496280561589
Eneide,eneide,main,2282,wspd,Wind speed (m/s),2021-06-10T03:00:00.000000000,2021-06-13T09:00:00.000000000,27,3.375,3.4429018444313897,2.193096648203664,2.8179992463175267,1.4794496280561589
Eneide,eneide,main,2283,wspd,Wind speed (m/s),2021-06-10T03:00:00.000000000,2021-06-13T09:00:00.000000000,27,3.375,3.4429018444313897,2.193096648203664,2.8179992463175267,1.4794496280561589
Eneide,eneide,main,2283,wspd,Wind speed (m/s),2021-06-19T18:00:00.000000000,2021-06-23T15:00:00.000000000,32,4.0,17.8358683106062,12.719535401726716,15.277701856166459,1.2109011318130456
Eneide,eneide,main,2284,wspd,Wind speed (m/s),2021-06-10T03:00:00.000000000,2021-06-13T09:00:00.000000000,27,3.375,3.4429018444313897,2.193096648203664,2.8179992463175267,1.4794496280561589
Eneide,eneide,main,2284,wspd,Wind speed (m/s),2021-06-19T18:00:00.000000000,2021-06-23T15:00:00.000000000,32,4.0,17.8358683106062,12.719535401726716,15.277701856166459,1.2109011318130456
Eneide,eneide,main,2285,wspd,Wind speed (m/s),2021-06-19T18:00:00.000000000,2021-06-23T15:00:00.000000000,32,4.0,17.8358683106062,12.719535401726716,15.277701856166459,1.2109011318130456
Erin,erin,main,669,wspd,Wind speed (m/s),2009-07-06T06:00:00.000000000,2009-07-09T18:00:00.000000000,29,3.625,1.3551080480143582,1.8330602399744294,1.5940841439943938,0.13828566249020469
Erin,erin,main,670,wspd,Wind speed (m/s),2009-07-06T06:00:00.000000000,2009-07-09T18:00:00.000000000,29,3.625,1.3551080480143582,1.8330602399744294,1.5940841439943938,0.13828566249020469
Erin,erin,main,671,wspd,Wind speed (m/s),2009-07-06T06:00:00.000000000,2009-07-09T18:00:00.000000000,29,3.625,1.3551080480143582,1.8330602399744294,1.5940841439943938,0.13828566249020469
Erin,erin,main,672,wspd,Wind speed (m/s),2009-07-06T06:00:00.000000000,2009-07-09T18:00:00.000000000,29,3.625,1.3551080480143582,1.8330602399744294,1.5940841439943938,0.13828566249020469
Erin,erin,main,679,T,Temperature (deg C),2009-09-20T03:00:00.000000000,2009-09-28T15:00:00.000000000,69,8.625,0.00820942729262697,0.10296604101300488,0.055587734152815926,0.016948988364172024
Erin,erin,main,679,RH,Relative humidity (%),2009-09-20T03:00:00.000000000,2009-09-28T15:00:00.000000000,69,8.625,6.2793410758299615,8.507353237341022,7.393347156585492,1.6910451951971481
Erin,erin,main,679,wspd,Wind speed (m/s),2009-09-20T03:00:00.000000000,2009-09-28T15:00:00.000000000,69,8.625,0.23810928926127417,1.3794580841902189,0.8087836867257465,0.18969725565852968
Erin,erin,main,679,P,Pressure (hPa),2009-09-20T03:00:00.000000000,2009-09-28T15:00:00.000000000,69,8.625,0.5299126578174764,0.6652324007009156,0.597572529259196,0.1822945654294017
Erin,erin,main,679,q,Specific humidity (g/kg),2009-09-20T03:00:00.000000000,2009-09-28T15:00:00.000000000,69,8.625,0.009429016720439165,0.06757472723250757,0.03850187197647337,0.009060676875417284
Erin,erin,main,789,q,Specific humidity (g/kg),2011-06-05T12:00:00.000000000,2011-06-08T12:00:00.000000000,25,3.125,0.10073426840359367,0.11448242403127651,0.10760834621743509,0.01009305736767363
Erin,erin,main,790,q,Specific humidity (g/kg),2011-06-05T12:00:00.000000000,2011-06-08T12:00:00.000000000,25,3.125,0.10073426840359367,0.11448242403127651,0.10760834621743509,0.01009305736767363
Erin,erin,main,791,q,Specific humidity (g/kg),2011-06-05T12:00:00.000000000,2011-06-08T12:00:00.000000000,25,3.125,0.10073426840359367,0.11448242403127651,0.10760834621743509,0.01009305736767363
Erin,erin,main,792,q,Specific humidity (g/kg),2011-06-05T12:00:00.000000000,2011-06-08T12:00:00.000000000,25,3.125,0.10073426840359367,0.11448242403127651,0.10760834621743509,0.01009305736767363
Erin,erin,main,798,RH,Relative humidity (%),2011-07-17T15:00:00.000000000,2011-07-20T18:00:00.000000000,26,3.25,17.934726303984462,17.317386474073828,17.626056389029145,0.1899507227097672
Erin,erin,main,798,q,Specific humidity (g/kg),2011-07-17T12:00:00.000000000,2011-07-21T00:00:00.000000000,29,3.625,0.19602322024401886,0.28858754027836575,0.2423053802611923,0.026293427938238523
Erin,erin,main,799,RH,Relative humidity (%),2011-07-17T15:00:00.000000000,2011-07-20T18:00:00.000000000,26,3.25,17.934726303984462,17.317386474073828,17.626056389029145,0.1899507227097672
Erin,erin,main,799,q,Specific humidity (g/kg),2011-07-17T12:00:00.000000000,2011-07-21T00:00:00.000000000,29,3.625,0.19602322024401886,0.28858754027836575,0.2423053802611923,0.026293427938238523
Erin,erin,main,800,RH,Relative humidity (%),2011-07-17T15:00:00.000000000,2011-07-20T18:00:00.000000000,26,3.25,17.934726303984462,17.317386474073828,17.626056389029145,0.1899507227097672
Erin,erin,main,800,q,Specific humidity (g/kg),2011-07-17T12:00:00.000000000,2011-07-21T00:00:00.000000000,29,3.625,0.19602322024401886,0.28858754027836575,0.2423053802611923,0.026293427938238523
Erin,erin,main,807,T,Temperature (deg C),2011-09-22T00:00:00.000000000,2011-10-04T21:00:00.000000000,104,13.0,4.992997706967799,3.301155680837496,4.1470766939026475,0.6606492563156081
Erin,erin,main,807,RH,Relative humidity (%),2011-09-22T00:00:00.000000000,2011-10-05T15:00:00.000000000,110,13.75,7.592278444327576,10.845549369575565,9.21891390695157,1.3259288217464018
Erin,erin,main,807,wspd,Wind speed (m/s),2011-09-22T00:00:00.000000000,2011-10-04T21:00:00.000000000,104,13.0,1.6747558844303398,2.9818265074786723,2.328291195954506,0.35819861813978093
Erin,erin,main,807,P,Pressure (hPa),2011-09-22T00:00:00.000000000,2011-10-04T21:00:00.000000000,104,13.0,0.08541422968846746,3.4569213367503835,1.7711677832194255,0.24875108814831037
Erin,erin,main,807,q,Specific humidity (g/kg),2011-09-22T00:00:00.000000000,2011-10-05T15:00:00.000000000,110,13.75,0.07396363015989138,0.056733774564607486,0.06534870236224943,0.0006316335626217473
Gill,gill,main,1665,wspd,Wind speed (m/s),2015-10-04T00:00:00.000000000,2015-10-07T03:00:00.000000000,26,3.25,0.4624398809602326,0.9479261853626326,0.7051830331614326,0.07074801421845223
Gill,gill,main,1666,wspd,Wind speed (m/s),2015-10-04T00:00:00.000000000,2015-10-07T03:00:00.000000000,26,3.25,0.4624398809602326,0.9479261853626326,0.7051830331614326,0.07074801421845223
Gill,gill,main,1667,wspd,Wind speed (m/s),2015-10-04T00:00:00.000000000,2015-10-07T03:00:00.000000000,26,3.25,0.4624398809602326,0.9479261853626326,0.7051830331614326,0.07074801421845223
Gill,gill,main,1714,wspd,Wind speed (m/s),2016-06-14T06:00:00.000000000,2016-06-21T03:00:00.000000000,56,7.0,0.5376971259676111,4.167884930244668,2.3527910281061395,0.5148388772905719
Gill,gill,main,1715,wspd,Wind speed (m/s),2016-06-14T06:00:00.000000000,2016-06-21T03:00:00.000000000,56,7.0,0.5376971259676111,4.167884930244668,2.3527910281061395,0.5148388772905719
Gill,gill,main,1715,wspd,Wind speed (m/s),2016-06-21T21:00:00.000000000,2016-06-25T03:00:00.000000000,27,3.375,3.875560417904012,3.542385363910398,3.708972890907205,0.0934275245646532
Gill,gill,main,1716,wspd,Wind speed (m/s),2016-06-14T06:00:00.000000000,2016-06-21T03:00:00.000000000,56,7.0,0.5376971259676111,4.167884930244668,2.3527910281061395,0.5148388772905719
Gill,gill,main,1716,wspd,Wind speed (m/s),2016-06-21T21:00:00.000000000,2016-06-25T03:00:00.000000000,27,3.375,3.875560417904012,3.542385363910398,3.708972890907205,0.0934275245646532
Gill,gill,main,1716,P,Pressure (hPa),2016-06-28T12:00:00.000000000,2016-07-02T00:00:00.000000000,29,3.625,2.821937695291126,0.16743218241026625,1.4946849388506962,0.6793665332934324
Gill,gill,main,1717,wspd,Wind speed (m/s),2016-06-21T21:00:00.000000000,2016-06-25T03:00:00.000000000,27,3.375,3.875560417904012,3.542385363910398,3.708972890907205,0.0934275245646532
Gill,gill,main,1717,wspd,Wind speed (m/s),2016-06-29T15:00:00.000000000,2016-07-10T00:00:00.000000000,84,10.5,0.1847961655605559,4.947603608042073,2.5661998868013143,0.4539368425668471
Gill,gill,main,1717,P,Pressure (hPa),2016-06-28T12:00:00.000000000,2016-07-02T00:00:00.000000000,29,3.625,2.821937695291126,0.16743218241026625,1.4946849388506962,0.6793665332934324
Gill,gill,main,1718,wspd,Wind speed (m/s),2016-06-29T15:00:00.000000000,2016-07-10T00:00:00.000000000,84,10.5,0.1847961655605559,4.947603608042073,2.5661998868013143,0.4539368425668471
Gill,gill,main,1718,P,Pressure (hPa),2016-06-28T12:00:00.000000000,2016-07-02T00:00:00.000000000,29,3.625,2.821937695291126,0.16743218241026625,1.4946849388506962,0.6793665332934324
Gill,gill,main,1799,wspd,Wind speed (m/s),2017-09-14T00:00:00.000000000,2017-09-17T00:00:00.000000000,25,3.125,0.06811356750665709,0.8042860091393891,0.4361997883230231,0.21095981714515233
Gill,gill,main,1800,wspd,Wind speed (m/s),2017-09-14T00:00:00.000000000,2017-09-17T00:00:00.000000000,25,3.125,0.06811356750665709,0.8042860091393891,0.4361997883230231,0.21095981714515233
Gill,gill,main,1801,wspd,Wind speed (m/s),2017-09-14T00:00:00.000000000,2017-09-17T00:00:00.000000000,25,3.125,0.06811356750665709,0.8042860091393891,0.4361997883230231,0.21095981714515233
Gill,gill,main,1802,wspd,Wind speed (m/s),2017-09-14T00:00:00.000000000,2017-09-17T00:00:00.000000000,25,3.125,0.06811356750665709,0.8042860091393891,0.4361997883230231,0.21095981714515233
Gill,gill,main,1802,P,Pressure (hPa),2017-09-27T15:00:00.000000000,2017-10-01T03:00:00.000000000,29,3.625,0.2775815613276791,2.113157120591495,1.1953693409595871,0.47510167544783144
Gill,gill,main,1803,P,Pressure (hPa),2017-09-27T15:00:00.000000000,2017-10-01T03:00:00.000000000,29,3.625,0.2775815613276791,2.113157120591495,1.1953693409595871,0.47510167544783144
Gill,gill,main,1804,P,Pressure (hPa),2017-09-27T15:00:00.000000000,2017-10-01T03:00:00.000000000,29,3.625,0.2775815613276791,2.113157120591495,1.1953693409595871,0.47510167544783144
Gill,gill,main,1857,wspd,Wind speed (m/s),2019-07-30T00:00:00.000000000,2019-08-10T00:00:00.000000000,89,11.125,3.428445464493734,6.1913701193764155,4.809907791935075,0.2498509039898238
Gill,gill,main,1858,wspd,Wind speed (m/s),2019-07-30T00:00:00.000000000,2019-08-10T00:00:00.000000000,89,11.125,3.428445464493734,6.1913701193764155,4.809907791935075,0.2498509039898238
Gill,gill,main,1923,wspd,Wind speed (m/s),2020-07-30T15:00:00.000000000,2020-08-02T18:00:00.000000000,26,3.25,2.727967512644227,0.8847942638458335,1.8063808882450303,0.5443381995908254
Gill,gill,main,1924,wspd,Wind speed (m/s),2020-07-30T15:00:00.000000000,2020-08-02T18:00:00.000000000,26,3.25,2.727967512644227,0.8847942638458335,1.8063808882450303,0.5443381995908254
Gill,gill,main,1925,wspd,Wind speed (m/s),2020-07-30T15:00:00.000000000,2020-08-02T18:00:00.000000000,26,3.25,2.727967512644227,0.8847942638458335,1.8063808882450303,0.5443381995908254
Gill,gill,main,1926,wspd,Wind speed (m/s),2020-07-30T15:00:00.000000000,2020-08-02T18:00:00.000000000,26,3.25,2.727967512644227,0.8847942638458335,1.8063808882450303,0.5443381995908254
Gill,gill,main,1927,wspd,Wind speed (m/s),2020-08-13T09:00:00.000000000,2020-08-22T12:00:00.000000000,74,9.25,2.956398699939882,5.611845652218108,4.284122176078995,0.2877960525912897
Gill,gill,main,1928,wspd,Wind speed (m/s),2020-08-13T09:00:00.000000000,2020-08-22T12:00:00.000000000,74,9.25,2.956398699939882,5.611845652218108,4.284122176078995,0.2877960525912897
Harry,harry,main,1178,wspd,Wind speed (m/s),2016-07-27T09:00:00.000000000,2016-08-09T09:00:00.000000000,105,13.125,4.086872924253612,1.105439858714476,2.596156391484044,0.3884169690368964
Harry,harry,main,1179,wspd,Wind speed (m/s),2016-07-27T09:00:00.000000000,2016-08-09T09:00:00.000000000,105,13.125,4.086872924253612,1.105439858714476,2.596156391484044,0.3884169690368964
Harry,harry,main,1213,P,Pressure (hPa),2017-02-05T15:00:00.000000000,2017-02-14T09:00:00.000000000,71,8.875,4.903508372080978,0.01752607076196,2.460517221421469,0.5505332088237083
Harry,harry,main,1214,P,Pressure (hPa),2017-02-05T15:00:00.000000000,2017-02-14T09:00:00.000000000,71,8.875,4.903508372080978,0.01752607076196,2.460517221421469,0.5505332088237083
Harry,harry,main,1215,P,Pressure (hPa),2017-02-05T15:00:00.000000000,2017-02-14T09:00:00.000000000,71,8.875,4.903508372080978,0.01752607076196,2.460517221421469,0.5505332088237083
Harry,harry,main,1215,P,Pressure (hPa),2017-02-18T00:00:00.000000000,2017-02-24T03:00:00.000000000,50,6.25,1.4710712018277263,0.4304166948568309,0.9507439483422786,0.1790537759363815
Harry,harry,main,1216,P,Pressure (hPa),2017-02-18T00:00:00.000000000,2017-02-24T03:00:00.000000000,50,6.25,1.4710712018277263,0.4304166948568309,0.9507439483422786,0.1790537759363815
Harry,harry,main,1217,P,Pressure (hPa),2017-02-18T00:00:00.000000000,2017-02-24T03:00:00.000000000,50,6.25,1.4710712018277263,0.4304166948568309,0.9507439483422786,0.1790537759363815
Harry,harry,main,1217,P,Pressure (hPa),2017-03-03T18:00:00.000000000,2017-03-08T09:00:00.000000000,38,4.75,1.5739180512609892,1.3777483460580697,1.4758331986595294,0.024564893157048573
Harry,harry,main,1218,P,Pressure (hPa),2017-03-03T18:00:00.000000000,2017-03-08T09:00:00.000000000,38,4.75,1.5739180512609892,1.3777483460580697,1.4758331986595294,0.024564893157048573
Harry,harry,main,1219,P,Pressure (hPa),2017-03-03T18:00:00.000000000,2017-03-08T09:00:00.000000000,38,4.75,1.5739180512609892,1.3777483460580697,1.4758331986595294,0.024564893157048573
Harry,harry,main,1220,P,Pressure (hPa),2017-03-03T18:00:00.000000000,2017-03-08T09:00:00.000000000,38,4.75,1.5739180512609892,1.3777483460580697,1.4758331986595294,0.024564893157048573
Harry,harry,main,1231,P,Pressure (hPa),2017-05-14T21:00:00.000000000,2017-05-19T21:00:00.000000000,41,5.125,1.8593681882339297,2.5515999228082364,2.205484055521083,0.12949464686317924
Harry,harry,main,1232,P,Pressure (hPa),2017-05-14T21:00:00.000000000,2017-05-19T21:00:00.000000000,41,5.125,1.8593681882339297,2.5515999228082364,2.205484055521083,0.12949464686317924
Harry,harry,main,1233,P,Pressure (hPa),2017-05-14T21:00:00.000000000,2017-05-19T21:00:00.000000000,41,5.125,1.8593681882339297,2.5515999228082364,2.205484055521083,0.12949464686317924
Harry,harry,main,1234,P,Pressure (hPa),2017-05-26T21:00:00.000000000,2017-06-01T06:00:00.000000000,44,5.5,0.3051896618271712,2.5463105952367187,1.425750128531945,0.46552540762149874
Harry,harry,main,1235,P,Pressure (hPa),2017-05-26T21:00:00.000000000,2017-06-01T06:00:00.000000000,44,5.5,0.3051896618271712,2.5463105952367187,1.425750128531945,0.46552540762149874
Harry,harry,main,1236,P,Pressure (hPa),2017-05-26T21:00:00.000000000,2017-06-01T06:00:00.000000000,44,5.5,0.3051896618271712,2.5463105952367187,1.425750128531945,0.46552540762149874
Harry,harry,main,1249,P,Pressure (hPa),2017-08-14T09:00:00.000000000,2017-08-18T09:00:00.000000000,33,4.125,0.19111000013072044,3.8408608357276535,2.015985417929187,0.6822918838843179
Harry,harry,main,1250,P,Pressure (hPa),2017-08-14T09:00:00.000000000,2017-08-18T09:00:00.000000000,33,4.125,0.19111000013072044,3.8408608357276535,2.015985417929187,0.6822918838843179
Harry,harry,main,1250,P,Pressure (hPa),2017-08-21T09:00:00.000000000,2017-08-26T03:00:00.000000000,39,4.875,1.7377163241180824,0.9942547419341281,1.3659855330261053,0.13660765643294326
Harry,harry,main,1251,P,Pressure (hPa),2017-08-14T09:00:00.000000000,2017-08-18T09:00:00.000000000,33,4.125,0.19111000013072044,3.8408608357276535,2.015985417929187,0.6822918838843179
Harry,harry,main,1251,P,Pressure (hPa),2017-08-21T09:00:00.000000000,2017-08-26T03:00:00.000000000,39,4.875,1.7377163241180824,0.9942547419341281,1.3659855330261053,0.13660765643294326
Harry,harry,main,1252,P,Pressure (hPa),2017-08-21T09:00:00.000000000,2017-08-26T03:00:00.000000000,39,4.875,1.7377163241180824,0.9942547419341281,1.3659855330261053,0.13660765643294326
Harry,harry,main,1257,P,Pressure (hPa),2017-09-30T03:00:00.000000000,2017-10-04T09:00:00.000000000,35,4.375,3.197600104176672,0.9321552060137037,2.064877655095188,0.6346408764784428
Harry,harry,main,1258,P,Pressure (hPa),2017-09-30T03:00:00.000000000,2017-10-04T09:00:00.000000000,35,4.375,3.197600104176672,0.9321552060137037,2.064877655095188,0.6346408764784428
Harry,harry,main,1259,P,Pressure (hPa),2017-09-30T03:00:00.000000000,2017-10-04T09:00:00.000000000,35,4.375,3.197600104176672,0.9321552060137037,2.064877655095188,0.6346408764784428
Harry,harry,main,1259,P,Pressure (hPa),2017-10-08T21:00:00.000000000,2017-10-12T03:00:00.000000000,27,3.375,1.217939096619375,1.1092101731628645,1.1635746348911198,0.1009991893224651
Harry,harry,main,1260,P,Pressure (hPa),2017-09-30T03:00:00.000000000,2017-10-04T09:00:00.000000000,35,4.375,3.197600104176672,0.9321552060137037,2.064877655095188,0.6346408764784428
Harry,harry,main,1260,P,Pressure (hPa),2017-10-08T21:00:00.000000000,2017-10-12T03:00:00.000000000,27,3.375,1.217939096619375,1.1092101731628645,1.1635746348911198,0.1009991893224651
Harry,harry,main,1261,P,Pressure (hPa),2017-10-08T21:00:00.000000000,2017-10-12T03:00:00.000000000,27,3.375,1.217939096619375,1.1092101731628645,1.1635746348911198,0.1009991893224651
Harry,harry,main,1261,P,Pressure (hPa),2017-10-18T03:00:00.000000000,2017-10-21T09:00:00.000000000,27,3.375,0.3251401189772878,0.21833094641624484,0.2717355326967663,0.13958311178794247
Harry,harry,main,1262,P,Pressure (hPa),2017-10-18T03:00:00.000000000,2017-10-21T09:00:00.000000000,27,3.375,0.3251401189772878,0.21833094641624484,0.2717355326967663,0.13958311178794247
Harry,harry,main,1263,P,Pressure (hPa),2017-10-18T03:00:00.000000000,2017-10-21T09:00:00.000000000,27,3.375,0.3251401189772878,0.21833094641624484,0.2717355326967663,0.13958311178794247
Harry,harry,main,1263,P,Pressure (hPa),2017-10-24T18:00:00.000000000,2017-10-31T12:00:00.000000000,55,6.875,1.1925951807643287,1.2387439630692825,1.2156695719168056,0.00809269120964018
Harry,harry,main,1264,P,Pressure (hPa),2017-10-24T18:00:00.000000000,2017-10-31T12:00:00.000000000,55,6.875,1.1925951807643287,1.2387439630692825,1.2156695719168056,0.00809269120964018
Henry,henry,main,1204,wspd,Wind speed (m/s),2013-07-12T09:00:00.000000000,2013-07-17T06:00:00.000000000,40,5.0,2.1399256447208472,1.1004931888584224,1.6202094167896348,0.20886207999789974
Henry,henry,main,1205,wspd,Wind speed (m/s),2013-07-12T09:00:00.000000000,2013-07-17T06:00:00.000000000,40,5.0,2.1399256447208472,1.1004931888584224,1.6202094167896348,0.20886207999789974
Henry,henry,main,1206,wspd,Wind speed (m/s),2013-07-12T09:00:00.000000000,2013-07-17T06:00:00.000000000,40,5.0,2.1399256447208472,1.1004931888584224,1.6202094167896348,0.20886207999789974
Henry,henry,main,1210,wspd,Wind speed (m/s),2013-08-19T12:00:00.000000000,2013-08-22T12:00:00.000000000,25,3.125,1.3669801506267163,1.1651156317696518,1.266047891198184,0.0547504884936032
Henry,henry,main,1211,wspd,Wind speed (m/s),2013-08-19T12:00:00.000000000,2013-08-22T12:00:00.000000000,25,3.125,1.3669801506267163,1.1651156317696518,1.266047891198184,0.0547504884936032
Henry,henry,main,1212,wspd,Wind speed (m/s),2013-08-19T12:00:00.000000000,2013-08-22T12:00:00.000000000,25,3.125,1.3669801506267163,1.1651156317696518,1.266047891198184,0.0547504884936032
Henry,henry,main,1213,wspd,Wind speed (m/s),2013-08-19T12:00:00.000000000,2013-08-22T12:00:00.000000000,25,3.125,1.3669801506267163,1.1651156317696518,1.266047891198184,0.0547504884936032
Henry,henry,main,1221,wspd,Wind speed (m/s),2013-09-29T00:00:00.000000000,2013-10-16T06:00:00.000000000,139,17.375,2.1748077702741284,2.197967193533202,2.1863874819036653,0.0007573777118956571
Howard Nunatak,howard_nunatak,main,665,wspd,Wind speed (m/s),2019-08-20T12:00:00.000000000,2019-08-25T15:00:00.000000000,42,5.25,1.947279948461528,1.802981397954909,1.8751306732082185,0.7262956404092336
Howard Nunatak,howard_nunatak,main,666,wspd,Wind speed (m/s),2019-08-20T12:00:00.000000000,2019-08-25T15:00:00.000000000,42,5.25,1.947279948461528,1.802981397954909,1.8751306732082185,0.7262956404092336
Howard Nunatak,howard_nunatak,main,666,wspd,Wind speed (m/s),2019-08-28T03:00:00.000000000,2019-08-31T09:00:00.000000000,27,3.375,1.8032735515431568,3.640412546813536,2.7218430491783465,0.5379882508460412
Howard Nunatak,howard_nunatak,main,667,wspd,Wind speed (m/s),2019-08-20T12:00:00.000000000,2019-08-25T15:00:00.000000000,42,5.25,1.947279948461528,1.802981397954909,1.8751306732082185,0.7262956404092336
Howard Nunatak,howard_nunatak,main,667,wspd,Wind speed (m/s),2019-08-28T03:00:00.000000000,2019-08-31T09:00:00.000000000,27,3.375,1.8032735515431568,3.640412546813536,2.7218430491783465,0.5379882508460412
Howard Nunatak,howard_nunatak,main,668,wspd,Wind speed (m/s),2019-08-28T03:00:00.000000000,2019-08-31T09:00:00.000000000,27,3.375,1.8032735515431568,3.640412546813536,2.7218430491783465,0.5379882508460412
Howard Nunatak,howard_nunatak,main,668,wspd,Wind speed (m/s),2019-09-06T03:00:00.000000000,2019-09-09T00:00:00.000000000,24,3.0,1.3181403320028267,5.996883190806329,3.657511761404578,2.2530080749386343
Howard Nunatak,howard_nunatak,main,669,wspd,Wind speed (m/s),2019-09-06T03:00:00.000000000,2019-09-09T00:00:00.000000000,24,3.0,1.3181403320028267,5.996883190806329,3.657511761404578,2.2530080749386343
Howard Nunatak,howard_nunatak,main,670,wspd,Wind speed (m/s),2019-09-06T03:00:00.000000000,2019-09-09T00:00:00.000000000,24,3.0,1.3181403320028267,5.996883190806329,3.657511761404578,2.2530080749386343
Howard Nunatak,howard_nunatak,main,687,T,Temperature (deg C),2019-12-13T18:00:00.000000000,2019-12-20T21:00:00.000000000,58,7.25,0.9515182756404101,3.4781353153316843,2.214826795486047,0.5885437039326753
Howard Nunatak,howard_nunatak,main,687,RH,Relative humidity (%),2019-12-14T00:00:00.000000000,2019-12-20T21:00:00.000000000,56,7.0,5.020528816559818,8.472971992739076,6.746750404649447,1.863732961298524
Howard Nunatak,howard_nunatak,main,687,P,Pressure (hPa),2019-12-14T00:00:00.000000000,2019-12-20T21:00:00.000000000,56,7.0,0.19418053355184384,0.8972739463497419,0.5457272399507929,0.1529145147447366
Howard Nunatak,howard_nunatak,main,687,q,Specific humidity (g/kg),2019-12-13T18:00:00.000000000,2019-12-20T21:00:00.000000000,58,7.25,0.16453624108163822,0.18427962177615242,0.17440793142889532,0.0021599092824569066
Howard Nunatak,howard_nunatak,main,688,T,Temperature (deg C),2019-12-13T18:00:00.000000000,2019-12-20T21:00:00.000000000,58,7.25,0.9515182756404101,3.4781353153316843,2.214826795486047,0.5885437039326753
Howard Nunatak,howard_nunatak,main,688,T,Temperature (deg C),2019-12-22T00:00:00.000000000,2019-12-24T21:00:00.000000000,24,3.0,1.955564872157595,0.6642547967365431,1.309909834447069,0.4011033568833078
Howard Nunatak,howard_nunatak,main,688,RH,Relative humidity (%),2019-12-14T00:00:00.000000000,2019-12-20T21:00:00.000000000,56,7.0,5.020528816559818,8.472971992739076,6.746750404649447,1.863732961298524
Howard Nunatak,howard_nunatak,main,688,RH,Relative humidity (%),2019-12-22T00:00:00.000000000,2019-12-24T21:00:00.000000000,24,3.0,2.5869094473814584,0.4140358312461103,1.5004726393137844,0.9216484471936894
Howard Nunatak,howard_nunatak,main,688,wspd,Wind speed (m/s),2019-12-07T15:00:00.000000000,2019-12-25T12:00:00.000000000,144,18.0,0.7809062837162628,0.6593865338361411,0.720146408776202,0.007210870056415075
Howard Nunatak,howard_nunatak,main,688,P,Pressure (hPa),2019-12-14T00:00:00.000000000,2019-12-20T21:00:00.000000000,56,7.0,0.19418053355184384,0.8972739463497419,0.5457272399507929,0.1529145147447366
Howard Nunatak,howard_nunatak,main,688,P,Pressure (hPa),2019-12-22T00:00:00.000000000,2019-12-24T21:00:00.000000000,24,3.0,1.5010476181050763,0.8920460294466466,1.1965468237758614,0.817697902081818
Howard Nunatak,howard_nunatak,main,688,q,Specific humidity (g/kg),2019-12-13T18:00:00.000000000,2019-12-20T21:00:00.000000000,58,7.25,0.16453624108163822,0.18427962177615242,0.17440793142889532,0.0021599092824569066
Howard Nunatak,howard_nunatak,main,688,q,Specific humidity (g/kg),2019-12-22T00:00:00.000000000,2019-12-24T21:00:00.000000000,24,3.0,0.211248840887567,0.06122597948717612,0.13623741018737157,0.04570348940781033
Howard Nunatak,howard_nunatak,main,689,T,Temperature (deg C),2019-12-13T18:00:00.000000000,2019-12-20T21:00:00.000000000,58,7.25,0.9515182756404101,3.4781353153316843,2.214826795486047,0.5885437039326753
Howard Nunatak,howard_nunatak,main,689,T,Temperature (deg C),2019-12-22T00:00:00.000000000,2019-12-24T21:00:00.000000000,24,3.0,1.955564872157595,0.6642547967365431,1.309909834447069,0.4011033568833078
Howard Nunatak,howard_nunatak,main,689,T,Temperature (deg C),2019-12-26T18:00:00.000000000,2019-12-30T18:00:00.000000000,33,4.125,1.8084727589868521,0.7915529795550924,1.3000128692709723,0.6010757450972548
Howard Nunatak,howard_nunatak,main,689,RH,Relative humidity (%),2019-12-14T00:00:00.000000000,2019-12-20T21:00:00.000000000,56,7.0,5.020528816559818,8.472971992739076,6.746750404649447,1.863732961298524
Howard Nunatak,howard_nunatak,main,689,RH,Relative humidity (%),2019-12-22T00:00:00.000000000,2019-12-24T21:00:00.000000000,24,3.0,2.5869094473814584,0.4140358312461103,1.5004726393137844,0.9216484471936894
Howard Nunatak,howard_nunatak,main,689,RH,Relative humidity (%),2019-12-26T21:00:00.000000000,2019-12-30T15:00:00.000000000,31,3.875,18.435496789827084,3.491741339659143,10.963619064743114,5.455416277958648
Howard Nunatak,howard_nunatak,main,689,wspd,Wind speed (m/s),2019-12-26T21:00:00.000000000,2019-12-30T15:00:00.000000000,31,3.875,2.041787994209585,0.8619337994861098,1.4518608968478475,0.29560754080967655
Howard Nunatak,howard_nunatak,main,689,P,Pressure (hPa),2019-12-14T00:00:00.000000000,2019-12-20T21:00:00.000000000,56,7.0,0.19418053355184384,0.8972739463497419,0.5457272399507929,0.1529145147447366
Howard Nunatak,howard_nunatak,main,689,P,Pressure (hPa),2019-12-22T00:00:00.000000000,2019-12-24T21:00:00.000000000,24,3.0,1.5010476181050763,0.8920460294466466,1.1965468237758614,0.817697902081818
Howard Nunatak,howard_nunatak,main,689,P,Pressure (hPa),2019-12-26T21:00:00.000000000,2019-12-30T15:00:00.000000000,31,3.875,0.17304992355639115,1.2577118495246395,0.7153808865405153,0.1928161487012403
Howard Nunatak,howard_nunatak,main,689,q,Specific humidity (g/kg),2019-12-13T18:00:00.000000000,2019-12-20T21:00:00.000000000,58,7.25,0.16453624108163822,0.18427962177615242,0.17440793142889532,0.0021599092824569066
Howard Nunatak,howard_nunatak,main,689,q,Specific humidity (g/kg),2019-12-22T00:00:00.000000000,2019-12-24T21:00:00.000000000,24,3.0,0.211248840887567,0.06122597948717612,0.13623741018737157,0.04570348940781033
Howard Nunatak,howard_nunatak,main,689,q,Specific humidity (g/kg),2019-12-26T18:00:00.000000000,2019-12-30T18:00:00.000000000,33,4.125,0.12339602865068855,0.35288357877209364,0.2381398037113911,0.054700752334665204
Howard Nunatak,howard_nunatak,main,690,T,Temperature (deg C),2019-12-22T00:00:00.000000000,2019-12-24T21:00:00.000000000,24,3.0,1.955564872157595,0.6642547967365431,1.309909834447069,0.4011033568833078
Howard Nunatak,howard_nunatak,main,690,T,Temperature (deg C),2019-12-26T18:00:00.000000000,2019-12-30T18:00:00.000000000,33,4.125,1.8084727589868521,0.7915529795550924,1.3000128692709723,0.6010757450972548
Howard Nunatak,howard_nunatak,main,690,RH,Relative humidity (%),2019-12-22T00:00:00.000000000,2019-12-24T21:00:00.000000000,24,3.0,2.5869094473814584,0.4140358312461103,1.5004726393137844,0.9216484471936894
Howard Nunatak,howard_nunatak,main,690,RH,Relative humidity (%),2019-12-26T21:00:00.000000000,2019-12-30T15:00:00.000000000,31,3.875,18.435496789827084,3.491741339659143,10.963619064743114,5.455416277958648
Howard Nunatak,howard_nunatak,main,690,wspd,Wind speed (m/s),2019-12-26T21:00:00.000000000,2019-12-30T15:00:00.000000000,31,3.875,2.041787994209585,0.8619337994861098,1.4518608968478475,0.29560754080967655
Howard Nunatak,howard_nunatak,main,690,P,Pressure (hPa),2019-12-22T00:00:00.000000000,2019-12-24T21:00:00.000000000,24,3.0,1.5010476181050763,0.8920460294466466,1.1965468237758614,0.817697902081818
Howard Nunatak,howard_nunatak,main,690,P,Pressure (hPa),2019-12-26T21:00:00.000000000,2019-12-30T15:00:00.000000000,31,3.875,0.17304992355639115,1.2577118495246395,0.7153808865405153,0.1928161487012403
Howard Nunatak,howard_nunatak,main,690,q,Specific humidity (g/kg),2019-12-22T00:00:00.000000000,2019-12-24T21:00:00.000000000,24,3.0,0.211248840887567,0.06122597948717612,0.13623741018737157,0.04570348940781033
Howard Nunatak,howard_nunatak,main,690,q,Specific humidity (g/kg),2019-12-26T18:00:00.000000000,2019-12-30T18:00:00.000000000,33,4.125,0.12339602865068855,0.35288357877209364,0.2381398037113911,0.054700752334665204
Howard Nunatak,howard_nunatak,main,691,T,Temperature (deg C),2019-12-22T00:00:00.000000000,2019-12-24T21:00:00.000000000,24,3.0,1.955564872157595,0.6642547967365431,1.309909834447069,0.4011033568833078
Howard Nunatak,howard_nunatak,main,691,T,Temperature (deg C),2019-12-26T18:00:00.000000000,2019-12-30T18:00:00.000000000,33,4.125,1.8084727589868521,0.7915529795550924,1.3000128692709723,0.6010757450972548
Howard Nunatak,howard_nunatak,main,691,RH,Relative humidity (%),2019-12-22T00:00:00.000000000,2019-12-24T21:00:00.000000000,24,3.0,2.5869094473814584,0.4140358312461103,1.5004726393137844,0.9216484471936894
Howard Nunatak,howard_nunatak,main,691,RH,Relative humidity (%),2019-12-26T21:00:00.000000000,2019-12-30T15:00:00.000000000,31,3.875,18.435496789827084,3.491741339659143,10.963619064743114,5.455416277958648
Howard Nunatak,howard_nunatak,main,691,wspd,Wind speed (m/s),2019-12-26T21:00:00.000000000,2019-12-30T15:00:00.000000000,31,3.875,2.041787994209585,0.8619337994861098,1.4518608968478475,0.29560754080967655
Howard Nunatak,howard_nunatak,main,691,P,Pressure (hPa),2019-12-22T00:00:00.000000000,2019-12-24T21:00:00.000000000,24,3.0,1.5010476181050763,0.8920460294466466,1.1965468237758614,0.817697902081818
Howard Nunatak,howard_nunatak,main,691,P,Pressure (hPa),2019-12-26T21:00:00.000000000,2019-12-30T15:00:00.000000000,31,3.875,0.17304992355639115,1.2577118495246395,0.7153808865405153,0.1928161487012403
Howard Nunatak,howard_nunatak,main,691,q,Specific humidity (g/kg),2019-12-22T00:00:00.000000000,2019-12-24T21:00:00.000000000,24,3.0,0.211248840887567,0.06122597948717612,0.13623741018737157,0.04570348940781033
Howard Nunatak,howard_nunatak,main,691,q,Specific humidity (g/kg),2019-12-26T18:00:00.000000000,2019-12-30T18:00:00.000000000,33,4.125,0.12339602865068855,0.35288357877209364,0.2381398037113911,0.054700752334665204
Laurie II,laurie_ii,main,1167,wspd,Wind speed (m/s),2018-08-23T12:00:00.000000000,2018-08-26T15:00:00.000000000,26,3.25,1.5123230789929494,1.798559528368969,1.6554413036809592,0.8785621815067088
Laurie II,laurie_ii,main,1168,wspd,Wind speed (m/s),2018-08-23T12:00:00.000000000,2018-08-26T15:00:00.000000000,26,3.25,1.5123230789929494,1.798559528368969,1.6554413036809592,0.8785621815067088
Laurie II,laurie_ii,main,1169,wspd,Wind speed (m/s),2018-08-23T12:00:00.000000000,2018-08-26T15:00:00.000000000,26,3.25,1.5123230789929494,1.798559528368969,1.6554413036809592,0.8785621815067088
Laurie II,laurie_ii,main,1170,wspd,Wind speed (m/s),2018-08-23T12:00:00.000000000,2018-08-26T15:00:00.000000000,26,3.25,1.5123230789929494,1.798559528368969,1.6554413036809592,0.8785621815067088
Laurie II,laurie_ii,main,1358,wspd,Wind speed (m/s),2021-05-18T21:00:00.000000000,2021-05-22T00:00:00.000000000,26,3.25,0.2699926465642193,4.5683774886090305,2.419185067586625,1.3850256199870614
Laurie II,laurie_ii,main,1359,wspd,Wind speed (m/s),2021-05-18T21:00:00.000000000,2021-05-22T00:00:00.000000000,26,3.25,0.2699926465642193,4.5683774886090305,2.419185067586625,1.3850256199870614
Laurie II,laurie_ii,main,1360,wspd,Wind speed (m/s),2021-05-18T21:00:00.000000000,2021-05-22T00:00:00.000000000,26,3.25,0.2699926465642193,4.5683774886090305,2.419185067586625,1.3850256199870614
Lola,lola,main,1642,wspd,Wind speed (m/s),2016-02-14T18:00:00.000000000,2016-02-18T00:00:00.000000000,27,3.375,1.1127388713976814,0.0034690073343455197,0.5581039393660134,0.31809052801492044
Lola,lola,main,1643,wspd,Wind speed (m/s),2016-02-14T18:00:00.000000000,2016-02-18T00:00:00.000000000,27,3.375,1.1127388713976814,0.0034690073343455197,0.5581039393660134,0.31809052801492044
Lola,lola,main,1644,wspd,Wind speed (m/s),2016-02-14T18:00:00.000000000,2016-02-18T00:00:00.000000000,27,3.375,1.1127388713976814,0.0034690073343455197,0.5581039393660134,0.31809052801492044
Lola,lola,main,1645,wspd,Wind speed (m/s),2016-02-14T18:00:00.000000000,2016-02-18T00:00:00.000000000,27,3.375,1.1127388713976814,0.0034690073343455197,0.5581039393660134,0.31809052801492044
Lola,lola,main,1649,wspd,Wind speed (m/s),2016-03-19T18:00:00.000000000,2016-03-25T15:00:00.000000000,48,6.0,5.105867289982598,4.634662484848832,4.870264887415715,1.5894079456888903
Lola,lola,main,1650,wspd,Wind speed (m/s),2016-03-19T18:00:00.000000000,2016-03-25T15:00:00.000000000,48,6.0,5.105867289982598,4.634662484848832,4.870264887415715,1.5894079456888903
Lola,lola,main,1651,wspd,Wind speed (m/s),2016-03-19T18:00:00.000000000,2016-03-25T15:00:00.000000000,48,6.0,5.105867289982598,4.634662484848832,4.870264887415715,1.5894079456888903
Lola,lola,main,1663,wspd,Wind speed (m/s),2016-06-02T15:00:00.000000000,2016-06-06T00:00:00.000000000,28,3.5,6.469108476079327,4.3145650231109585,5.391836749595143,0.5860271793110314
Lola,lola,main,1664,wspd,Wind speed (m/s),2016-06-02T15:00:00.000000000,2016-06-06T00:00:00.000000000,28,3.5,6.469108476079327,4.3145650231109585,5.391836749595143,0.5860271793110314
Lola,lola,main,1665,wspd,Wind speed (m/s),2016-06-02T15:00:00.000000000,2016-06-06T00:00:00.000000000,28,3.5,6.469108476079327,4.3145650231109585,5.391836749595143,0.5860271793110314
Lola,lola,main,1666,wspd,Wind speed (m/s),2016-06-02T15:00:00.000000000,2016-06-06T00:00:00.000000000,28,3.5,6.469108476079327,4.3145650231109585,5.391836749595143,0.5860271793110314
Lola,lola,main,1674,wspd,Wind speed (m/s),2016-07-30T03:00:00.000000000,2016-08-02T00:00:00.000000000,24,3.0,3.5825749990711984,28.328100721794726,15.955337860432962,10.156891369107825
Lola,lola,main,1675,wspd,Wind speed (m/s),2016-07-30T03:00:00.000000000,2016-08-02T00:00:00.000000000,24,3.0,3.5825749990711984,28.328100721794726,15.955337860432962,10.156891369107825
Lola,lola,main,1676,wspd,Wind speed (m/s),2016-07-30T03:00:00.000000000,2016-08-02T00:00:00.000000000,24,3.0,3.5825749990711984,28.328100721794726,15.955337860432962,10.156891369107825
Lola,lola,main,1678,wspd,Wind speed (m/s),2016-08-20T21:00:00.000000000,2016-08-24T12:00:00.000000000,30,3.75,4.026939340691797,4.623512853054649,4.325226096873223,0.15048411340081103
Lola,lola,main,1679,wspd,Wind speed (m/s),2016-08-20T21:00:00.000000000,2016-08-24T12:00:00.000000000,30,3.75,4.026939340691797,4.623512853054649,4.325226096873223,0.15048411340081103
Lola,lola,main,1680,wspd,Wind speed (m/s),2016-08-20T21:00:00.000000000,2016-08-24T12:00:00.000000000,30,3.75,4.026939340691797,4.623512853054649,4.325226096873223,0.15048411340081103
Lola,lola,main,1681,wspd,Wind speed (m/s),2016-08-20T21:00:00.000000000,2016-08-24T12:00:00.000000000,30,3.75,4.026939340691797,4.623512853054649,4.325226096873223,0.15048411340081103
Lola,lola,main,1686,wspd,Wind speed (m/s),2016-09-29T15:00:00.000000000,2016-10-02T12:00:00.000000000,24,3.0,4.581294918659296,5.961376559262135,5.271335738960715,0.4066939376720029
Lola,lola,main,1687,wspd,Wind speed (m/s),2016-09-29T15:00:00.000000000,2016-10-02T12:00:00.000000000,24,3.0,4.581294918659296,5.961376559262135,5.271335738960715,0.4066939376720029
Lola,lola,main,1687,wspd,Wind speed (m/s),2016-10-03T15:00:00.000000000,2016-10-06T15:00:00.000000000,25,3.125,1.6214972032184392,3.864338934685634,2.7429180689520365,0.6807862302546255
Lola,lola,main,1688,wspd,Wind speed (m/s),2016-09-29T15:00:00.000000000,2016-10-02T12:00:00.000000000,24,3.0,4.581294918659296,5.961376559262135,5.271335738960715,0.4066939376720029
Lola,lola,main,1688,wspd,Wind speed (m/s),2016-10-03T15:00:00.000000000,2016-10-06T15:00:00.000000000,25,3.125,1.6214972032184392,3.864338934685634,2.7429180689520365,0.6807862302546255
Lola,lola,main,1689,wspd,Wind speed (m/s),2016-10-03T15:00:00.000000000,2016-10-06T15:00:00.000000000,25,3.125,1.6214972032184392,3.864338934685634,2.7429180689520365,0.6807862302546255
Lola,lola,main,1693,T,Temperature (deg C),2016-10-26T06:00:00.000000000,2016-11-08T00:00:00.000000000,103,12.875,3.1047593491867076,4.275951086761381,3.6903552179740444,0.5592187786661924
Lola,lola,main,1693,RH,Relative humidity (%),2016-10-26T06:00:00.000000000,2016-11-08T00:00:00.000000000,103,12.875,17.219470160018318,6.281835966968174,11.750653063493246,0.8435503728509559
Lola,lola,main,1693,wspd,Wind speed (m/s),2016-10-25T21:00:00.000000000,2016-11-08T00:00:00.000000000,106,13.25,5.6289051427838785,4.899863559344908,5.264384351064393,0.05502202831973335
Lola,lola,main,1693,P,Pressure (hPa),2016-10-26T06:00:00.000000000,2016-11-08T00:00:00.000000000,103,12.875,0.702399205241818,2.063975185272284,1.383187195257051,0.19753759446666663
Lola,lola,main,1693,q,Specific humidity (g/kg),2016-10-26T06:00:00.000000000,2016-11-08T00:00:00.000000000,103,12.875,0.07580968108202768,0.46238406173620206,0.26909687140911487,0.02953501743723086
Lola,lola,main,1713,wspd,Wind speed (m/s),2017-02-17T03:00:00.000000000,2017-02-21T18:00:00.000000000,38,4.75,21.45917800277857,3.3178974587408447,12.388537730759708,5.075876442218259
Lola,lola,main,1714,wspd,Wind speed (m/s),2017-02-17T03:00:00.000000000,2017-02-21T18:00:00.000000000,38,4.75,21.45917800277857,3.3178974587408447,12.388537730759708,5.075876442218259
Lola,lola,main,1715,wspd,Wind speed (m/s),2017-02-17T03:00:00.000000000,2017-02-21T18:00:00.000000000,38,4.75,21.45917800277857,3.3178974587408447,12.388537730759708,5.075876442218259
Lola,lola,main,1722,wspd,Wind speed (m/s),2017-04-05T06:00:00.000000000,2017-04-09T21:00:00.000000000,38,4.75,25.798765996549264,4.514568685039194,15.156667340794229,6.230607327509006
Lola,lola,main,1723,wspd,Wind speed (m/s),2017-04-05T06:00:00.000000000,2017-04-09T21:00:00.000000000,38,4.75,25.798765996549264,4.514568685039194,15.156667340794229,6.230607327509006
Lola,lola,main,1724,wspd,Wind speed (m/s),2017-04-05T06:00:00.000000000,2017-04-09T21:00:00.000000000,38,4.75,25.798765996549264,4.514568685039194,15.156667340794229,6.230607327509006
Lola,lola,main,1730,wspd,Wind speed (m/s),2017-05-21T03:00:00.000000000,2017-05-25T00:00:00.000000000,32,4.0,0.9444284137191516,3.560250096868913,2.2523392552940322,0.6388039099733049
Lola,lola,main,1731,wspd,Wind speed (m/s),2017-05-21T03:00:00.000000000,2017-05-25T00:00:00.000000000,32,4.0,0.9444284137191516,3.560250096868913,2.2523392552940322,0.6388039099733049
Lola,lola,main,1732,wspd,Wind speed (m/s),2017-05-21T03:00:00.000000000,2017-05-25T00:00:00.000000000,32,4.0,0.9444284137191516,3.560250096868913,2.2523392552940322,0.6388039099733049
Lola,lola,main,1733,wspd,Wind speed (m/s),2017-05-21T03:00:00.000000000,2017-05-25T00:00:00.000000000,32,4.0,0.9444284137191516,3.560250096868913,2.2523392552940322,0.6388039099733049
Lola,lola,main,1738,wspd,Wind speed (m/s),2017-06-24T18:00:00.000000000,2017-07-02T06:00:00.000000000,61,7.625,3.182423655840239,4.402466536146221,3.79244509599323,0.9862785447888882
Lola,lola,main,1739,wspd,Wind speed (m/s),2017-06-24T18:00:00.000000000,2017-07-02T06:00:00.000000000,61,7.625,3.182423655840239,4.402466536146221,3.79244509599323,0.9862785447888882
Lola,lola,main,1739,wspd,Wind speed (m/s),2017-07-04T15:00:00.000000000,2017-07-08T03:00:00.000000000,29,3.625,4.694433690522487,3.852453696240218,4.273443693381353,0.2230749326690784
Lola,lola,main,1740,wspd,Wind speed (m/s),2017-07-04T15:00:00.000000000,2017-07-08T03:00:00.000000000,29,3.625,4.694433690522487,3.852453696240218,4.273443693381353,0.2230749326690784
Lola,lola,main,1741,wspd,Wind speed (m/s),2017-07-04T15:00:00.000000000,2017-07-08T03:00:00.000000000,29,3.625,4.694433690522487,3.852453696240218,4.273443693381353,0.2230749326690784
Lola,lola,main,1742,wspd,Wind speed (m/s),2017-07-20T03:00:00.000000000,2017-07-23T03:00:00.000000000,25,3.125,2.2591787512147903,1.4857697046504654,1.8724742279326279,1.0999218592519355
Lola,lola,main,1742,wspd,Wind speed (m/s),2017-07-23T09:00:00.000000000,2017-07-27T06:00:00.000000000,32,4.0,3.8890485445085687,2.246207195201805,3.067627869855187,1.4807836272952386
Lola,lola,main,1743,wspd,Wind speed (m/s),2017-07-20T03:00:00.000000000,2017-07-23T03:00:00.000000000,25,3.125,2.2591787512147903,1.4857697046504654,1.8724742279326279,1.0999218592519355
Lola,lola,main,1743,wspd,Wind speed (m/s),2017-07-23T09:00:00.000000000,2017-07-27T06:00:00.000000000,32,4.0,3.8890485445085687,2.246207195201805,3.067627869855187,1.4807836272952386
Lola,lola,main,1744,wspd,Wind speed (m/s),2017-07-20T03:00:00.000000000,2017-07-23T03:00:00.000000000,25,3.125,2.2591787512147903,1.4857697046504654,1.8724742279326279,1.0999218592519355
Lola,lola,main,1744,wspd,Wind speed (m/s),2017-07-23T09:00:00.000000000,2017-07-27T06:00:00.000000000,32,4.0,3.8890485445085687,2.246207195201805,3.067627869855187,1.4807836272952386
Lola,lola,main,1745,wspd,Wind speed (m/s),2017-07-23T09:00:00.000000000,2017-07-27T06:00:00.000000000,32,4.0,3.8890485445085687,2.246207195201805,3.067627869855187,1.4807836272952386
Lola,lola,main,1748,wspd,Wind speed (m/s),2017-08-23T09:00:00.000000000,2017-08-26T12:00:00.000000000,26,3.25,4.229207430323527,4.831163152452973,4.53018529138825,0.17382113747505912
Lola,lola,main,1749,wspd,Wind speed (m/s),2017-08-23T09:00:00.000000000,2017-08-26T12:00:00.000000000,26,3.25,4.229207430323527,4.831163152452973,4.53018529138825,0.17382113747505912
Lola,lola,main,1750,wspd,Wind speed (m/s),2017-08-23T09:00:00.000000000,2017-08-26T12:00:00.000000000,26,3.25,4.229207430323527,4.831163152452973,4.53018529138825,0.17382113747505912
Lola,lola,main,1751,wspd,Wind speed (m/s),2017-08-23T09:00:00.000000000,2017-08-26T12:00:00.000000000,26,3.25,4.229207430323527,4.831163152452973,4.53018529138825,0.17382113747505912
Lola,lola,main,1751,wspd,Wind speed (m/s),2017-09-06T03:00:00.000000000,2017-09-09T18:00:00.000000000,30,3.75,3.2167467963048466,4.6689685329041595,3.942857664604503,0.38725911657122936
Lola,lola,main,1752,wspd,Wind speed (m/s),2017-09-06T03:00:00.000000000,2017-09-09T18:00:00.000000000,30,3.75,3.2167467963048466,4.6689685329041595,3.942857664604503,0.38725911657122936
Lola,lola,main,1752,wspd,Wind speed (m/s),2017-09-10T21:00:00.000000000,2017-09-15T12:00:00.000000000,38,4.75,0.5679539347856064,0.27078324962494094,0.41936859220527367,0.1765762399787505
Lola,lola,main,1753,wspd,Wind speed (m/s),2017-09-06T03:00:00.000000000,2017-09-09T18:00:00.000000000,30,3.75,3.2167467963048466,4.6689685329041595,3.942857664604503,0.38725911657122936
Lola,lola,main,1753,wspd,Wind speed (m/s),2017-09-10T21:00:00.000000000,2017-09-15T12:00:00.000000000,38,4.75,0.5679539347856064,0.27078324962494094,0.41936859220527367,0.1765762399787505
Lola,lola,main,1754,wspd,Wind speed (m/s),2017-09-10T21:00:00.000000000,2017-09-15T12:00:00.000000000,38,4.75,0.5679539347856064,0.27078324962494094,0.41936859220527367,0.1765762399787505
Lola,lola,main,1756,wspd,Wind speed (m/s),2017-09-30T15:00:00.000000000,2017-10-03T21:00:00.000000000,27,3.375,3.5295958104036345,28.42496530434073,15.977280557372183,9.13997531373684
Lola,lola,main,1757,wspd,Wind speed (m/s),2017-09-30T15:00:00.000000000,2017-10-03T21:00:00.000000000,27,3.375,3.5295958104036345,28.42496530434073,15.977280557372183,9.13997531373684
Lola,lola,main,1758,wspd,Wind speed (m/s),2017-09-30T15:00:00.000000000,2017-10-03T21:00:00.000000000,27,3.375,3.5295958104036345,28.42496530434073,15.977280557372183,9.13997531373684
Lola,lola,main,1766,wspd,Wind speed (m/s),2017-11-24T06:00:00.000000000,2017-11-27T18:00:00.000000000,29,3.625,2.3225830434387262,3.4036833113385683,2.8631331773886473,0.2890391494916642
Lola,lola,main,1767,wspd,Wind speed (m/s),2017-11-24T06:00:00.000000000,2017-11-27T18:00:00.000000000,29,3.625,2.3225830434387262,3.4036833113385683,2.8631331773886473,0.2890391494916642
Lola,lola,main,1768,wspd,Wind speed (m/s),2017-11-24T06:00:00.000000000,2017-11-27T18:00:00.000000000,29,3.625,2.3225830434387262,3.4036833113385683,2.8631331773886473,0.2890391494916642
Lola,lola,main,1775,wspd,Wind speed (m/s),2018-01-09T18:00:00.000000000,2018-01-12T15:00:00.000000000,24,3.0,1.3909085740403384,2.4657873632253313,1.9283479686328349,1.2322319838052636
Lola,lola,main,1776,wspd,Wind speed (m/s),2018-01-09T18:00:00.000000000,2018-01-12T15:00:00.000000000,24,3.0,1.3909085740403384,2.4657873632253313,1.9283479686328349,1.2322319838052636
Lola,lola,main,1777,wspd,Wind speed (m/s),2018-01-09T18:00:00.000000000,2018-01-12T15:00:00.000000000,24,3.0,1.3909085740403384,2.4657873632253313,1.9283479686328349,1.2322319838052636
Lola,lola,main,1782,wspd,Wind speed (m/s),2018-02-14T09:00:00.000000000,2018-02-17T18:00:00.000000000,28,3.5,52.65339215343556,2.7501936587040063,27.701792906069784,15.268019955887667
Lola,lola,main,1783,wspd,Wind speed (m/s),2018-02-14T09:00:00.000000000,2018-02-17T18:00:00.000000000,28,3.5,52.65339215343556,2.7501936587040063,27.701792906069784,15.268019955887667
Lola,lola,main,1784,wspd,Wind speed (m/s),2018-02-14T09:00:00.000000000,2018-02-17T18:00:00.000000000,28,3.5,52.65339215343556,2.7501936587040063,27.701792906069784,15.268019955887667
Lola,lola,main,1792,wspd,Wind speed (m/s),2018-04-10T21:00:00.000000000,2018-04-14T18:00:00.000000000,32,4.0,51.886173407765455,45.37007599941899,48.62812470359222,1.5911463070178797
Lola,lola,main,1793,wspd,Wind speed (m/s),2018-04-10T21:00:00.000000000,2018-04-14T18:00:00.000000000,32,4.0,51.886173407765455,45.37007599941899,48.62812470359222,1.5911463070178797
Lola,lola,main,1794,wspd,Wind speed (m/s),2018-04-10T21:00:00.000000000,2018-04-14T18:00:00.000000000,32,4.0,51.886173407765455,45.37007599941899,48.62812470359222,1.5911463070178797
Lola,lola,main,1795,wspd,Wind speed (m/s),2018-04-10T21:00:00.000000000,2018-04-14T18:00:00.000000000,32,4.0,51.886173407765455,45.37007599941899,48.62812470359222,1.5911463070178797
Lola,lola,main,1797,wspd,Wind speed (m/s),2018-05-03T18:00:00.000000000,2018-05-07T18:00:00.000000000,33,4.125,1.719856263735096,5.520769698948243,3.6203129813416695,0.8929131582538048
Lola,lola,main,1798,wspd,Wind speed (m/s),2018-05-03T18:00:00.000000000,2018-05-07T18:00:00.000000000,33,4.125,1.719856263735096,5.520769698948243,3.6203129813416695,0.8929131582538048
Lola,lola,main,1799,wspd,Wind speed (m/s),2018-05-03T18:00:00.000000000,2018-05-07T18:00:00.000000000,33,4.125,1.719856263735096,5.520769698948243,3.6203129813416695,0.8929131582538048
Lola,lola,main,1805,wspd,Wind speed (m/s),2018-06-14T18:00:00.000000000,2018-06-18T09:00:00.000000000,30,3.75,4.38675671286137,2.7002885714980494,3.5435226421797097,1.829663756682237
Lola,lola,main,1806,wspd,Wind speed (m/s),2018-06-14T18:00:00.000000000,2018-06-18T09:00:00.000000000,30,3.75,4.38675671286137,2.7002885714980494,3.5435226421797097,1.829663756682237
Lola,lola,main,1807,wspd,Wind speed (m/s),2018-06-14T18:00:00.000000000,2018-06-18T09:00:00.000000000,30,3.75,4.38675671286137,2.7002885714980494,3.5435226421797097,1.829663756682237
Lola,lola,main,1810,wspd,Wind speed (m/s),2018-07-13T00:00:00.000000000,2018-07-17T00:00:00.000000000,33,4.125,0.8070936747581925,45.85618918375803,23.331641429258113,10.941545005295666
Lola,lola,main,1811,wspd,Wind speed (m/s),2018-07-13T00:00:00.000000000,2018-07-17T00:00:00.000000000,33,4.125,0.8070936747581925,45.85618918375803,23.331641429258113,10.941545005295666
Lola,lola,main,1812,wspd,Wind speed (m/s),2018-07-13T00:00:00.000000000,2018-07-17T00:00:00.000000000,33,4.125,0.8070936747581925,45.85618918375803,23.331641429258113,10.941545005295666
Lola,lola,main,1812,wspd,Wind speed (m/s),2018-07-20T15:00:00.000000000,2018-07-27T12:00:00.000000000,56,7.0,14.79047576606763,6.42393133919586,10.607203552631745,2.9779981243260636
Lola,lola,main,1813,wspd,Wind speed (m/s),2018-07-20T15:00:00.000000000,2018-07-27T12:00:00.000000000,56,7.0,14.79047576606763,6.42393133919586,10.607203552631745,2.9779981243260636
Lola,lola,main,1814,wspd,Wind speed (m/s),2018-07-20T15:00:00.000000000,2018-07-27T12:00:00.000000000,56,7.0,14.79047576606763,6.42393133919586,10.607203552631745,2.9779981243260636
Lola,lola,main,1815,wspd,Wind speed (m/s),2018-08-07T18:00:00.000000000,2018-08-10T15:00:00.000000000,24,3.0,2.5247707354416207,3.5021238773254026,3.0134473063835117,0.31245108144523925
Lola,lola,main,1816,wspd,Wind speed (m/s),2018-08-07T18:00:00.000000000,2018-08-10T15:00:00.000000000,24,3.0,2.5247707354416207,3.5021238773254026,3.0134473063835117,0.31245108144523925
Lola,lola,main,1817,wspd,Wind speed (m/s),2018-08-07T18:00:00.000000000,2018-08-10T15:00:00.000000000,24,3.0,2.5247707354416207,3.5021238773254026,3.0134473063835117,0.31245108144523925
Lola,lola,main,1820,wspd,Wind speed (m/s),2018-08-31T18:00:00.000000000,2018-09-06T15:00:00.000000000,48,6.0,4.233987923978248,46.065800362332084,25.149894143155166,8.209829190601567
Lola,lola,main,1821,wspd,Wind speed (m/s),2018-08-31T18:00:00.000000000,2018-09-06T15:00:00.000000000,48,6.0,4.233987923978248,46.065800362332084,25.149894143155166,8.209829190601567
Lola,lola,main,1822,wspd,Wind speed (m/s),2018-08-31T18:00:00.000000000,2018-09-06T15:00:00.000000000,48,6.0,4.233987923978248,46.065800362332084,25.149894143155166,8.209829190601567
Lola,lola,main,1828,wspd,Wind speed (m/s),2018-10-15T03:00:00.000000000,2018-10-18T00:00:00.000000000,24,3.0,1.6350329670007113,2.9075542916875747,2.271293629344143,0.41084042955287714
Lola,lola,main,1829,wspd,Wind speed (m/s),2018-10-15T03:00:00.000000000,2018-10-18T00:00:00.000000000,24,3.0,1.6350329670007113,2.9075542916875747,2.271293629344143,0.41084042955287714
Lola,lola,main,1830,wspd,Wind speed (m/s),2018-10-15T03:00:00.000000000,2018-10-18T00:00:00.000000000,24,3.0,1.6350329670007113,2.9075542916875747,2.271293629344143,0.41084042955287714
Lola,lola,main,1855,wspd,Wind speed (m/s),2019-03-02T03:00:00.000000000,2019-03-07T15:00:00.000000000,45,5.625,2.259894733247961,1.4153000751350078,1.8375974041914844,0.6379089719976037
Lola,lola,main,1856,wspd,Wind speed (m/s),2019-03-02T03:00:00.000000000,2019-03-07T15:00:00.000000000,45,5.625,2.259894733247961,1.4153000751350078,1.8375974041914844,0.6379089719976037
Lola,lola,main,1858,wspd,Wind speed (m/s),2019-03-24T03:00:00.000000000,2019-03-27T03:00:00.000000000,25,3.125,6.404912552084852,3.4920048545055806,4.948458703295216,2.982398153611257
Lola,lola,main,1859,wspd,Wind speed (m/s),2019-03-24T03:00:00.000000000,2019-03-27T03:00:00.000000000,25,3.125,6.404912552084852,3.4920048545055806,4.948458703295216,2.982398153611257
Lola,lola,main,1860,wspd,Wind speed (m/s),2019-03-24T03:00:00.000000000,2019-03-27T03:00:00.000000000,25,3.125,6.404912552084852,3.4920048545055806,4.948458703295216,2.982398153611257
Lola,lola,main,1861,wspd,Wind speed (m/s),2019-03-24T03:00:00.000000000,2019-03-27T03:00:00.000000000,25,3.125,6.404912552084852,3.4920048545055806,4.948458703295216,2.982398153611257
Lola,lola,main,1861,wspd,Wind speed (m/s),2019-04-05T09:00:00.000000000,2019-04-10T21:00:00.000000000,45,5.625,2.5162602982506996,2.1763100031341764,2.346285150692438,0.0604356087900495
Lola,lola,main,1862,wspd,Wind speed (m/s),2019-04-05T09:00:00.000000000,2019-04-10T21:00:00.000000000,45,5.625,2.5162602982506996,2.1763100031341764,2.346285150692438,0.0604356087900495
Lola,lola,main,1863,wspd,Wind speed (m/s),2019-04-05T09:00:00.000000000,2019-04-10T21:00:00.000000000,45,5.625,2.5162602982506996,2.1763100031341764,2.346285150692438,0.0604356087900495
Lola,lola,main,1863,wspd,Wind speed (m/s),2019-04-15T03:00:00.000000000,2019-04-18T18:00:00.000000000,30,3.75,2.9031868645904524,9.586877245083315,6.245032054836884,3.20165135017578
Lola,lola,main,1864,wspd,Wind speed (m/s),2019-04-15T03:00:00.000000000,2019-04-18T18:00:00.000000000,30,3.75,2.9031868645904524,9.586877245083315,6.245032054836884,3.20165135017578
Lola,lola,main,1865,wspd,Wind speed (m/s),2019-04-15T03:00:00.000000000,2019-04-18T18:00:00.000000000,30,3.75,2.9031868645904524,9.586877245083315,6.245032054836884,3.20165135017578
Lola,lola,main,1867,wspd,Wind speed (m/s),2019-05-06T18:00:00.000000000,2019-05-10T00:00:00.000000000,27,3.375,11.753647151630503,6.168661271017527,8.961154211324015,1.5807365549772499
Lola,lola,main,1868,wspd,Wind speed (m/s),2019-05-06T18:00:00.000000000,2019-05-10T00:00:00.000000000,27,3.375,11.753647151630503,6.168661271017527,8.961154211324015,1.5807365549772499
Lola,lola,main,1869,wspd,Wind speed (m/s),2019-05-06T18:00:00.000000000,2019-05-10T00:00:00.000000000,27,3.375,11.753647151630503,6.168661271017527,8.961154211324015,1.5807365549772499
Lola,lola,main,1873,wspd,Wind speed (m/s),2019-06-09T15:00:00.000000000,2019-06-13T18:00:00.000000000,34,4.25,10.346344266618871,0.8445184544549136,5.595431360536892,2.552471675151594
Lola,lola,main,1874,wspd,Wind speed (m/s),2019-06-09T15:00:00.000000000,2019-06-13T18:00:00.000000000,34,4.25,10.346344266618871,0.8445184544549136,5.595431360536892,2.552471675151594
Lola,lola,main,1875,wspd,Wind speed (m/s),2019-06-09T15:00:00.000000000,2019-06-13T18:00:00.000000000,34,4.25,10.346344266618871,0.8445184544549136,5.595431360536892,2.552471675151594
Lola,lola,main,1875,wspd,Wind speed (m/s),2019-06-16T21:00:00.000000000,2019-06-23T15:00:00.000000000,55,6.875,45.88201771333661,14.376068403918907,30.129043058627758,4.494371787792261
Lola,lola,main,1876,wspd,Wind speed (m/s),2019-06-16T21:00:00.000000000,2019-06-23T15:00:00.000000000,55,6.875,45.88201771333661,14.376068403918907,30.129043058627758,4.494371787792261
Lola,lola,main,1876,wspd,Wind speed (m/s),2019-06-23T21:00:00.000000000,2019-06-27T15:00:00.000000000,31,3.875,14.1887596541942,10.809591605654532,12.499175629924366,0.8559141852901178
Lola,lola,main,1877,wspd,Wind speed (m/s),2019-06-16T21:00:00.000000000,2019-06-23T15:00:00.000000000,55,6.875,45.88201771333661,14.376068403918907,30.129043058627758,4.494371787792261
Lola,lola,main,1877,wspd,Wind speed (m/s),2019-06-23T21:00:00.000000000,2019-06-27T15:00:00.000000000,31,3.875,14.1887596541942,10.809591605654532,12.499175629924366,0.8559141852901178
Lola,lola,main,1878,wspd,Wind speed (m/s),2019-06-23T21:00:00.000000000,2019-06-27T15:00:00.000000000,31,3.875,14.1887596541942,10.809591605654532,12.499175629924366,0.8559141852901178
Lola,lola,main,1881,wspd,Wind speed (m/s),2019-07-21T15:00:00.000000000,2019-07-25T03:00:00.000000000,29,3.625,2.86081509851158,3.6456789080283443,3.253247003269962,0.19812333864439324
Lola,lola,main,1882,wspd,Wind speed (m/s),2019-07-21T15:00:00.000000000,2019-07-25T03:00:00.000000000,29,3.625,2.86081509851158,3.6456789080283443,3.253247003269962,0.19812333864439324
Lola,lola,main,1883,wspd,Wind speed (m/s),2019-07-21T15:00:00.000000000,2019-07-25T03:00:00.000000000,29,3.625,2.86081509851158,3.6456789080283443,3.253247003269962,0.19812333864439324
Lola,lola,main,1884,wspd,Wind speed (m/s),2019-08-06T06:00:00.000000000,2019-08-09T03:00:00.000000000,24,3.0,3.3766830021460237,1.5450753004342914,2.4608791512901576,0.5972025684164208
Lola,lola,main,1885,wspd,Wind speed (m/s),2019-08-06T06:00:00.000000000,2019-08-09T03:00:00.000000000,24,3.0,3.3766830021460237,1.5450753004342914,2.4608791512901576,0.5972025684164208
Lola,lola,main,1886,wspd,Wind speed (m/s),2019-08-06T06:00:00.000000000,2019-08-09T03:00:00.000000000,24,3.0,3.3766830021460237,1.5450753004342914,2.4608791512901576,0.5972025684164208
Lola,lola,main,1894,wspd,Wind speed (m/s),2019-09-28T21:00:00.000000000,2019-10-02T18:00:00.000000000,32,4.0,5.658250910360948,3.550728675321693,4.604489792841321,0.5193048231356272
Lola,lola,main,1895,wspd,Wind speed (m/s),2019-09-28T21:00:00.000000000,2019-10-02T18:00:00.000000000,32,4.0,5.658250910360948,3.550728675321693,4.604489792841321,0.5193048231356272
Lola,lola,main,1896,wspd,Wind speed (m/s),2019-09-28T21:00:00.000000000,2019-10-02T18:00:00.000000000,32,4.0,5.658250910360948,3.550728675321693,4.604489792841321,0.5193048231356272
Lola,lola,main,1896,wspd,Wind speed (m/s),2019-10-10T09:00:00.000000000,2019-10-13T15:00:00.000000000,27,3.375,1.4697237306497755,3.4699135485634542,2.469818639606615,0.5714848229720673
Lola,lola,main,1897,wspd,Wind speed (m/s),2019-09-28T21:00:00.000000000,2019-10-02T18:00:00.000000000,32,4.0,5.658250910360948,3.550728675321693,4.604489792841321,0.5193048231356272
Lola,lola,main,1897,wspd,Wind speed (m/s),2019-10-10T09:00:00.000000000,2019-10-13T15:00:00.000000000,27,3.375,1.4697237306497755,3.4699135485634542,2.469818639606615,0.5714848229720673
Lola,lola,main,1898,wspd,Wind speed (m/s),2019-10-10T09:00:00.000000000,2019-10-13T15:00:00.000000000,27,3.375,1.4697237306497755,3.4699135485634542,2.469818639606615,0.5714848229720673
Lola,lola,main,1899,wspd,Wind speed (m/s),2019-10-10T09:00:00.000000000,2019-10-13T15:00:00.000000000,27,3.375,1.4697237306497755,3.4699135485634542,2.469818639606615,0.5714848229720673
Lola,lola,main,1908,wspd,Wind speed (m/s),2019-12-06T03:00:00.000000000,2019-12-10T21:00:00.000000000,39,4.875,11.57503907128148,5.295222380929431,8.435130726105456,1.2573983407872902
Lola,lola,main,1909,wspd,Wind speed (m/s),2019-12-06T03:00:00.000000000,2019-12-10T21:00:00.000000000,39,4.875,11.57503907128148,5.295222380929431,8.435130726105456,1.2573983407872902
Lola,lola,main,1910,wspd,Wind speed (m/s),2019-12-06T03:00:00.000000000,2019-12-10T21:00:00.000000000,39,4.875,11.57503907128148,5.295222380929431,8.435130726105456,1.2573983407872902
Lola,lola,main,1916,wspd,Wind speed (m/s),2020-01-22T06:00:00.000000000,2020-01-26T03:00:00.000000000,32,4.0,0.32906654524447276,14.594532184395575,7.461799364820024,3.6096876750284537
Lola,lola,main,1917,wspd,Wind speed (m/s),2020-01-22T06:00:00.000000000,2020-01-26T03:00:00.000000000,32,4.0,0.32906654524447276,14.594532184395575,7.461799364820024,3.6096876750284537
Lola,lola,main,1918,wspd,Wind speed (m/s),2020-01-22T06:00:00.000000000,2020-01-26T03:00:00.000000000,32,4.0,0.32906654524447276,14.594532184395575,7.461799364820024,3.6096876750284537
Lola,lola,main,1919,wspd,Wind speed (m/s),2020-01-22T06:00:00.000000000,2020-01-26T03:00:00.000000000,32,4.0,0.32906654524447276,14.594532184395575,7.461799364820024,3.6096876750284537
Lola,lola,main,1919,wspd,Wind speed (m/s),2020-02-07T06:00:00.000000000,2020-02-10T03:00:00.000000000,24,3.0,0.02404901985687502,1.5424348397266385,0.7832419297917568,0.5061285934346671
Lola,lola,main,1920,wspd,Wind speed (m/s),2020-02-07T06:00:00.000000000,2020-02-10T03:00:00.000000000,24,3.0,0.02404901985687502,1.5424348397266385,0.7832419297917568,0.5061285934346671
Lola,lola,main,1921,wspd,Wind speed (m/s),2020-02-07T06:00:00.000000000,2020-02-10T03:00:00.000000000,24,3.0,0.02404901985687502,1.5424348397266385,0.7832419297917568,0.5061285934346671
Lola,lola,main,1921,wspd,Wind speed (m/s),2020-02-15T06:00:00.000000000,2020-02-20T12:00:00.000000000,43,5.375,0.04920778021255501,8.264014660227758,4.156611220220157,1.4818245233677771
Lola,lola,main,1922,wspd,Wind speed (m/s),2020-02-07T06:00:00.000000000,2020-02-10T03:00:00.000000000,24,3.0,0.02404901985687502,1.5424348397266385,0.7832419297917568,0.5061285934346671
Lola,lola,main,1922,wspd,Wind speed (m/s),2020-02-15T06:00:00.000000000,2020-02-20T12:00:00.000000000,43,5.375,0.04920778021255501,8.264014660227758,4.156611220220157,1.4818245233677771
Lola,lola,main,1923,wspd,Wind speed (m/s),2020-02-15T06:00:00.000000000,2020-02-20T12:00:00.000000000,43,5.375,0.04920778021255501,8.264014660227758,4.156611220220157,1.4818245233677771
Lola,lola,main,1933,wspd,Wind speed (m/s),2020-04-15T18:00:00.000000000,2020-04-22T21:00:00.000000000,58,7.25,47.042761961432916,38.22026548902704,42.63151372522998,1.1935182307068715
Lola,lola,main,1934,wspd,Wind speed (m/s),2020-04-15T18:00:00.000000000,2020-04-22T21:00:00.000000000,58,7.25,47.042761961432916,38.22026548902704,42.63151372522998,1.1935182307068715
Lola,lola,main,1935,wspd,Wind speed (m/s),2020-04-15T18:00:00.000000000,2020-04-22T21:00:00.000000000,58,7.25,47.042761961432916,38.22026548902704,42.63151372522998,1.1935182307068715
Lola,lola,main,1936,wspd,Wind speed (m/s),2020-05-06T09:00:00.000000000,2020-05-09T21:00:00.000000000,29,3.625,3.0547360784188413,4.1388506243478105,3.596793351383326,0.29906608299991433
Lola,lola,main,1937,wspd,Wind speed (m/s),2020-05-06T09:00:00.000000000,2020-05-09T21:00:00.000000000,29,3.625,3.0547360784188413,4.1388506243478105,3.596793351383326,0.29906608299991433
Lola,lola,main,1938,wspd,Wind speed (m/s),2020-05-06T09:00:00.000000000,2020-05-09T21:00:00.000000000,29,3.625,3.0547360784188413,4.1388506243478105,3.596793351383326,0.29906608299991433
Lola,lola,main,1939,wspd,Wind speed (m/s),2020-05-06T09:00:00.000000000,2020-05-09T21:00:00.000000000,29,3.625,3.0547360784188413,4.1388506243478105,3.596793351383326,0.29906608299991433
Lola,lola,main,1939,wspd,Wind speed (m/s),2020-05-19T12:00:00.000000000,2020-05-22T15:00:00.000000000,26,3.25,13.479961497338536,3.8226992934709187,8.651330395404727,5.1415594058200895
Lola,lola,main,1940,wspd,Wind speed (m/s),2020-05-19T12:00:00.000000000,2020-05-22T15:00:00.000000000,26,3.25,13.479961497338536,3.8226992934709187,8.651330395404727,5.1415594058200895
Lola,lola,main,1941,wspd,Wind speed (m/s),2020-05-19T12:00:00.000000000,2020-05-22T15:00:00.000000000,26,3.25,13.479961497338536,3.8226992934709187,8.651330395404727,5.1415594058200895
Lola,lola,main,1945,wspd,Wind speed (m/s),2020-06-15T21:00:00.000000000,2020-06-23T03:00:00.000000000,59,7.375,3.0407250507007575,9.484663371484885,6.262694211092821,1.6667191285447416
Lola,lola,main,1946,wspd,Wind speed (m/s),2020-06-15T21:00:00.000000000,2020-06-23T03:00:00.000000000,59,7.375,3.0407250507007575,9.484663371484885,6.262694211092821,1.6667191285447416
Lola,lola,main,1946,wspd,Wind speed (m/s),2020-06-23T09:00:00.000000000,2020-06-29T15:00:00.000000000,51,6.375,8.58339329119758,7.68348807144389,8.133440681320735,0.12909524810973494
Lola,lola,main,1947,wspd,Wind speed (m/s),2020-06-23T09:00:00.000000000,2020-06-29T15:00:00.000000000,51,6.375,8.58339329119758,7.68348807144389,8.133440681320735,0.12909524810973494
Lola,lola,main,1948,wspd,Wind speed (m/s),2020-06-23T09:00:00.000000000,2020-06-29T15:00:00.000000000,51,6.375,8.58339329119758,7.68348807144389,8.133440681320735,0.12909524810973494
Lola,lola,main,1948,wspd,Wind speed (m/s),2020-07-01T18:00:00.000000000,2020-07-07T18:00:00.000000000,49,6.125,16.18857787046909,1.4030177546999312,8.79579781258451,2.800260807272025
Lola,lola,main,1949,wspd,Wind speed (m/s),2020-07-01T18:00:00.000000000,2020-07-07T18:00:00.000000000,49,6.125,16.18857787046909,1.4030177546999312,8.79579781258451,2.800260807272025
Lola,lola,main,1949,wspd,Wind speed (m/s),2020-07-09T15:00:00.000000000,2020-07-13T21:00:00.000000000,35,4.375,5.605941174390182,43.341022166649054,24.473481670519618,10.845021004830869
Lola,lola,main,1949,wspd,Wind speed (m/s),2020-07-14T09:00:00.000000000,2020-07-17T12:00:00.000000000,26,3.25,23.619430636972538,4.458240650257153,14.038835643614846,8.297402466073436
Lola,lola,main,1950,wspd,Wind speed (m/s),2020-07-09T15:00:00.000000000,2020-07-13T21:00:00.000000000,35,4.375,5.605941174390182,43.341022166649054,24.473481670519618,10.845021004830869
Lola,lola,main,1950,wspd,Wind speed (m/s),2020-07-14T09:00:00.000000000,2020-07-17T12:00:00.000000000,26,3.25,23.619430636972538,4.458240650257153,14.038835643614846,8.297402466073436
Lola,lola,main,1951,wspd,Wind speed (m/s),2020-07-09T15:00:00.000000000,2020-07-13T21:00:00.000000000,35,4.375,5.605941174390182,43.341022166649054,24.473481670519618,10.845021004830869
Lola,lola,main,1951,wspd,Wind speed (m/s),2020-07-14T09:00:00.000000000,2020-07-17T12:00:00.000000000,26,3.25,23.619430636972538,4.458240650257153,14.038835643614846,8.297402466073436
Lola,lola,main,1952,wspd,Wind speed (m/s),2020-07-14T09:00:00.000000000,2020-07-17T12:00:00.000000000,26,3.25,23.619430636972538,4.458240650257153,14.038835643614846,8.297402466073436
Lola,lola,main,1952,wspd,Wind speed (m/s),2020-07-26T00:00:00.000000000,2020-07-31T12:00:00.000000000,45,5.625,7.918321948645371,4.136323163457064,6.027322556051217,2.0928066202275204
Lola,lola,main,1953,wspd,Wind speed (m/s),2020-07-26T00:00:00.000000000,2020-07-31T12:00:00.000000000,45,5.625,7.918321948645371,4.136323163457064,6.027322556051217,2.0928066202275204
Lola,lola,main,1953,wspd,Wind speed (m/s),2020-08-01T21:00:00.000000000,2020-08-05T00:00:00.000000000,26,3.25,1.257629721364765,13.972477371583409,7.615053546474087,4.492454589218028
Lola,lola,main,1954,wspd,Wind speed (m/s),2020-07-26T00:00:00.000000000,2020-07-31T12:00:00.000000000,45,5.625,7.918321948645371,4.136323163457064,6.027322556051217,2.0928066202275204
Lola,lola,main,1954,wspd,Wind speed (m/s),2020-08-01T21:00:00.000000000,2020-08-05T00:00:00.000000000,26,3.25,1.257629721364765,13.972477371583409,7.615053546474087,4.492454589218028
Lola,lola,main,1954,wspd,Wind speed (m/s),2020-08-09T18:00:00.000000000,2020-08-13T00:00:00.000000000,27,3.375,0.06968337868858043,7.731108789802192,3.9003960842453864,2.2266897212237495
Lola,lola,main,1955,wspd,Wind speed (m/s),2020-08-01T21:00:00.000000000,2020-08-05T00:00:00.000000000,26,3.25,1.257629721364765,13.972477371583409,7.615053546474087,4.492454589218028
Lola,lola,main,1955,wspd,Wind speed (m/s),2020-08-09T18:00:00.000000000,2020-08-13T00:00:00.000000000,27,3.375,0.06968337868858043,7.731108789802192,3.9003960842453864,2.2266897212237495
Lola,lola,main,1956,wspd,Wind speed (m/s),2020-08-09T18:00:00.000000000,2020-08-13T00:00:00.000000000,27,3.375,0.06968337868858043,7.731108789802192,3.9003960842453864,2.2266897212237495
Lola,lola,main,1957,wspd,Wind speed (m/s),2020-08-09T18:00:00.000000000,2020-08-13T00:00:00.000000000,27,3.375,0.06968337868858043,7.731108789802192,3.9003960842453864,2.2266897212237495
Lola,lola,main,1958,wspd,Wind speed (m/s),2020-08-29T03:00:00.000000000,2020-09-03T03:00:00.000000000,41,5.125,2.265779269931727,1.9870313532399564,2.1264053115858417,0.8112336778540623
Lola,lola,main,1959,wspd,Wind speed (m/s),2020-08-29T03:00:00.000000000,2020-09-03T03:00:00.000000000,41,5.125,2.265779269931727,1.9870313532399564,2.1264053115858417,0.8112336778540623
Lola,lola,main,1960,wspd,Wind speed (m/s),2020-08-29T03:00:00.000000000,2020-09-03T03:00:00.000000000,41,5.125,2.265779269931727,1.9870313532399564,2.1264053115858417,0.8112336778540623
Lola,lola,main,1960,wspd,Wind speed (m/s),2020-09-07T15:00:00.000000000,2020-09-12T21:00:00.000000000,43,5.375,1.643528369201988,6.822721936732478,4.233125152967233,1.5412896483048826
Lola,lola,main,1961,wspd,Wind speed (m/s),2020-09-07T15:00:00.000000000,2020-09-12T21:00:00.000000000,43,5.375,1.643528369201988,6.822721936732478,4.233125152967233,1.5412896483048826
Lola,lola,main,1962,wspd,Wind speed (m/s),2020-09-07T15:00:00.000000000,2020-09-12T21:00:00.000000000,43,5.375,1.643528369201988,6.822721936732478,4.233125152967233,1.5412896483048826
Lola,lola,main,1963,wspd,Wind speed (m/s),2020-09-25T00:00:00.000000000,2020-09-28T15:00:00.000000000,30,3.75,6.481697985092296,2.6952273191946006,4.588462652143448,0.9581125491097566
Lola,lola,main,1964,wspd,Wind speed (m/s),2020-09-25T00:00:00.000000000,2020-09-28T15:00:00.000000000,30,3.75,6.481697985092296,2.6952273191946006,4.588462652143448,0.9581125491097566
Lola,lola,main,1965,wspd,Wind speed (m/s),2020-09-25T00:00:00.000000000,2020-09-28T15:00:00.000000000,30,3.75,6.481697985092296,2.6952273191946006,4.588462652143448,0.9581125491097566
Lola,lola,main,1966,wspd,Wind speed (m/s),2020-09-25T00:00:00.000000000,2020-09-28T15:00:00.000000000,30,3.75,6.481697985092296,2.6952273191946006,4.588462652143448,0.9581125491097566
Lola,lola,main,1966,wspd,Wind speed (m/s),2020-10-06T18:00:00.000000000,2020-10-10T12:00:00.000000000,31,3.875,1.541918269135067,3.4404205963509185,2.4911694327429927,0.4818715763657906
Lola,lola,main,1967,wspd,Wind speed (m/s),2020-10-06T18:00:00.000000000,2020-10-10T12:00:00.000000000,31,3.875,1.541918269135067,3.4404205963509185,2.4911694327429927,0.4818715763657906
Lola,lola,main,1968,wspd,Wind speed (m/s),2020-10-06T18:00:00.000000000,2020-10-10T12:00:00.000000000,31,3.875,1.541918269135067,3.4404205963509185,2.4911694327429927,0.4818715763657906
Lola,lola,main,1973,wspd,Wind speed (m/s),2020-11-16T09:00:00.000000000,2020-11-19T21:00:00.000000000,29,3.625,1.4193378403012957,3.70030498198264,2.559821411141968,0.6200368798073157
Lola,lola,main,1974,wspd,Wind speed (m/s),2020-11-16T09:00:00.000000000,2020-11-19T21:00:00.000000000,29,3.625,1.4193378403012957,3.70030498198264,2.559821411141968,0.6200368798073157
Lola,lola,main,1975,wspd,Wind speed (m/s),2020-11-16T09:00:00.000000000,2020-11-19T21:00:00.000000000,29,3.625,1.4193378403012957,3.70030498198264,2.559821411141968,0.6200368798073157
Lola,lola,main,1976,wspd,Wind speed (m/s),2020-11-16T09:00:00.000000000,2020-11-19T21:00:00.000000000,29,3.625,1.4193378403012957,3.70030498198264,2.559821411141968,0.6200368798073157
Lola,lola,main,1976,wspd,Wind speed (m/s),2020-12-03T12:00:00.000000000,2020-12-06T09:00:00.000000000,24,3.0,1.4009995843005072,1.0395432399966467,1.220271412148577,0.1204854513984337
Lola,lola,main,1977,wspd,Wind speed (m/s),2020-12-03T12:00:00.000000000,2020-12-06T09:00:00.000000000,24,3.0,1.4009995843005072,1.0395432399966467,1.220271412148577,0.1204854513984337
Lola,lola,main,1978,wspd,Wind speed (m/s),2020-12-03T12:00:00.000000000,2020-12-06T09:00:00.000000000,24,3.0,1.4009995843005072,1.0395432399966467,1.220271412148577,0.1204854513984337
Lola,lola,main,1979,wspd,Wind speed (m/s),2020-12-03T12:00:00.000000000,2020-12-06T09:00:00.000000000,24,3.0,1.4009995843005072,1.0395432399966467,1.220271412148577,0.1204854513984337
Lola,lola,main,1982,wspd,Wind speed (m/s),2020-12-26T15:00:00.000000000,2021-01-02T18:00:00.000000000,58,7.25,1.698442007116114,4.942448030961486,3.3204450190388,0.8972822471129405
Lola,lola,main,1983,wspd,Wind speed (m/s),2020-12-26T15:00:00.000000000,2021-01-02T18:00:00.000000000,58,7.25,1.698442007116114,4.942448030961486,3.3204450190388,0.8972822471129405
Lola,lola,main,2002,wspd,Wind speed (m/s),2021-04-18T21:00:00.000000000,2021-04-22T03:00:00.000000000,27,3.375,2.0872379765893356,3.9104409608268043,2.99883946870807,1.7241800102307252
Lola,lola,main,2003,wspd,Wind speed (m/s),2021-04-18T21:00:00.000000000,2021-04-22T03:00:00.000000000,27,3.375,2.0872379765893356,3.9104409608268043,2.99883946870807,1.7241800102307252
Lola,lola,main,2004,wspd,Wind speed (m/s),2021-04-18T21:00:00.000000000,2021-04-22T03:00:00.000000000,27,3.375,2.0872379765893356,3.9104409608268043,2.99883946870807,1.7241800102307252
Lola,lola,main,2005,wspd,Wind speed (m/s),2021-04-18T21:00:00.000000000,2021-04-22T03:00:00.000000000,27,3.375,2.0872379765893356,3.9104409608268043,2.99883946870807,1.7241800102307252
Lola,lola,main,2012,wspd,Wind speed (m/s),2021-06-07T12:00:00.000000000,2021-06-10T18:00:00.000000000,27,3.375,2.5744859069889117,5.856796969608922,4.215641438298917,0.9302086370395841
Lola,lola,main,2013,wspd,Wind speed (m/s),2021-06-07T12:00:00.000000000,2021-06-10T18:00:00.000000000,27,3.375,2.5744859069889117,5.856796969608922,4.215641438298917,0.9302086370395841
Lola,lola,main,2014,wspd,Wind speed (m/s),2021-06-07T12:00:00.000000000,2021-06-10T18:00:00.000000000,27,3.375,2.5744859069889117,5.856796969608922,4.215641438298917,0.9302086370395841
Lola,lola,main,2023,wspd,Wind speed (m/s),2021-08-03T03:00:00.000000000,2021-08-06T21:00:00.000000000,31,3.875,1.1141602318397474,1.2144213768094687,1.164290804324608,0.03393836342699785
Lola,lola,main,2024,wspd,Wind speed (m/s),2021-08-03T03:00:00.000000000,2021-08-06T21:00:00.000000000,31,3.875,1.1141602318397474,1.2144213768094687,1.164290804324608,0.03393836342699785
Lola,lola,main,2025,wspd,Wind speed (m/s),2021-08-03T03:00:00.000000000,2021-08-06T21:00:00.000000000,31,3.875,1.1141602318397474,1.2144213768094687,1.164290804324608,0.03393836342699785
Lower Thwaites Glacier,lower_thwaites_glacier,main,539,wspd,Wind speed (m/s),2019-07-16T09:00:00.000000000,2019-07-23T18:00:00.000000000,60,7.5,4.452526721140089,3.142648986393624,3.7975878537668564,0.1750875188265013
Lower Thwaites Glacier,lower_thwaites_glacier,main,540,wspd,Wind speed (m/s),2019-07-16T09:00:00.000000000,2019-07-23T18:00:00.000000000,60,7.5,4.452526721140089,3.142648986393624,3.7975878537668564,0.1750875188265013
Lower Thwaites Glacier,lower_thwaites_glacier,main,541,wspd,Wind speed (m/s),2019-07-16T09:00:00.000000000,2019-07-23T18:00:00.000000000,60,7.5,4.452526721140089,3.142648986393624,3.7975878537668564,0.1750875188265013
Lower Thwaites Glacier,lower_thwaites_glacier,main,544,wspd,Wind speed (m/s),2019-07-31T21:00:00.000000000,2019-08-15T09:00:00.000000000,117,14.625,1.5185442411817007,15.539595549466867,8.529069895324284,0.9490853830642152
Lower Thwaites Glacier,lower_thwaites_glacier,main,616,wspd,Wind speed (m/s),2020-08-24T15:00:00.000000000,2020-08-30T03:00:00.000000000,45,5.625,1.5373587106965942,1.0757838955615853,1.3065713031290898,0.4510321221333129
Lower Thwaites Glacier,lower_thwaites_glacier,main,617,wspd,Wind speed (m/s),2020-08-24T15:00:00.000000000,2020-08-30T03:00:00.000000000,45,5.625,1.5373587106965942,1.0757838955615853,1.3065713031290898,0.4510321221333129
Lower Thwaites Glacier,lower_thwaites_glacier,main,618,wspd,Wind speed (m/s),2020-08-24T15:00:00.000000000,2020-08-30T03:00:00.000000000,45,5.625,1.5373587106965942,1.0757838955615853,1.3065713031290898,0.4510321221333129
Margaret,margaret,main,730,wspd,Wind speed (m/s),2019-05-11T12:00:00.000000000,2019-05-14T09:00:00.000000000,24,3.0,3.520947051307985,4.102242798509451,3.811594924908718,0.19376518971851198
Margaret,margaret,main,730,wspd,Wind speed (m/s),2019-05-14T18:00:00.000000000,2019-05-18T09:00:00.000000000,30,3.75,4.389550372200347,4.375643798094529,4.382597085147438,0.0037084197615513403
Margaret,margaret,main,731,wspd,Wind speed (m/s),2019-05-11T12:00:00.000000000,2019-05-14T09:00:00.000000000,24,3.0,3.520947051307985,4.102242798509451,3.811594924908718,0.19376518971851198
Margaret,margaret,main,731,wspd,Wind speed (m/s),2019-05-14T18:00:00.000000000,2019-05-18T09:00:00.000000000,30,3.75,4.389550372200347,4.375643798094529,4.382597085147438,0.0037084197615513403
Margaret,margaret,main,732,wspd,Wind speed (m/s),2019-05-11T12:00:00.000000000,2019-05-14T09:00:00.000000000,24,3.0,3.520947051307985,4.102242798509451,3.811594924908718,0.19376518971851198
Margaret,margaret,main,732,wspd,Wind speed (m/s),2019-05-14T18:00:00.000000000,2019-05-18T09:00:00.000000000,30,3.75,4.389550372200347,4.375643798094529,4.382597085147438,0.0037084197615513403
Margaret,margaret,main,749,wspd,Wind speed (m/s),2019-08-21T00:00:00.000000000,2019-08-25T09:00:00.000000000,36,4.5,1.881236778160428,4.403038815331001,3.1421377967457147,1.3334426279367904
Margaret,margaret,main,750,wspd,Wind speed (m/s),2019-08-21T00:00:00.000000000,2019-08-25T09:00:00.000000000,36,4.5,1.881236778160428,4.403038815331001,3.1421377967457147,1.3334426279367904
Margaret,margaret,main,751,wspd,Wind speed (m/s),2019-08-21T00:00:00.000000000,2019-08-25T09:00:00.000000000,36,4.5,1.881236778160428,4.403038815331001,3.1421377967457147,1.3334426279367904
Margaret,margaret,main,790,wspd,Wind speed (m/s),2020-03-26T18:00:00.000000000,2020-03-29T18:00:00.000000000,25,3.125,6.206287994364629,1.3566308550707618,3.7814594247176956,1.5494288003831116
Margaret,margaret,main,791,wspd,Wind speed (m/s),2020-03-26T18:00:00.000000000,2020-03-29T18:00:00.000000000,25,3.125,6.206287994364629,1.3566308550707618,3.7814594247176956,1.5494288003831116
Margaret,margaret,main,792,wspd,Wind speed (m/s),2020-03-26T18:00:00.000000000,2020-03-29T18:00:00.000000000,25,3.125,6.206287994364629,1.3566308550707618,3.7814594247176956,1.5494288003831116
Margaret,margaret,main,793,wspd,Wind speed (m/s),2020-03-26T18:00:00.000000000,2020-03-29T18:00:00.000000000,25,3.125,6.206287994364629,1.3566308550707618,3.7814594247176956,1.5494288003831116
Margaret,margaret,main,793,wspd,Wind speed (m/s),2020-04-05T15:00:00.000000000,2020-04-11T03:00:00.000000000,45,5.625,1.4227569552094792,2.286063844907744,1.8544104000586117,0.6268822314608826
Margaret,margaret,main,794,wspd,Wind speed (m/s),2020-04-05T15:00:00.000000000,2020-04-11T03:00:00.000000000,45,5.625,1.4227569552094792,2.286063844907744,1.8544104000586117,0.6268822314608826
Margaret,margaret,main,807,wspd,Wind speed (m/s),2020-06-19T18:00:00.000000000,2020-06-27T00:00:00.000000000,59,7.375,2.1037831122462194,1.4891299457044624,1.796456528975341,0.07588515365384296
Margaret,margaret,main,808,wspd,Wind speed (m/s),2020-06-19T18:00:00.000000000,2020-06-27T00:00:00.000000000,59,7.375,2.1037831122462194,1.4891299457044624,1.796456528975341,0.07588515365384296
Margaret,margaret,main,809,wspd,Wind speed (m/s),2020-06-19T18:00:00.000000000,2020-06-27T00:00:00.000000000,59,7.375,2.1037831122462194,1.4891299457044624,1.796456528975341,0.07588515365384296
Margaret,margaret,main,812,wspd,Wind speed (m/s),2020-07-15T21:00:00.000000000,2020-07-23T21:00:00.000000000,65,8.125,3.2125246546866038,2.2966812380685155,2.7546029463775596,0.6603405039290777
Margaret,margaret,main,813,wspd,Wind speed (m/s),2020-07-15T21:00:00.000000000,2020-07-23T21:00:00.000000000,65,8.125,3.2125246546866038,2.2966812380685155,2.7546029463775596,0.6603405039290777
Margaret,margaret,main,814,wspd,Wind speed (m/s),2020-07-15T21:00:00.000000000,2020-07-23T21:00:00.000000000,65,8.125,3.2125246546866038,2.2966812380685155,2.7546029463775596,0.6603405039290777
Margaret,margaret,main,814,wspd,Wind speed (m/s),2020-07-27T21:00:00.000000000,2020-07-31T06:00:00.000000000,28,3.5,0.9693121128958637,0.765482283497704,0.8673971981967838,0.03951788764979369
Margaret,margaret,main,815,wspd,Wind speed (m/s),2020-07-27T21:00:00.000000000,2020-07-31T06:00:00.000000000,28,3.5,0.9693121128958637,0.765482283497704,0.8673971981967838,0.03951788764979369
Margaret,margaret,main,816,wspd,Wind speed (m/s),2020-07-27T21:00:00.000000000,2020-07-31T06:00:00.000000000,28,3.5,0.9693121128958637,0.765482283497704,0.8673971981967838,0.03951788764979369
Margaret,margaret,main,818,wspd,Wind speed (m/s),2020-08-14T03:00:00.000000000,2020-08-22T15:00:00.000000000,69,8.625,2.3623798697121856,2.1642153826750814,2.2632976261936335,0.5094188822210555
Margaret,margaret,main,819,wspd,Wind speed (m/s),2020-08-14T03:00:00.000000000,2020-08-22T15:00:00.000000000,69,8.625,2.3623798697121856,2.1642153826750814,2.2632976261936335,0.5094188822210555
Margaret,margaret,main,898,wspd,Wind speed (m/s),2021-10-11T12:00:00.000000000,2021-10-19T03:00:00.000000000,62,7.75,0.4735486808878022,2.3809004447452935,1.4272245628165479,0.24447138469506058
Margaret,margaret,main,899,wspd,Wind speed (m/s),2021-10-11T12:00:00.000000000,2021-10-19T03:00:00.000000000,62,7.75,0.4735486808878022,2.3809004447452935,1.4272245628165479,0.24447138469506058
Margaret,margaret,main,900,wspd,Wind speed (m/s),2021-10-11T12:00:00.000000000,2021-10-19T03:00:00.000000000,62,7.75,0.4735486808878022,2.3809004447452935,1.4272245628165479,0.24447138469506058
Minna Bluff,minna_bluff,main,1280,wspd,Wind speed (m/s),2014-03-22T06:00:00.000000000,2014-03-29T12:00:00.000000000,59,7.375,11.169229824052763,1.0034478699105875,6.0863388469816755,1.3325353058775136
Minna Bluff,minna_bluff,main,1281,wspd,Wind speed (m/s),2014-03-22T06:00:00.000000000,2014-03-29T12:00:00.000000000,59,7.375,11.169229824052763,1.0034478699105875,6.0863388469816755,1.3325353058775136
Minna Bluff,minna_bluff,main,1282,wspd,Wind speed (m/s),2014-03-22T06:00:00.000000000,2014-03-29T12:00:00.000000000,59,7.375,11.169229824052763,1.0034478699105875,6.0863388469816755,1.3325353058775136
Minna Bluff,minna_bluff,main,1284,wspd,Wind speed (m/s),2014-04-12T12:00:00.000000000,2014-04-16T15:00:00.000000000,34,4.25,14.5755228930675,12.255963939966932,13.415743416517216,0.5679635097000642
Minna Bluff,minna_bluff,main,1285,wspd,Wind speed (m/s),2014-04-12T12:00:00.000000000,2014-04-16T15:00:00.000000000,34,4.25,14.5755228930675,12.255963939966932,13.415743416517216,0.5679635097000642
Minna Bluff,minna_bluff,main,1286,wspd,Wind speed (m/s),2014-04-12T12:00:00.000000000,2014-04-16T15:00:00.000000000,34,4.25,14.5755228930675,12.255963939966932,13.415743416517216,0.5679635097000642
Minna Bluff,minna_bluff,main,1292,wspd,Wind speed (m/s),2014-05-14T03:00:00.000000000,2014-05-29T21:00:00.000000000,127,15.875,3.171230659970661,14.844071231047565,9.007650945509113,0.7338698725344557
Minna Bluff,minna_bluff,main,1296,RH,Relative humidity (%),2014-06-17T09:00:00.000000000,2014-06-20T15:00:00.000000000,27,3.375,6.968610685245494,9.27487148530031,8.121741085272902,0.7447123065708183
Minna Bluff,minna_bluff,main,1296,wspd,Wind speed (m/s),2014-06-04T15:00:00.000000000,2014-06-21T03:00:00.000000000,133,16.625,5.2964489195583155,9.06333041831681,7.179889668937562,0.22662421893497253
Minna Bluff,minna_bluff,main,1296,q,Specific humidity (g/kg),2014-06-17T09:00:00.000000000,2014-06-20T15:00:00.000000000,27,3.375,0.011174538721409277,0.062225710609446594,0.036700124665427936,0.01977814392571675
Minna Bluff,minna_bluff,main,1297,RH,Relative humidity (%),2014-06-17T09:00:00.000000000,2014-06-20T15:00:00.000000000,27,3.375,6.968610685245494,9.27487148530031,8.121741085272902,0.7447123065708183
Minna Bluff,minna_bluff,main,1297,q,Specific humidity (g/kg),2014-06-17T09:00:00.000000000,2014-06-20T15:00:00.000000000,27,3.375,0.011174538721409277,0.062225710609446594,0.036700124665427936,0.01977814392571675
Minna Bluff,minna_bluff,main,1298,RH,Relative humidity (%),2014-06-17T09:00:00.000000000,2014-06-20T15:00:00.000000000,27,3.375,6.968610685245494,9.27487148530031,8.121741085272902,0.7447123065708183
Minna Bluff,minna_bluff,main,1298,q,Specific humidity (g/kg),2014-06-17T09:00:00.000000000,2014-06-20T15:00:00.000000000,27,3.375,0.011174538721409277,0.062225710609446594,0.036700124665427936,0.01977814392571675
Minna Bluff,minna_bluff,main,1299,RH,Relative humidity (%),2014-06-17T09:00:00.000000000,2014-06-20T15:00:00.000000000,27,3.375,6.968610685245494,9.27487148530031,8.121741085272902,0.7447123065708183
Minna Bluff,minna_bluff,main,1299,q,Specific humidity (g/kg),2014-06-17T09:00:00.000000000,2014-06-20T15:00:00.000000000,27,3.375,0.011174538721409277,0.062225710609446594,0.036700124665427936,0.01977814392571675
Minna Bluff,minna_bluff,main,1300,wspd,Wind speed (m/s),2014-07-02T00:00:00.000000000,2014-07-08T18:00:00.000000000,55,6.875,0.11528212833428597,1.4224644850951336,0.7688733067147098,0.21613972716950514
Minna Bluff,minna_bluff,main,1301,RH,Relative humidity (%),2014-07-12T09:00:00.000000000,2014-07-15T18:00:00.000000000,28,3.5,5.523929640854021,1.0303948774858327,3.277162259169927,1.9248809230228403
Minna Bluff,minna_bluff,main,1301,wspd,Wind speed (m/s),2014-07-02T00:00:00.000000000,2014-07-08T18:00:00.000000000,55,6.875,0.11528212833428597,1.4224644850951336,0.7688733067147098,0.21613972716950514
Minna Bluff,minna_bluff,main,1301,wspd,Wind speed (m/s),2014-07-09T09:00:00.000000000,2014-07-16T15:00:00.000000000,59,7.375,1.5810803023194353,3.5190200404247207,2.550050171372078,0.25915564364023425
Minna Bluff,minna_bluff,main,1302,RH,Relative humidity (%),2014-07-12T09:00:00.000000000,2014-07-15T18:00:00.000000000,28,3.5,5.523929640854021,1.0303948774858327,3.277162259169927,1.9248809230228403
Minna Bluff,minna_bluff,main,1302,RH,Relative humidity (%),2014-07-19T00:00:00.000000000,2014-07-22T00:00:00.000000000,25,3.125,2.837641169367771,33.11398260715305,17.97581188826041,9.285967885512946
Minna Bluff,minna_bluff,main,1302,wspd,Wind speed (m/s),2014-07-09T09:00:00.000000000,2014-07-16T15:00:00.000000000,59,7.375,1.5810803023194353,3.5190200404247207,2.550050171372078,0.25915564364023425
Minna Bluff,minna_bluff,main,1303,RH,Relative humidity (%),2014-07-12T09:00:00.000000000,2014-07-15T18:00:00.000000000,28,3.5,5.523929640854021,1.0303948774858327,3.277162259169927,1.9248809230228403
Minna Bluff,minna_bluff,main,1303,RH,Relative humidity (%),2014-07-19T00:00:00.000000000,2014-07-22T00:00:00.000000000,25,3.125,2.837641169367771,33.11398260715305,17.97581188826041,9.285967885512946
Minna Bluff,minna_bluff,main,1303,wspd,Wind speed (m/s),2014-07-09T09:00:00.000000000,2014-07-16T15:00:00.000000000,59,7.375,1.5810803023194353,3.5190200404247207,2.550050171372078,0.25915564364023425
Minna Bluff,minna_bluff,main,1305,q,Specific humidity (g/kg),2015-01-06T00:00:00.000000000,2015-01-09T15:00:00.000000000,30,3.75,0.5728956336574242,0.29973503365900456,0.4363153336582144,0.07083571466485594
Minna Bluff,minna_bluff,main,1306,q,Specific humidity (g/kg),2015-01-06T00:00:00.000000000,2015-01-09T15:00:00.000000000,30,3.75,0.5728956336574242,0.29973503365900456,0.4363153336582144,0.07083571466485594
Minna Bluff,minna_bluff,main,1307,q,Specific humidity (g/kg),2015-01-06T00:00:00.000000000,2015-01-09T15:00:00.000000000,30,3.75,0.5728956336574242,0.29973503365900456,0.4363153336582144,0.07083571466485594
Minna Bluff,minna_bluff,main,1310,RH,Relative humidity (%),2015-01-31T12:00:00.000000000,2015-02-04T09:00:00.000000000,32,4.0,20.38287118817061,12.06318685493261,16.22302902155161,2.077648259250907
Minna Bluff,minna_bluff,main,1310,q,Specific humidity (g/kg),2015-01-31T12:00:00.000000000,2015-02-04T09:00:00.000000000,32,4.0,0.21254411737182366,0.012073620094483317,0.11230886873315349,0.0486363230135094
Minna Bluff,minna_bluff,main,1311,RH,Relative humidity (%),2015-01-31T12:00:00.000000000,2015-02-04T09:00:00.000000000,32,4.0,20.38287118817061,12.06318685493261,16.22302902155161,2.077648259250907
Minna Bluff,minna_bluff,main,1311,q,Specific humidity (g/kg),2015-01-31T12:00:00.000000000,2015-02-04T09:00:00.000000000,32,4.0,0.21254411737182366,0.012073620094483317,0.11230886873315349,0.0486363230135094
Minna Bluff,minna_bluff,main,1312,RH,Relative humidity (%),2015-01-31T12:00:00.000000000,2015-02-04T09:00:00.000000000,32,4.0,20.38287118817061,12.06318685493261,16.22302902155161,2.077648259250907
Minna Bluff,minna_bluff,main,1312,RH,Relative humidity (%),2015-02-06T18:00:00.000000000,2015-02-14T06:00:00.000000000,61,7.625,13.255323964845957,13.506952420607831,13.381138192726894,0.038923226873876615
Minna Bluff,minna_bluff,main,1312,q,Specific humidity (g/kg),2015-01-31T12:00:00.000000000,2015-02-04T09:00:00.000000000,32,4.0,0.21254411737182366,0.012073620094483317,0.11230886873315349,0.0486363230135094
Minna Bluff,minna_bluff,main,1312,q,Specific humidity (g/kg),2015-02-06T06:00:00.000000000,2015-02-14T06:00:00.000000000,65,8.125,0.04789329104150042,0.2672036975551819,0.15754849429834117,0.02706469087606478
Minna Bluff,minna_bluff,main,1313,RH,Relative humidity (%),2015-02-06T18:00:00.000000000,2015-02-14T06:00:00.000000000,61,7.625,13.255323964845957,13.506952420607831,13.381138192726894,0.038923226873876615
Minna Bluff,minna_bluff,main,1313,q,Specific humidity (g/kg),2015-02-06T06:00:00.000000000,2015-02-14T06:00:00.000000000,65,8.125,0.04789329104150042,0.2672036975551819,0.15754849429834117,0.02706469087606478
Minna Bluff,minna_bluff,main,1316,T,Temperature (deg C),2015-03-03T12:00:00.000000000,2015-03-06T21:00:00.000000000,28,3.5,2.3829302370075,0.2669366365824217,1.3249334367949608,0.7718830916469912
Minna Bluff,minna_bluff,main,1316,q,Specific humidity (g/kg),2015-03-03T12:00:00.000000000,2015-03-06T21:00:00.000000000,28,3.5,0.019536873004567523,0.06844786582058715,0.04399236941257734,0.01358951723434465
Minna Bluff,minna_bluff,main,1317,T,Temperature (deg C),2015-03-03T12:00:00.000000000,2015-03-06T21:00:00.000000000,28,3.5,2.3829302370075,0.2669366365824217,1.3249334367949608,0.7718830916469912
Minna Bluff,minna_bluff,main,1317,q,Specific humidity (g/kg),2015-03-03T12:00:00.000000000,2015-03-06T21:00:00.000000000,28,3.5,0.019536873004567523,0.06844786582058715,0.04399236941257734,0.01358951723434465
Minna Bluff,minna_bluff,main,1318,T,Temperature (deg C),2015-03-03T12:00:00.000000000,2015-03-06T21:00:00.000000000,28,3.5,2.3829302370075,0.2669366365824217,1.3249334367949608,0.7718830916469912
Minna Bluff,minna_bluff,main,1318,q,Specific humidity (g/kg),2015-03-03T12:00:00.000000000,2015-03-06T21:00:00.000000000,28,3.5,0.019536873004567523,0.06844786582058715,0.04399236941257734,0.01358951723434465
Minna Bluff,minna_bluff,main,1327,wspd,Wind speed (m/s),2015-04-28T21:00:00.000000000,2015-05-06T00:00:00.000000000,58,7.25,0.7528264622672509,2.0009374525566272,1.376881957411939,0.36907556270072917
Minna Bluff,minna_bluff,main,1328,wspd,Wind speed (m/s),2015-04-28T21:00:00.000000000,2015-05-06T00:00:00.000000000,58,7.25,0.7528264622672509,2.0009374525566272,1.376881957411939,0.36907556270072917
Minna Bluff,minna_bluff,main,1329,wspd,Wind speed (m/s),2015-04-28T21:00:00.000000000,2015-05-06T00:00:00.000000000,58,7.25,0.7528264622672509,2.0009374525566272,1.376881957411939,0.36907556270072917
Minna Bluff,minna_bluff,main,1361,wspd,Wind speed (m/s),2015-10-26T03:00:00.000000000,2015-10-30T00:00:00.000000000,32,4.0,5.286913254336696,3.1850292986771365,4.235971276506916,0.5254709889148899
Minna Bluff,minna_bluff,main,1362,wspd,Wind speed (m/s),2015-10-26T03:00:00.000000000,2015-10-30T00:00:00.000000000,32,4.0,5.286913254336696,3.1850292986771365,4.235971276506916,0.5254709889148899
Minna Bluff,minna_bluff,main,1362,wspd,Wind speed (m/s),2015-10-30T18:00:00.000000000,2015-11-03T15:00:00.000000000,32,4.0,4.387551826418985,8.597766741297619,6.492659283858302,1.0555839913167233
Minna Bluff,minna_bluff,main,1363,wspd,Wind speed (m/s),2015-10-26T03:00:00.000000000,2015-10-30T00:00:00.000000000,32,4.0,5.286913254336696,3.1850292986771365,4.235971276506916,0.5254709889148899
Minna Bluff,minna_bluff,main,1363,wspd,Wind speed (m/s),2015-10-30T18:00:00.000000000,2015-11-03T15:00:00.000000000,32,4.0,4.387551826418985,8.597766741297619,6.492659283858302,1.0555839913167233
Minna Bluff,minna_bluff,main,1364,wspd,Wind speed (m/s),2015-10-30T18:00:00.000000000,2015-11-03T15:00:00.000000000,32,4.0,4.387551826418985,8.597766741297619,6.492659283858302,1.0555839913167233
Minna Bluff,minna_bluff,main,1366,RH,Relative humidity (%),2015-11-21T00:00:00.000000000,2015-11-24T03:00:00.000000000,26,3.25,12.28976360447632,17.335547298224355,14.812655451350338,1.5810389990724616
Minna Bluff,minna_bluff,main,1366,q,Specific humidity (g/kg),2015-11-21T00:00:00.000000000,2015-11-24T03:00:00.000000000,26,3.25,0.2103740056725627,0.18474416527644522,0.19755908547450396,0.12319728667893592
Minna Bluff,minna_bluff,main,1367,RH,Relative humidity (%),2015-11-21T00:00:00.000000000,2015-11-24T03:00:00.000000000,26,3.25,12.28976360447632,17.335547298224355,14.812655451350338,1.5810389990724616
Minna Bluff,minna_bluff,main,1367,q,Specific humidity (g/kg),2015-11-21T00:00:00.000000000,2015-11-24T03:00:00.000000000,26,3.25,0.2103740056725627,0.18474416527644522,0.19755908547450396,0.12319728667893592
Minna Bluff,minna_bluff,main,1368,RH,Relative humidity (%),2015-11-21T00:00:00.000000000,2015-11-24T03:00:00.000000000,26,3.25,12.28976360447632,17.335547298224355,14.812655451350338,1.5810389990724616
Minna Bluff,minna_bluff,main,1368,q,Specific humidity (g/kg),2015-11-21T00:00:00.000000000,2015-11-24T03:00:00.000000000,26,3.25,0.2103740056725627,0.18474416527644522,0.19755908547450396,0.12319728667893592
Minna Bluff,minna_bluff,main,1370,T,Temperature (deg C),2015-12-12T15:00:00.000000000,2015-12-15T15:00:00.000000000,25,3.125,4.2854804297787155,1.1689607756504188,2.727220602714567,1.7146518197478997
Minna Bluff,minna_bluff,main,1370,q,Specific humidity (g/kg),2015-12-12T12:00:00.000000000,2015-12-15T15:00:00.000000000,26,3.25,0.5479045305052068,0.5820863775022147,0.5649954540037108,0.015302910306896678
Minna Bluff,minna_bluff,main,1371,T,Temperature (deg C),2015-12-12T15:00:00.000000000,2015-12-15T15:00:00.000000000,25,3.125,4.2854804297787155,1.1689607756504188,2.727220602714567,1.7146518197478997
Minna Bluff,minna_bluff,main,1371,q,Specific humidity (g/kg),2015-12-12T12:00:00.000000000,2015-12-15T15:00:00.000000000,26,3.25,0.5479045305052068,0.5820863775022147,0.5649954540037108,0.015302910306896678
Minna Bluff,minna_bluff,main,1372,T,Temperature (deg C),2015-12-12T15:00:00.000000000,2015-12-15T15:00:00.000000000,25,3.125,4.2854804297787155,1.1689607756504188,2.727220602714567,1.7146518197478997
Minna Bluff,minna_bluff,main,1372,q,Specific humidity (g/kg),2015-12-12T12:00:00.000000000,2015-12-15T15:00:00.000000000,26,3.25,0.5479045305052068,0.5820863775022147,0.5649954540037108,0.015302910306896678
Minna Bluff,minna_bluff,main,1375,RH,Relative humidity (%),2016-01-02T15:00:00.000000000,2016-01-13T18:00:00.000000000,90,11.25,19.37851242862689,6.649540351585074,13.014026390105983,1.121207766033308
Minna Bluff,minna_bluff,main,1375,wspd,Wind speed (m/s),2016-01-04T03:00:00.000000000,2016-01-10T03:00:00.000000000,49,6.125,11.97560031580906,11.415822645786648,11.695711480797854,0.1041270364649165
Minna Bluff,minna_bluff,main,1376,T,Temperature (deg C),2016-01-11T15:00:00.000000000,2016-01-15T09:00:00.000000000,31,3.875,2.0485524544113787,1.1297629628573986,1.5891577086343887,0.24759082082244532
Minna Bluff,minna_bluff,main,1376,RH,Relative humidity (%),2016-01-02T15:00:00.000000000,2016-01-13T18:00:00.000000000,90,11.25,19.37851242862689,6.649540351585074,13.014026390105983,1.121207766033308
Minna Bluff,minna_bluff,main,1376,wspd,Wind speed (m/s),2016-01-04T03:00:00.000000000,2016-01-10T03:00:00.000000000,49,6.125,11.97560031580906,11.415822645786648,11.695711480797854,0.1041270364649165
Minna Bluff,minna_bluff,main,1376,q,Specific humidity (g/kg),2016-01-02T15:00:00.000000000,2016-01-15T09:00:00.000000000,103,12.875,0.5519570220876986,0.017681087874244383,0.2848190549809715,0.04414292491414207
Minna Bluff,minna_bluff,main,1377,T,Temperature (deg C),2016-01-11T15:00:00.000000000,2016-01-15T09:00:00.000000000,31,3.875,2.0485524544113787,1.1297629628573986,1.5891577086343887,0.24759082082244532
Minna Bluff,minna_bluff,main,1377,RH,Relative humidity (%),2016-01-16T21:00:00.000000000,2016-01-22T15:00:00.000000000,47,5.875,21.676707462105696,16.45391227004984,19.06530986607777,6.350247139703015
Minna Bluff,minna_bluff,main,1377,q,Specific humidity (g/kg),2016-01-16T21:00:00.000000000,2016-01-22T15:00:00.000000000,47,5.875,0.004526942981264881,1.4183743093286836,0.7114506261549742,0.2368276314409048
Minna Bluff,minna_bluff,main,1378,T,Temperature (deg C),2016-01-11T15:00:00.000000000,2016-01-15T09:00:00.000000000,31,3.875,2.0485524544113787,1.1297629628573986,1.5891577086343887,0.24759082082244532
Minna Bluff,minna_bluff,main,1378,RH,Relative humidity (%),2016-01-16T21:00:00.000000000,2016-01-22T15:00:00.000000000,47,5.875,21.676707462105696,16.45391227004984,19.06530986607777,6.350247139703015
Minna Bluff,minna_bluff,main,1378,wspd,Wind speed (m/s),2016-01-17T00:00:00.000000000,2016-01-29T00:00:00.000000000,97,12.125,1.602857930898665,7.934028606669244,4.768443268783955,0.7795623139051031
Minna Bluff,minna_bluff,main,1378,q,Specific humidity (g/kg),2016-01-16T21:00:00.000000000,2016-01-22T15:00:00.000000000,47,5.875,0.004526942981264881,1.4183743093286836,0.7114506261549742,0.2368276314409048
Minna Bluff,minna_bluff,main,1379,RH,Relative humidity (%),2016-01-16T21:00:00.000000000,2016-01-22T15:00:00.000000000,47,5.875,21.676707462105696,16.45391227004984,19.06530986607777,6.350247139703015
Minna Bluff,minna_bluff,main,1379,wspd,Wind speed (m/s),2016-01-17T00:00:00.000000000,2016-01-29T00:00:00.000000000,97,12.125,1.602857930898665,7.934028606669244,4.768443268783955,0.7795623139051031
Minna Bluff,minna_bluff,main,1379,q,Specific humidity (g/kg),2016-01-16T21:00:00.000000000,2016-01-22T15:00:00.000000000,47,5.875,0.004526942981264881,1.4183743093286836,0.7114506261549742,0.2368276314409048
Minna Bluff,minna_bluff,main,1397,wspd,Wind speed (m/s),2016-04-20T09:00:00.000000000,2016-05-06T06:00:00.000000000,128,16.0,2.847338366846543,1.8102823889262254,2.3288103778863842,0.28780673534708967
Minna Bluff,minna_bluff,main,1399,wspd,Wind speed (m/s),2016-05-08T06:00:00.000000000,2016-05-15T18:00:00.000000000,61,7.625,2.433566747365205,2.592450345668226,2.5130085465167156,0.0140683189417814
Minna Bluff,minna_bluff,main,1400,wspd,Wind speed (m/s),2016-05-08T06:00:00.000000000,2016-05-15T18:00:00.000000000,61,7.625,2.433566747365205,2.592450345668226,2.5130085465167156,0.0140683189417814
Minna Bluff,minna_bluff,main,1410,wspd,Wind speed (m/s),2016-07-11T18:00:00.000000000,2016-07-16T21:00:00.000000000,42,5.25,7.997238235343048,0.2911671346641356,4.144202685003592,1.532675232290842
Minna Bluff,minna_bluff,main,1411,wspd,Wind speed (m/s),2016-07-11T18:00:00.000000000,2016-07-16T21:00:00.000000000,42,5.25,7.997238235343048,0.2911671346641356,4.144202685003592,1.532675232290842
Minna Bluff,minna_bluff,main,1412,wspd,Wind speed (m/s),2016-07-11T18:00:00.000000000,2016-07-16T21:00:00.000000000,42,5.25,7.997238235343048,0.2911671346641356,4.144202685003592,1.532675232290842
Minna Bluff,minna_bluff,main,1413,T,Temperature (deg C),2016-07-26T15:00:00.000000000,2016-07-29T18:00:00.000000000,26,3.25,0.2320376603566956,2.3909744746046044,1.31150606748065,0.7007555123190343
Minna Bluff,minna_bluff,main,1413,RH,Relative humidity (%),2016-07-26T21:00:00.000000000,2016-07-29T18:00:00.000000000,24,3.0,57.00144902455395,23.58326384508473,40.29235643481934,10.778061536338555
Minna Bluff,minna_bluff,main,1413,wspd,Wind speed (m/s),2016-07-26T21:00:00.000000000,2016-07-29T18:00:00.000000000,24,3.0,0.34161886244095285,6.40319444842612,3.3724066554335366,1.9685251801442973
Minna Bluff,minna_bluff,main,1413,P,Pressure (hPa),2016-07-26T21:00:00.000000000,2016-07-29T18:00:00.000000000,24,3.0,2.5218824993498856,4.263219382875832,3.3925509411128587,0.6364457326858428
Minna Bluff,minna_bluff,main,1413,q,Specific humidity (g/kg),2016-07-26T15:00:00.000000000,2016-07-29T18:00:00.000000000,26,3.25,0.15151536950602207,0.1700848656106686,0.16080011755834533,0.004757140516892022
Minna Bluff,minna_bluff,main,1414,T,Temperature (deg C),2016-07-26T15:00:00.000000000,2016-07-29T18:00:00.000000000,26,3.25,0.2320376603566956,2.3909744746046044,1.31150606748065,0.7007555123190343
Minna Bluff,minna_bluff,main,1414,RH,Relative humidity (%),2016-07-26T21:00:00.000000000,2016-07-29T18:00:00.000000000,24,3.0,57.00144902455395,23.58326384508473,40.29235643481934,10.778061536338555
Minna Bluff,minna_bluff,main,1414,wspd,Wind speed (m/s),2016-07-26T21:00:00.000000000,2016-07-29T18:00:00.000000000,24,3.0,0.34161886244095285,6.40319444842612,3.3724066554335366,1.9685251801442973
Minna Bluff,minna_bluff,main,1414,P,Pressure (hPa),2016-07-26T21:00:00.000000000,2016-07-29T18:00:00.000000000,24,3.0,2.5218824993498856,4.263219382875832,3.3925509411128587,0.6364457326858428
Minna Bluff,minna_bluff,main,1414,q,Specific humidity (g/kg),2016-07-26T15:00:00.000000000,2016-07-29T18:00:00.000000000,26,3.25,0.15151536950602207,0.1700848656106686,0.16080011755834533,0.004757140516892022
Minna Bluff,minna_bluff,main,1415,T,Temperature (deg C),2016-07-26T15:00:00.000000000,2016-07-29T18:00:00.000000000,26,3.25,0.2320376603566956,2.3909744746046044,1.31150606748065,0.7007555123190343
Minna Bluff,minna_bluff,main,1415,RH,Relative humidity (%),2016-07-26T21:00:00.000000000,2016-07-29T18:00:00.000000000,24,3.0,57.00144902455395,23.58326384508473,40.29235643481934,10.778061536338555
Minna Bluff,minna_bluff,main,1415,wspd,Wind speed (m/s),2016-07-26T21:00:00.000000000,2016-07-29T18:00:00.000000000,24,3.0,0.34161886244095285,6.40319444842612,3.3724066554335366,1.9685251801442973
Minna Bluff,minna_bluff,main,1415,P,Pressure (hPa),2016-07-26T21:00:00.000000000,2016-07-29T18:00:00.000000000,24,3.0,2.5218824993498856,4.263219382875832,3.3925509411128587,0.6364457326858428
Minna Bluff,minna_bluff,main,1415,q,Specific humidity (g/kg),2016-07-26T15:00:00.000000000,2016-07-29T18:00:00.000000000,26,3.25,0.15151536950602207,0.1700848656106686,0.16080011755834533,0.004757140516892022
Minna Bluff,minna_bluff,main,1435,RH,Relative humidity (%),2016-11-20T06:00:00.000000000,2016-11-24T15:00:00.000000000,36,4.5,22.12486392281062,20.715108935652097,21.419986429231358,0.30607117079892987
Minna Bluff,minna_bluff,main,1435,q,Specific humidity (g/kg),2016-11-20T06:00:00.000000000,2016-11-24T15:00:00.000000000,36,4.5,0.31489017128490815,0.814760243333275,0.5648252073090916,0.11040557553168728
Minna Bluff,minna_bluff,main,1436,RH,Relative humidity (%),2016-11-20T06:00:00.000000000,2016-11-24T15:00:00.000000000,36,4.5,22.12486392281062,20.715108935652097,21.419986429231358,0.30607117079892987
Minna Bluff,minna_bluff,main,1436,q,Specific humidity (g/kg),2016-11-20T06:00:00.000000000,2016-11-24T15:00:00.000000000,36,4.5,0.31489017128490815,0.814760243333275,0.5648252073090916,0.11040557553168728
Minna Bluff,minna_bluff,main,1437,RH,Relative humidity (%),2016-11-20T06:00:00.000000000,2016-11-24T15:00:00.000000000,36,4.5,22.12486392281062,20.715108935652097,21.419986429231358,0.30607117079892987
Minna Bluff,minna_bluff,main,1437,q,Specific humidity (g/kg),2016-11-20T06:00:00.000000000,2016-11-24T15:00:00.000000000,36,4.5,0.31489017128490815,0.814760243333275,0.5648252073090916,0.11040557553168728
Minna Bluff,minna_bluff,main,1438,wspd,Wind speed (m/s),2016-12-06T09:00:00.000000000,2016-12-10T15:00:00.000000000,35,4.375,13.55560237197642,8.054742797630524,10.805172584803472,1.27067249574975
Minna Bluff,minna_bluff,main,1439,wspd,Wind speed (m/s),2016-12-06T09:00:00.000000000,2016-12-10T15:00:00.000000000,35,4.375,13.55560237197642,8.054742797630524,10.805172584803472,1.27067249574975
Minna Bluff,minna_bluff,main,1440,wspd,Wind speed (m/s),2016-12-06T09:00:00.000000000,2016-12-10T15:00:00.000000000,35,4.375,13.55560237197642,8.054742797630524,10.805172584803472,1.27067249574975
Minna Bluff,minna_bluff,main,1441,wspd,Wind speed (m/s),2016-12-06T09:00:00.000000000,2016-12-10T15:00:00.000000000,35,4.375,13.55560237197642,8.054742797630524,10.805172584803472,1.27067249574975
Minna Bluff,minna_bluff,main,1442,RH,Relative humidity (%),2016-12-25T03:00:00.000000000,2016-12-29T09:00:00.000000000,35,4.375,16.759004924711007,10.190743845306315,13.474874385008661,1.4924280363804883
Minna Bluff,minna_bluff,main,1442,q,Specific humidity (g/kg),2016-12-25T03:00:00.000000000,2016-12-29T09:00:00.000000000,35,4.375,0.30987492195740174,0.46423176397475174,0.38705334296607674,0.03269712223032517
Minna Bluff,minna_bluff,main,1443,RH,Relative humidity (%),2016-12-25T03:00:00.000000000,2016-12-29T09:00:00.000000000,35,4.375,16.759004924711007,10.190743845306315,13.474874385008661,1.4924280363804883
Minna Bluff,minna_bluff,main,1443,wspd,Wind speed (m/s),2016-12-25T21:00:00.000000000,2017-01-01T18:00:00.000000000,56,7.0,7.489465170133144,1.8618694958157676,4.675667332974456,0.7964235008706169
Minna Bluff,minna_bluff,main,1443,q,Specific humidity (g/kg),2016-12-25T03:00:00.000000000,2016-12-29T09:00:00.000000000,35,4.375,0.30987492195740174,0.46423176397475174,0.38705334296607674,0.03269712223032517
Minna Bluff,minna_bluff,main,1444,RH,Relative humidity (%),2016-12-25T03:00:00.000000000,2016-12-29T09:00:00.000000000,35,4.375,16.759004924711007,10.190743845306315,13.474874385008661,1.4924280363804883
Minna Bluff,minna_bluff,main,1444,wspd,Wind speed (m/s),2016-12-25T21:00:00.000000000,2017-01-01T18:00:00.000000000,56,7.0,7.489465170133144,1.8618694958157676,4.675667332974456,0.7964235008706169
Minna Bluff,minna_bluff,main,1444,wspd,Wind speed (m/s),2017-01-05T15:00:00.000000000,2017-01-11T03:00:00.000000000,45,5.625,5.452645686080359,0.8234023654200371,3.138024025750198,1.0894616212987103
Minna Bluff,minna_bluff,main,1444,q,Specific humidity (g/kg),2016-12-25T03:00:00.000000000,2016-12-29T09:00:00.000000000,35,4.375,0.30987492195740174,0.46423176397475174,0.38705334296607674,0.03269712223032517
Minna Bluff,minna_bluff,main,1445,wspd,Wind speed (m/s),2017-01-05T15:00:00.000000000,2017-01-11T03:00:00.000000000,45,5.625,5.452645686080359,0.8234023654200371,3.138024025750198,1.0894616212987103
Minna Bluff,minna_bluff,main,1446,wspd,Wind speed (m/s),2017-01-05T15:00:00.000000000,2017-01-11T03:00:00.000000000,45,5.625,5.452645686080359,0.8234023654200371,3.138024025750198,1.0894616212987103
Minna Bluff,minna_bluff,main,1460,wspd,Wind speed (m/s),2017-03-24T15:00:00.000000000,2017-04-02T21:00:00.000000000,75,9.375,3.2225123191758485,5.074338441909163,4.1484253805425055,0.8757342582176477
Minna Bluff,minna_bluff,main,1461,wspd,Wind speed (m/s),2017-03-24T15:00:00.000000000,2017-04-02T21:00:00.000000000,75,9.375,3.2225123191758485,5.074338441909163,4.1484253805425055,0.8757342582176477
Minna Bluff,minna_bluff,main,1465,wspd,Wind speed (m/s),2017-04-25T09:00:00.000000000,2017-04-28T18:00:00.000000000,28,3.5,5.774005770422264,7.659732787805751,6.716869279114007,0.5279417916341345
Minna Bluff,minna_bluff,main,1466,wspd,Wind speed (m/s),2017-04-25T09:00:00.000000000,2017-04-28T18:00:00.000000000,28,3.5,5.774005770422264,7.659732787805751,6.716869279114007,0.5279417916341345
Minna Bluff,minna_bluff,main,1467,wspd,Wind speed (m/s),2017-04-25T09:00:00.000000000,2017-04-28T18:00:00.000000000,28,3.5,5.774005770422264,7.659732787805751,6.716869279114007,0.5279417916341345
Minna Bluff,minna_bluff,main,1471,wspd,Wind speed (m/s),2017-05-27T18:00:00.000000000,2017-06-01T09:00:00.000000000,38,4.75,4.678083534941834,14.564640725825939,9.621362130383886,2.1002741039262673
Minna Bluff,minna_bluff,main,1472,wspd,Wind speed (m/s),2017-05-27T18:00:00.000000000,2017-06-01T09:00:00.000000000,38,4.75,4.678083534941834,14.564640725825939,9.621362130383886,2.1002741039262673
Minna Bluff,minna_bluff,main,1473,wspd,Wind speed (m/s),2017-05-27T18:00:00.000000000,2017-06-01T09:00:00.000000000,38,4.75,4.678083534941834,14.564640725825939,9.621362130383886,2.1002741039262673
Minna Bluff,minna_bluff,main,1477,wspd,Wind speed (m/s),2017-06-14T00:00:00.000000000,2017-06-30T18:00:00.000000000,135,16.875,4.0607538237172776,6.0094043301821785,5.035079076949728,0.11604202836352329
Minna Bluff,minna_bluff,main,1489,wspd,Wind speed (m/s),2017-08-21T09:00:00.000000000,2017-09-02T09:00:00.000000000,97,12.125,2.352387773857572,7.617587970938985,4.984987872398278,0.4291097224301126
Minna Bluff,minna_bluff,main,1490,wspd,Wind speed (m/s),2017-08-21T09:00:00.000000000,2017-09-02T09:00:00.000000000,97,12.125,2.352387773857572,7.617587970938985,4.984987872398278,0.4291097224301126
Minna Bluff,minna_bluff,main,1498,wspd,Wind speed (m/s),2017-10-13T21:00:00.000000000,2017-10-18T15:00:00.000000000,39,4.875,3.6309379711287875,2.9794582592151073,3.3051981151719474,1.3093121026097378
Minna Bluff,minna_bluff,main,1499,wspd,Wind speed (m/s),2017-10-13T21:00:00.000000000,2017-10-18T15:00:00.000000000,39,4.875,3.6309379711287875,2.9794582592151073,3.3051981151719474,1.3093121026097378
Minna Bluff,minna_bluff,main,1500,wspd,Wind speed (m/s),2017-10-13T21:00:00.000000000,2017-10-18T15:00:00.000000000,39,4.875,3.6309379711287875,2.9794582592151073,3.3051981151719474,1.3093121026097378
Minna Bluff,minna_bluff,main,1501,wspd,Wind speed (m/s),2017-10-29T21:00:00.000000000,2017-11-02T21:00:00.000000000,33,4.125,3.451675314809563,0.7393416591867208,2.095508486998142,0.9910485930823825
Minna Bluff,minna_bluff,main,1502,wspd,Wind speed (m/s),2017-10-29T21:00:00.000000000,2017-11-02T21:00:00.000000000,33,4.125,3.451675314809563,0.7393416591867208,2.095508486998142,0.9910485930823825
Minna Bluff,minna_bluff,main,1503,wspd,Wind speed (m/s),2017-10-29T21:00:00.000000000,2017-11-02T21:00:00.000000000,33,4.125,3.451675314809563,0.7393416591867208,2.095508486998142,0.9910485930823825
Minna Bluff,minna_bluff,main,1505,wspd,Wind speed (m/s),2017-11-23T06:00:00.000000000,2017-11-26T06:00:00.000000000,25,3.125,6.212584331501603,3.9227652209698363,5.0676747762357195,3.0746965306707352
Minna Bluff,minna_bluff,main,1506,wspd,Wind speed (m/s),2017-11-23T06:00:00.000000000,2017-11-26T06:00:00.000000000,25,3.125,6.212584331501603,3.9227652209698363,5.0676747762357195,3.0746965306707352
Minna Bluff,minna_bluff,main,1507,wspd,Wind speed (m/s),2017-11-23T06:00:00.000000000,2017-11-26T06:00:00.000000000,25,3.125,6.212584331501603,3.9227652209698363,5.0676747762357195,3.0746965306707352
Minna Bluff,minna_bluff,main,1508,wspd,Wind speed (m/s),2017-11-23T06:00:00.000000000,2017-11-26T06:00:00.000000000,25,3.125,6.212584331501603,3.9227652209698363,5.0676747762357195,3.0746965306707352
Minna Bluff,minna_bluff,main,1509,RH,Relative humidity (%),2017-12-12T00:00:00.000000000,2017-12-15T00:00:00.000000000,25,3.125,12.98043122366198,11.352812861002803,12.166622042332392,7.474023264948528
Minna Bluff,minna_bluff,main,1509,q,Specific humidity (g/kg),2017-12-12T00:00:00.000000000,2017-12-15T06:00:00.000000000,27,3.375,0.19049674752053392,0.46705897877851044,0.3287778631495222,0.18820314957435968
Minna Bluff,minna_bluff,main,1510,RH,Relative humidity (%),2017-12-12T00:00:00.000000000,2017-12-15T00:00:00.000000000,25,3.125,12.98043122366198,11.352812861002803,12.166622042332392,7.474023264948528
Minna Bluff,minna_bluff,main,1510,q,Specific humidity (g/kg),2017-12-12T00:00:00.000000000,2017-12-15T06:00:00.000000000,27,3.375,0.19049674752053392,0.46705897877851044,0.3287778631495222,0.18820314957435968
Minna Bluff,minna_bluff,main,1511,RH,Relative humidity (%),2017-12-12T00:00:00.000000000,2017-12-15T00:00:00.000000000,25,3.125,12.98043122366198,11.352812861002803,12.166622042332392,7.474023264948528
Minna Bluff,minna_bluff,main,1511,q,Specific humidity (g/kg),2017-12-12T00:00:00.000000000,2017-12-15T06:00:00.000000000,27,3.375,0.19049674752053392,0.46705897877851044,0.3287778631495222,0.18820314957435968
Minna Bluff,minna_bluff,main,1517,RH,Relative humidity (%),2018-01-20T15:00:00.000000000,2018-01-28T06:00:00.000000000,62,7.75,13.708104983821613,14.537311017563297,14.122708000692455,0.09634404436296506
Minna Bluff,minna_bluff,main,1517,q,Specific humidity (g/kg),2018-01-20T15:00:00.000000000,2018-01-28T06:00:00.000000000,62,7.75,0.5680995663767874,0.36544739818529237,0.4667734822810399,0.024908381262009005
Minna Bluff,minna_bluff,main,1518,RH,Relative humidity (%),2018-01-20T15:00:00.000000000,2018-01-28T06:00:00.000000000,62,7.75,13.708104983821613,14.537311017563297,14.122708000692455,0.09634404436296506
Minna Bluff,minna_bluff,main,1518,q,Specific humidity (g/kg),2018-01-20T15:00:00.000000000,2018-01-28T06:00:00.000000000,62,7.75,0.5680995663767874,0.36544739818529237,0.4667734822810399,0.024908381262009005
Minna Bluff,minna_bluff,main,1519,RH,Relative humidity (%),2018-01-20T15:00:00.000000000,2018-01-28T06:00:00.000000000,62,7.75,13.708104983821613,14.537311017563297,14.122708000692455,0.09634404436296506
Minna Bluff,minna_bluff,main,1519,wspd,Wind speed (m/s),2018-01-20T12:00:00.000000000,2018-02-06T21:00:00.000000000,140,17.5,9.262354431972426,0.4101138438954308,4.836234137933928,0.4984259308452721
Minna Bluff,minna_bluff,main,1519,q,Specific humidity (g/kg),2018-01-20T15:00:00.000000000,2018-01-28T06:00:00.000000000,62,7.75,0.5680995663767874,0.36544739818529237,0.4667734822810399,0.024908381262009005
Minna Bluff,minna_bluff,main,1526,wspd,Wind speed (m/s),2018-03-13T03:00:00.000000000,2018-03-16T21:00:00.000000000,31,3.875,12.937768751204203,4.088388451209767,8.513078601206985,4.145459689269387
Minna Bluff,minna_bluff,main,1527,wspd,Wind speed (m/s),2018-03-13T03:00:00.000000000,2018-03-16T21:00:00.000000000,31,3.875,12.937768751204203,4.088388451209767,8.513078601206985,4.145459689269387
Minna Bluff,minna_bluff,main,1528,wspd,Wind speed (m/s),2018-03-13T03:00:00.000000000,2018-03-16T21:00:00.000000000,31,3.875,12.937768751204203,4.088388451209767,8.513078601206985,4.145459689269387
Minna Bluff,minna_bluff,main,1529,wspd,Wind speed (m/s),2018-03-13T03:00:00.000000000,2018-03-16T21:00:00.000000000,31,3.875,12.937768751204203,4.088388451209767,8.513078601206985,4.145459689269387
Minna Bluff,minna_bluff,main,1537,wspd,Wind speed (m/s),2018-04-26T09:00:00.000000000,2018-05-11T03:00:00.000000000,119,14.875,6.599446326517409,20.36531445303808,13.482380389777745,0.9223553080276474
Minna Bluff,minna_bluff,main,1541,wspd,Wind speed (m/s),2018-05-16T15:00:00.000000000,2018-05-31T18:00:00.000000000,122,15.25,3.3793066869704944,5.896282334202169,4.637794510586332,0.165207532559144
Minna Bluff,minna_bluff,main,1548,wspd,Wind speed (m/s),2018-07-04T06:00:00.000000000,2018-07-10T15:00:00.000000000,52,6.5,3.0688670695279825,5.379297093442574,4.224082081485278,0.3513868973841028
Minna Bluff,minna_bluff,main,1549,wspd,Wind speed (m/s),2018-07-04T06:00:00.000000000,2018-07-10T15:00:00.000000000,52,6.5,3.0688670695279825,5.379297093442574,4.224082081485278,0.3513868973841028
Minna Bluff,minna_bluff,main,1550,wspd,Wind speed (m/s),2018-07-04T06:00:00.000000000,2018-07-10T15:00:00.000000000,52,6.5,3.0688670695279825,5.379297093442574,4.224082081485278,0.3513868973841028
Minna Bluff,minna_bluff,main,1553,RH,Relative humidity (%),2018-10-02T09:00:00.000000000,2018-10-07T03:00:00.000000000,39,4.875,1.4886627220039372,9.477009064913545,5.482835893458741,1.6032505444384242
Minna Bluff,minna_bluff,main,1554,RH,Relative humidity (%),2018-10-02T09:00:00.000000000,2018-10-07T03:00:00.000000000,39,4.875,1.4886627220039372,9.477009064913545,5.482835893458741,1.6032505444384242
Minna Bluff,minna_bluff,main,1555,RH,Relative humidity (%),2018-10-02T09:00:00.000000000,2018-10-07T03:00:00.000000000,39,4.875,1.4886627220039372,9.477009064913545,5.482835893458741,1.6032505444384242
Minna Bluff,minna_bluff,main,1565,wspd,Wind speed (m/s),2020-03-30T15:00:00.000000000,2020-04-02T21:00:00.000000000,27,3.375,2.929366421611462,3.216169452702502,3.072767937156982,0.08603687757614153
Minna Bluff,minna_bluff,main,1566,wspd,Wind speed (m/s),2020-03-30T15:00:00.000000000,2020-04-02T21:00:00.000000000,27,3.375,2.929366421611462,3.216169452702502,3.072767937156982,0.08603687757614153
Minna Bluff,minna_bluff,main,1567,wspd,Wind speed (m/s),2020-03-30T15:00:00.000000000,2020-04-02T21:00:00.000000000,27,3.375,2.929366421611462,3.216169452702502,3.072767937156982,0.08603687757614153
Minna Bluff,minna_bluff,main,1575,T,Temperature (deg C),2020-05-24T03:00:00.000000000,2020-05-29T00:00:00.000000000,40,5.0,0.566177619848748,2.6349482417849117,1.6005629308168299,0.4225346174630289
Minna Bluff,minna_bluff,main,1575,P,Pressure (hPa),2020-05-24T18:00:00.000000000,2020-05-29T00:00:00.000000000,35,4.375,0.05908774313866161,1.0144668619323056,0.5367773025354836,0.2752252606805996
Silvia,silvia,main,1502,wspd,Wind speed (m/s),2016-04-23T00:00:00.000000000,2016-05-06T00:00:00.000000000,105,13.125,0.575928572424516,2.6055518356443486,1.5907402040344323,0.15535674582430659
Silvia,silvia,main,1503,wspd,Wind speed (m/s),2016-04-23T00:00:00.000000000,2016-05-06T00:00:00.000000000,105,13.125,0.575928572424516,2.6055518356443486,1.5907402040344323,0.15535674582430659
Silvia,silvia,main,1506,wspd,Wind speed (m/s),2016-05-17T00:00:00.000000000,2016-05-22T21:00:00.000000000,48,6.0,1.6024146360987288,2.85294657624695,2.2276806061728394,0.6813355612973169
Silvia,silvia,main,1507,wspd,Wind speed (m/s),2016-05-17T00:00:00.000000000,2016-05-22T21:00:00.000000000,48,6.0,1.6024146360987288,2.85294657624695,2.2276806061728394,0.6813355612973169
Silvia,silvia,main,1507,wspd,Wind speed (m/s),2016-05-25T06:00:00.000000000,2016-05-28T06:00:00.000000000,25,3.125,5.20719109219408,6.161229871293926,5.684210481744003,0.19452317080828152
Silvia,silvia,main,1508,wspd,Wind speed (m/s),2016-05-25T06:00:00.000000000,2016-05-28T06:00:00.000000000,25,3.125,5.20719109219408,6.161229871293926,5.684210481744003,0.19452317080828152
Silvia,silvia,main,1509,wspd,Wind speed (m/s),2016-05-25T06:00:00.000000000,2016-05-28T06:00:00.000000000,25,3.125,5.20719109219408,6.161229871293926,5.684210481744003,0.19452317080828152
Silvia,silvia,main,1516,wspd,Wind speed (m/s),2016-07-14T03:00:00.000000000,2016-07-18T09:00:00.000000000,35,4.375,10.750430345771292,12.350149445621355,11.550289895696324,0.36565007770482794
Silvia,silvia,main,1517,wspd,Wind speed (m/s),2016-07-14T03:00:00.000000000,2016-07-18T09:00:00.000000000,35,4.375,10.750430345771292,12.350149445621355,11.550289895696324,0.36565007770482794
Silvia,silvia,main,1518,wspd,Wind speed (m/s),2016-07-14T03:00:00.000000000,2016-07-18T09:00:00.000000000,35,4.375,10.750430345771292,12.350149445621355,11.550289895696324,0.36565007770482794
Silvia,silvia,main,1520,wspd,Wind speed (m/s),2016-07-29T09:00:00.000000000,2016-08-05T06:00:00.000000000,56,7.0,3.4098957690596308,7.533094494398483,5.471495131729057,1.5507529873131602
Silvia,silvia,main,1521,wspd,Wind speed (m/s),2016-07-29T09:00:00.000000000,2016-08-05T06:00:00.000000000,56,7.0,3.4098957690596308,7.533094494398483,5.471495131729057,1.5507529873131602
Silvia,silvia,main,1521,wspd,Wind speed (m/s),2016-08-07T00:00:00.000000000,2016-08-13T00:00:00.000000000,49,6.125,6.384231369908321,3.2179575086288423,4.8010944392685815,0.5789832075311097
Silvia,silvia,main,1522,wspd,Wind speed (m/s),2016-08-22T12:00:00.000000000,2016-08-26T03:00:00.000000000,30,3.75,1.8286940789816981,8.858579181448022,5.34363663021486,2.781122373296057
Silvia,silvia,main,1522,wspd,Wind speed (m/s),2016-08-27T18:00:00.000000000,2016-08-31T00:00:00.000000000,27,3.375,17.939504019435844,4.7548854273063625,11.347194723371103,3.874807718843499
Silvia,silvia,main,1523,wspd,Wind speed (m/s),2016-08-22T12:00:00.000000000,2016-08-26T03:00:00.000000000,30,3.75,1.8286940789816981,8.858579181448022,5.34363663021486,2.781122373296057
Silvia,silvia,main,1523,wspd,Wind speed (m/s),2016-08-27T18:00:00.000000000,2016-08-31T00:00:00.000000000,27,3.375,17.939504019435844,4.7548854273063625,11.347194723371103,3.874807718843499
Silvia,silvia,main,1524,wspd,Wind speed (m/s),2016-08-27T18:00:00.000000000,2016-08-31T00:00:00.000000000,27,3.375,17.939504019435844,4.7548854273063625,11.347194723371103,3.874807718843499
Silvia,silvia,main,1524,wspd,Wind speed (m/s),2016-09-08T06:00:00.000000000,2016-09-11T03:00:00.000000000,24,3.0,13.942311168360902,4.888561995023792,9.415436581692347,5.970291200279917
Silvia,silvia,main,1525,wspd,Wind speed (m/s),2016-09-08T06:00:00.000000000,2016-09-11T03:00:00.000000000,24,3.0,13.942311168360902,4.888561995023792,9.415436581692347,5.970291200279917
Silvia,silvia,main,1526,wspd,Wind speed (m/s),2016-09-08T06:00:00.000000000,2016-09-11T03:00:00.000000000,24,3.0,13.942311168360902,4.888561995023792,9.415436581692347,5.970291200279917
Silvia,silvia,main,1529,wspd,Wind speed (m/s),2016-10-06T21:00:00.000000000,2016-10-11T15:00:00.000000000,39,4.875,0.9687198925669236,12.292232766354573,6.630476329460748,2.4894264817855856
Silvia,silvia,main,1530,wspd,Wind speed (m/s),2016-10-06T21:00:00.000000000,2016-10-11T15:00:00.000000000,39,4.875,0.9687198925669236,12.292232766354573,6.630476329460748,2.4894264817855856
Silvia,silvia,main,1531,wspd,Wind speed (m/s),2016-10-06T21:00:00.000000000,2016-10-11T15:00:00.000000000,39,4.875,0.9687198925669236,12.292232766354573,6.630476329460748,2.4894264817855856
Silvia,silvia,main,1532,wspd,Wind speed (m/s),2016-10-24T09:00:00.000000000,2016-10-28T06:00:00.000000000,32,4.0,4.68267537904228,4.069957136536232,4.376316257789256,2.074521857137256
Silvia,silvia,main,1533,wspd,Wind speed (m/s),2016-10-24T09:00:00.000000000,2016-10-28T06:00:00.000000000,32,4.0,4.68267537904228,4.069957136536232,4.376316257789256,2.074521857137256
Silvia,silvia,main,1534,wspd,Wind speed (m/s),2016-10-24T09:00:00.000000000,2016-10-28T06:00:00.000000000,32,4.0,4.68267537904228,4.069957136536232,4.376316257789256,2.074521857137256
Silvia,silvia,main,1571,wspd,Wind speed (m/s),2017-05-16T15:00:00.000000000,2017-05-20T06:00:00.000000000,30,3.75,0.3159019083118437,1.8668577888536788,1.0913798485827613,0.3705774394689172
Silvia,silvia,main,1572,wspd,Wind speed (m/s),2017-05-16T15:00:00.000000000,2017-05-20T06:00:00.000000000,30,3.75,0.3159019083118437,1.8668577888536788,1.0913798485827613,0.3705774394689172
Silvia,silvia,main,1573,wspd,Wind speed (m/s),2017-05-16T15:00:00.000000000,2017-05-20T06:00:00.000000000,30,3.75,0.3159019083118437,1.8668577888536788,1.0913798485827613,0.3705774394689172
Silvia,silvia,main,1581,wspd,Wind speed (m/s),2017-07-10T06:00:00.000000000,2017-07-13T09:00:00.000000000,26,3.25,0.4280721894473629,2.8064761137279675,1.6172741515876652,0.6862325365560196
Silvia,silvia,main,1582,wspd,Wind speed (m/s),2017-07-10T06:00:00.000000000,2017-07-13T09:00:00.000000000,26,3.25,0.4280721894473629,2.8064761137279675,1.6172741515876652,0.6862325365560196
Silvia,silvia,main,1583,wspd,Wind speed (m/s),2017-07-10T06:00:00.000000000,2017-07-13T09:00:00.000000000,26,3.25,0.4280721894473629,2.8064761137279675,1.6172741515876652,0.6862325365560196
Silvia,silvia,main,1592,wspd,Wind speed (m/s),2017-09-04T00:00:00.000000000,2017-09-08T21:00:00.000000000,40,5.0,11.777779101324995,10.132195369907095,10.954987235616045,4.328336440573025
Silvia,silvia,main,1593,wspd,Wind speed (m/s),2017-09-04T00:00:00.000000000,2017-09-08T21:00:00.000000000,40,5.0,11.777779101324995,10.132195369907095,10.954987235616045,4.328336440573025
Silvia,silvia,main,1594,wspd,Wind speed (m/s),2017-09-04T00:00:00.000000000,2017-09-08T21:00:00.000000000,40,5.0,11.777779101324995,10.132195369907095,10.954987235616045,4.328336440573025
Silvia,silvia,main,1597,wspd,Wind speed (m/s),2017-10-01T21:00:00.000000000,2017-10-05T09:00:00.000000000,29,3.625,13.391464598713355,6.951059975284807,10.171262286999081,5.161156169585638
Silvia,silvia,main,1598,wspd,Wind speed (m/s),2017-10-01T21:00:00.000000000,2017-10-05T09:00:00.000000000,29,3.625,13.391464598713355,6.951059975284807,10.171262286999081,5.161156169585638
Silvia,silvia,main,1599,wspd,Wind speed (m/s),2017-10-01T21:00:00.000000000,2017-10-05T09:00:00.000000000,29,3.625,13.391464598713355,6.951059975284807,10.171262286999081,5.161156169585638
Silvia,silvia,main,1607,wspd,Wind speed (m/s),2017-11-25T06:00:00.000000000,2017-11-29T09:00:00.000000000,34,4.25,3.9497079224125855,4.542775591716463,4.246241757064524,1.9780633775746992
Silvia,silvia,main,1608,wspd,Wind speed (m/s),2017-11-25T06:00:00.000000000,2017-11-29T09:00:00.000000000,34,4.25,3.9497079224125855,4.542775591716463,4.246241757064524,1.9780633775746992
Silvia,silvia,main,1609,wspd,Wind speed (m/s),2017-11-25T06:00:00.000000000,2017-11-29T09:00:00.000000000,34,4.25,3.9497079224125855,4.542775591716463,4.246241757064524,1.9780633775746992
Silvia,silvia,main,1615,RH,Relative humidity (%),2018-01-07T21:00:00.000000000,2018-01-10T18:00:00.000000000,24,3.0,13.607434977511275,17.07518490945222,15.341309943481747,9.947539728695574
Silvia,silvia,main,1615,q,Specific humidity (g/kg),2018-01-07T21:00:00.000000000,2018-01-10T18:00:00.000000000,24,3.0,0.7170566037223622,0.3564826430330754,0.5367696233777188,0.35213746568531334
Silvia,silvia,main,1616,RH,Relative humidity (%),2018-01-07T21:00:00.000000000,2018-01-10T18:00:00.000000000,24,3.0,13.607434977511275,17.07518490945222,15.341309943481747,9.947539728695574
Silvia,silvia,main,1616,q,Specific humidity (g/kg),2018-01-07T21:00:00.000000000,2018-01-10T18:00:00.000000000,24,3.0,0.7170566037223622,0.3564826430330754,0.5367696233777188,0.35213746568531334
Silvia,silvia,main,1617,RH,Relative humidity (%),2018-01-07T21:00:00.000000000,2018-01-10T18:00:00.000000000,24,3.0,13.607434977511275,17.07518490945222,15.341309943481747,9.947539728695574
Silvia,silvia,main,1617,RH,Relative humidity (%),2018-01-13T18:00:00.000000000,2018-01-19T09:00:00.000000000,46,5.75,3.144448079088761,12.66763258435094,7.906040331719851,1.6562060600682003
Silvia,silvia,main,1617,q,Specific humidity (g/kg),2018-01-07T21:00:00.000000000,2018-01-10T18:00:00.000000000,24,3.0,0.7170566037223622,0.3564826430330754,0.5367696233777188,0.35213746568531334
Silvia,silvia,main,1617,q,Specific humidity (g/kg),2018-01-13T18:00:00.000000000,2018-01-19T09:00:00.000000000,46,5.75,0.39547239845768445,0.043854614130466985,0.21966350629407572,0.061279677477618755
Silvia,silvia,main,1618,RH,Relative humidity (%),2018-01-07T21:00:00.000000000,2018-01-10T18:00:00.000000000,24,3.0,13.607434977511275,17.07518490945222,15.341309943481747,9.947539728695574
Silvia,silvia,main,1618,RH,Relative humidity (%),2018-01-13T18:00:00.000000000,2018-01-19T09:00:00.000000000,46,5.75,3.144448079088761,12.66763258435094,7.906040331719851,1.6562060600682003
Silvia,silvia,main,1618,q,Specific humidity (g/kg),2018-01-07T21:00:00.000000000,2018-01-10T18:00:00.000000000,24,3.0,0.7170566037223622,0.3564826430330754,0.5367696233777188,0.35213746568531334
Silvia,silvia,main,1618,q,Specific humidity (g/kg),2018-01-13T18:00:00.000000000,2018-01-19T09:00:00.000000000,46,5.75,0.39547239845768445,0.043854614130466985,0.21966350629407572,0.061279677477618755
Silvia,silvia,main,1619,RH,Relative humidity (%),2018-01-13T18:00:00.000000000,2018-01-19T09:00:00.000000000,46,5.75,3.144448079088761,12.66763258435094,7.906040331719851,1.6562060600682003
Silvia,silvia,main,1619,RH,Relative humidity (%),2018-01-23T18:00:00.000000000,2018-01-30T06:00:00.000000000,53,6.625,15.17999884469009,21.73501269310691,18.4575057688985,0.9754599565868034
Silvia,silvia,main,1619,q,Specific humidity (g/kg),2018-01-13T18:00:00.000000000,2018-01-19T09:00:00.000000000,46,5.75,0.39547239845768445,0.043854614130466985,0.21966350629407572,0.061279677477618755
Silvia,silvia,main,1619,q,Specific humidity (g/kg),2018-01-23T18:00:00.000000000,2018-01-30T06:00:00.000000000,53,6.625,0.377029207920657,0.20726026733307634,0.29214473762686666,0.02493904389193502
Silvia,silvia,main,1620,RH,Relative humidity (%),2018-01-23T18:00:00.000000000,2018-01-30T06:00:00.000000000,53,6.625,15.17999884469009,21.73501269310691,18.4575057688985,0.9754599565868034
Silvia,silvia,main,1620,wspd,Wind speed (m/s),2018-02-02T00:00:00.000000000,2018-02-05T03:00:00.000000000,26,3.25,4.730524945769275,0.25646463767134264,2.493494791720309,1.8307546638782242
Silvia,silvia,main,1620,q,Specific humidity (g/kg),2018-01-23T18:00:00.000000000,2018-01-30T06:00:00.000000000,53,6.625,0.377029207920657,0.20726026733307634,0.29214473762686666,0.02493904389193502
Silvia,silvia,main,1621,RH,Relative humidity (%),2018-01-23T18:00:00.000000000,2018-01-30T06:00:00.000000000,53,6.625,15.17999884469009,21.73501269310691,18.4575057688985,0.9754599565868034
Silvia,silvia,main,1621,wspd,Wind speed (m/s),2018-02-02T00:00:00.000000000,2018-02-05T03:00:00.000000000,26,3.25,4.730524945769275,0.25646463767134264,2.493494791720309,1.8307546638782242
Silvia,silvia,main,1621,q,Specific humidity (g/kg),2018-01-23T18:00:00.000000000,2018-01-30T06:00:00.000000000,53,6.625,0.377029207920657,0.20726026733307634,0.29214473762686666,0.02493904389193502
Silvia,silvia,main,1622,wspd,Wind speed (m/s),2018-02-02T00:00:00.000000000,2018-02-05T03:00:00.000000000,26,3.25,4.730524945769275,0.25646463767134264,2.493494791720309,1.8307546638782242
Silvia,silvia,main,1623,wspd,Wind speed (m/s),2018-02-02T00:00:00.000000000,2018-02-05T03:00:00.000000000,26,3.25,4.730524945769275,0.25646463767134264,2.493494791720309,1.8307546638782242
Silvia,silvia,main,1627,wspd,Wind speed (m/s),2018-03-12T00:00:00.000000000,2018-03-15T00:00:00.000000000,25,3.125,4.544766540871478,19.64649887823998,12.09563270955573,7.285820508502184
Silvia,silvia,main,1628,wspd,Wind speed (m/s),2018-03-12T00:00:00.000000000,2018-03-15T00:00:00.000000000,25,3.125,4.544766540871478,19.64649887823998,12.09563270955573,7.285820508502184
Silvia,silvia,main,1629,wspd,Wind speed (m/s),2018-03-12T00:00:00.000000000,2018-03-15T00:00:00.000000000,25,3.125,4.544766540871478,19.64649887823998,12.09563270955573,7.285820508502184
Silvia,silvia,main,1629,wspd,Wind speed (m/s),2018-03-17T18:00:00.000000000,2018-03-21T15:00:00.000000000,32,4.0,5.837562944751426,2.360723805168618,4.099143374960022,2.079874629976757
Silvia,silvia,main,1630,wspd,Wind speed (m/s),2018-03-12T00:00:00.000000000,2018-03-15T00:00:00.000000000,25,3.125,4.544766540871478,19.64649887823998,12.09563270955573,7.285820508502184
Silvia,silvia,main,1630,wspd,Wind speed (m/s),2018-03-17T18:00:00.000000000,2018-03-21T15:00:00.000000000,32,4.0,5.837562944751426,2.360723805168618,4.099143374960022,2.079874629976757
Silvia,silvia,main,1631,wspd,Wind speed (m/s),2018-03-17T18:00:00.000000000,2018-03-21T15:00:00.000000000,32,4.0,5.837562944751426,2.360723805168618,4.099143374960022,2.079874629976757
Silvia,silvia,main,1644,wspd,Wind speed (m/s),2018-06-08T06:00:00.000000000,2018-06-11T15:00:00.000000000,28,3.5,6.0161305097599325,6.062864955044461,6.039497732402197,0.016204078786529408
Silvia,silvia,main,1645,wspd,Wind speed (m/s),2018-06-08T06:00:00.000000000,2018-06-11T15:00:00.000000000,28,3.5,6.0161305097599325,6.062864955044461,6.039497732402197,0.016204078786529408
Silvia,silvia,main,1646,wspd,Wind speed (m/s),2018-06-08T06:00:00.000000000,2018-06-11T15:00:00.000000000,28,3.5,6.0161305097599325,6.062864955044461,6.039497732402197,0.016204078786529408
Silvia,silvia,main,1647,wspd,Wind speed (m/s),2018-06-08T06:00:00.000000000,2018-06-11T15:00:00.000000000,28,3.5,6.0161305097599325,6.062864955044461,6.039497732402197,0.016204078786529408
Silvia,silvia,main,1652,wspd,Wind speed (m/s),2018-07-16T15:00:00.000000000,2018-07-21T18:00:00.000000000,42,5.25,2.316555753484863,7.861114287837609,5.088835020661236,1.0339579787383286
Silvia,silvia,main,1653,wspd,Wind speed (m/s),2018-07-16T15:00:00.000000000,2018-07-21T18:00:00.000000000,42,5.25,2.316555753484863,7.861114287837609,5.088835020661236,1.0339579787383286
Silvia,silvia,main,1653,wspd,Wind speed (m/s),2018-07-22T00:00:00.000000000,2018-07-25T03:00:00.000000000,26,3.25,18.99385751554746,5.057889530186003,12.025873522866732,4.607078501531987
Silvia,silvia,main,1653,wspd,Wind speed (m/s),2018-07-25T09:00:00.000000000,2018-07-28T06:00:00.000000000,24,3.0,32.54919907001931,5.663703388921249,19.10645122947028,12.217635161734961
Silvia,silvia,main,1654,wspd,Wind speed (m/s),2018-07-16T15:00:00.000000000,2018-07-21T18:00:00.000000000,42,5.25,2.316555753484863,7.861114287837609,5.088835020661236,1.0339579787383286
Silvia,silvia,main,1654,wspd,Wind speed (m/s),2018-07-22T00:00:00.000000000,2018-07-25T03:00:00.000000000,26,3.25,18.99385751554746,5.057889530186003,12.025873522866732,4.607078501531987
Silvia,silvia,main,1654,wspd,Wind speed (m/s),2018-07-25T09:00:00.000000000,2018-07-28T06:00:00.000000000,24,3.0,32.54919907001931,5.663703388921249,19.10645122947028,12.217635161734961
Silvia,silvia,main,1655,wspd,Wind speed (m/s),2018-07-22T00:00:00.000000000,2018-07-25T03:00:00.000000000,26,3.25,18.99385751554746,5.057889530186003,12.025873522866732,4.607078501531987
Silvia,silvia,main,1655,wspd,Wind speed (m/s),2018-07-25T09:00:00.000000000,2018-07-28T06:00:00.000000000,24,3.0,32.54919907001931,5.663703388921249,19.10645122947028,12.217635161734961
Silvia,silvia,main,1656,wspd,Wind speed (m/s),2018-07-25T09:00:00.000000000,2018-07-28T06:00:00.000000000,24,3.0,32.54919907001931,5.663703388921249,19.10645122947028,12.217635161734961
Silvia,silvia,main,1662,wspd,Wind speed (m/s),2018-09-07T12:00:00.000000000,2018-09-10T21:00:00.000000000,28,3.5,4.080176498129049,0.165897539669416,2.1230370188992325,1.0986609775414422
Silvia,silvia,main,1663,wspd,Wind speed (m/s),2018-09-07T12:00:00.000000000,2018-09-10T21:00:00.000000000,28,3.5,4.080176498129049,0.165897539669416,2.1230370188992325,1.0986609775414422
Silvia,silvia,main,1663,wspd,Wind speed (m/s),2018-09-15T15:00:00.000000000,2018-09-20T03:00:00.000000000,37,4.625,10.406643754349716,4.589227695721775,7.497935725035745,0.9903949666904737
Silvia,silvia,main,1664,wspd,Wind speed (m/s),2018-09-07T12:00:00.000000000,2018-09-10T21:00:00.000000000,28,3.5,4.080176498129049,0.165897539669416,2.1230370188992325,1.0986609775414422
Silvia,silvia,main,1664,wspd,Wind speed (m/s),2018-09-15T15:00:00.000000000,2018-09-20T03:00:00.000000000,37,4.625,10.406643754349716,4.589227695721775,7.497935725035745,0.9903949666904737
Silvia,silvia,main,1665,wspd,Wind speed (m/s),2018-09-15T15:00:00.000000000,2018-09-20T03:00:00.000000000,37,4.625,10.406643754349716,4.589227695721775,7.497935725035745,0.9903949666904737
Silvia,silvia,main,1666,wspd,Wind speed (m/s),2018-09-15T15:00:00.000000000,2018-09-20T03:00:00.000000000,37,4.625,10.406643754349716,4.589227695721775,7.497935725035745,0.9903949666904737
Silvia,silvia,main,1667,wspd,Wind speed (m/s),2018-10-06T09:00:00.000000000,2018-10-09T09:00:00.000000000,25,3.125,10.157547844234614,16.00805037586315,13.082799110048882,1.9336990797103226
Silvia,silvia,main,1668,wspd,Wind speed (m/s),2018-10-06T09:00:00.000000000,2018-10-09T09:00:00.000000000,25,3.125,10.157547844234614,16.00805037586315,13.082799110048882,1.9336990797103226
Silvia,silvia,main,1669,wspd,Wind speed (m/s),2018-10-06T09:00:00.000000000,2018-10-09T09:00:00.000000000,25,3.125,10.157547844234614,16.00805037586315,13.082799110048882,1.9336990797103226
Silvia,silvia,main,1670,wspd,Wind speed (m/s),2018-10-06T09:00:00.000000000,2018-10-09T09:00:00.000000000,25,3.125,10.157547844234614,16.00805037586315,13.082799110048882,1.9336990797103226
Silvia,silvia,main,1681,wspd,Wind speed (m/s),2018-12-14T09:00:00.000000000,2018-12-21T15:00:00.000000000,59,7.375,3.73998216139114,9.00657792203765,6.373280041714395,1.6605503514251723
Silvia,silvia,main,1682,wspd,Wind speed (m/s),2018-12-14T09:00:00.000000000,2018-12-21T15:00:00.000000000,59,7.375,3.73998216139114,9.00657792203765,6.373280041714395,1.6605503514251723
Silvia,silvia,main,1682,wspd,Wind speed (m/s),2018-12-23T09:00:00.000000000,2018-12-26T09:00:00.000000000,25,3.125,10.592915564578107,9.811303111137704,10.202109337857905,6.270887805659868
Silvia,silvia,main,1683,wspd,Wind speed (m/s),2018-12-14T09:00:00.000000000,2018-12-21T15:00:00.000000000,59,7.375,3.73998216139114,9.00657792203765,6.373280041714395,1.6605503514251723
Silvia,silvia,main,1683,wspd,Wind speed (m/s),2018-12-23T09:00:00.000000000,2018-12-26T09:00:00.000000000,25,3.125,10.592915564578107,9.811303111137704,10.202109337857905,6.270887805659868
Silvia,silvia,main,1684,wspd,Wind speed (m/s),2018-12-23T09:00:00.000000000,2018-12-26T09:00:00.000000000,25,3.125,10.592915564578107,9.811303111137704,10.202109337857905,6.270887805659868
Silvia,silvia,main,1690,wspd,Wind speed (m/s),2019-02-01T12:00:00.000000000,2019-02-04T21:00:00.000000000,28,3.5,11.482551411615532,5.332273343304678,8.407412377460105,1.8557440827715936
Silvia,silvia,main,1691,wspd,Wind speed (m/s),2019-02-01T12:00:00.000000000,2019-02-04T21:00:00.000000000,28,3.5,11.482551411615532,5.332273343304678,8.407412377460105,1.8557440827715936
Silvia,silvia,main,1692,wspd,Wind speed (m/s),2019-02-01T12:00:00.000000000,2019-02-04T21:00:00.000000000,28,3.5,11.482551411615532,5.332273343304678,8.407412377460105,1.8557440827715936
Silvia,silvia,main,1697,wspd,Wind speed (m/s),2019-03-11T03:00:00.000000000,2019-03-14T12:00:00.000000000,28,3.5,1.7643487546690722,0.7080081077156137,1.236178431192343,0.7254575584338454
Silvia,silvia,main,1698,wspd,Wind speed (m/s),2019-03-11T03:00:00.000000000,2019-03-14T12:00:00.000000000,28,3.5,1.7643487546690722,0.7080081077156137,1.236178431192343,0.7254575584338454
Silvia,silvia,main,1699,wspd,Wind speed (m/s),2019-03-11T03:00:00.000000000,2019-03-14T12:00:00.000000000,28,3.5,1.7643487546690722,0.7080081077156137,1.236178431192343,0.7254575584338454
Silvia,silvia,main,1699,wspd,Wind speed (m/s),2019-03-23T06:00:00.000000000,2019-03-26T12:00:00.000000000,27,3.375,6.130154605118605,3.1963403587811854,4.663247481949895,2.763405774551302
Silvia,silvia,main,1700,wspd,Wind speed (m/s),2019-03-23T06:00:00.000000000,2019-03-26T12:00:00.000000000,27,3.375,6.130154605118605,3.1963403587811854,4.663247481949895,2.763405774551302
Silvia,silvia,main,1701,wspd,Wind speed (m/s),2019-03-23T06:00:00.000000000,2019-03-26T12:00:00.000000000,27,3.375,6.130154605118605,3.1963403587811854,4.663247481949895,2.763405774551302
Silvia,silvia,main,1704,wspd,Wind speed (m/s),2019-04-16T09:00:00.000000000,2019-04-19T06:00:00.000000000,24,3.0,6.13857483237166,7.968714169515806,7.053644500943733,4.7290961469639115
Silvia,silvia,main,1705,wspd,Wind speed (m/s),2019-04-16T09:00:00.000000000,2019-04-19T06:00:00.000000000,24,3.0,6.13857483237166,7.968714169515806,7.053644500943733,4.7290961469639115
Silvia,silvia,main,1706,wspd,Wind speed (m/s),2019-04-16T09:00:00.000000000,2019-04-19T06:00:00.000000000,24,3.0,6.13857483237166,7.968714169515806,7.053644500943733,4.7290961469639115
Silvia,silvia,main,1708,wspd,Wind speed (m/s),2019-05-05T12:00:00.000000000,2019-05-09T09:00:00.000000000,32,4.0,35.01552990855453,0.94049082906281,17.97801036880867,8.572339566811024
Silvia,silvia,main,1709,wspd,Wind speed (m/s),2019-05-05T12:00:00.000000000,2019-05-09T09:00:00.000000000,32,4.0,35.01552990855453,0.94049082906281,17.97801036880867,8.572339566811024
Silvia,silvia,main,1710,wspd,Wind speed (m/s),2019-05-05T12:00:00.000000000,2019-05-09T09:00:00.000000000,32,4.0,35.01552990855453,0.94049082906281,17.97801036880867,8.572339566811024
Silvia,silvia,main,1713,wspd,Wind speed (m/s),2019-06-05T06:00:00.000000000,2019-06-08T03:00:00.000000000,24,3.0,15.619965324005534,2.8267863273179046,9.22337582566172,6.06891693403395
Silvia,silvia,main,1714,wspd,Wind speed (m/s),2019-06-05T06:00:00.000000000,2019-06-08T03:00:00.000000000,24,3.0,15.619965324005534,2.8267863273179046,9.22337582566172,6.06891693403395
Silvia,silvia,main,1715,wspd,Wind speed (m/s),2019-06-05T06:00:00.000000000,2019-06-08T03:00:00.000000000,24,3.0,15.619965324005534,2.8267863273179046,9.22337582566172,6.06891693403395
Silvia,silvia,main,1715,wspd,Wind speed (m/s),2019-06-15T15:00:00.000000000,2019-06-18T21:00:00.000000000,27,3.375,6.4344640616254765,5.8299555565174614,6.132209809071469,3.591573836030989
Silvia,silvia,main,1716,wspd,Wind speed (m/s),2019-06-05T06:00:00.000000000,2019-06-08T03:00:00.000000000,24,3.0,15.619965324005534,2.8267863273179046,9.22337582566172,6.06891693403395
Silvia,silvia,main,1716,wspd,Wind speed (m/s),2019-06-15T15:00:00.000000000,2019-06-18T21:00:00.000000000,27,3.375,6.4344640616254765,5.8299555565174614,6.132209809071469,3.591573836030989
Silvia,silvia,main,1717,wspd,Wind speed (m/s),2019-06-15T15:00:00.000000000,2019-06-18T21:00:00.000000000,27,3.375,6.4344640616254765,5.8299555565174614,6.132209809071469,3.591573836030989
Silvia,silvia,main,1718,wspd,Wind speed (m/s),2019-06-15T15:00:00.000000000,2019-06-18T21:00:00.000000000,27,3.375,6.4344640616254765,5.8299555565174614,6.132209809071469,3.591573836030989
Silvia,silvia,main,1718,wspd,Wind speed (m/s),2019-07-01T06:00:00.000000000,2019-07-04T03:00:00.000000000,24,3.0,9.212638310846842,6.26746362633412,7.740050968590481,0.9683914967404803
Silvia,silvia,main,1719,wspd,Wind speed (m/s),2019-07-01T06:00:00.000000000,2019-07-04T03:00:00.000000000,24,3.0,9.212638310846842,6.26746362633412,7.740050968590481,0.9683914967404803
Silvia,silvia,main,1720,wspd,Wind speed (m/s),2019-07-01T06:00:00.000000000,2019-07-04T03:00:00.000000000,24,3.0,9.212638310846842,6.26746362633412,7.740050968590481,0.9683914967404803
Silvia,silvia,main,1721,wspd,Wind speed (m/s),2019-11-02T18:00:00.000000000,2019-11-06T12:00:00.000000000,31,3.875,5.002660157489345,2.2476022839777556,3.62513122073355,0.7190472719016725
Silvia,silvia,main,1722,wspd,Wind speed (m/s),2019-11-02T18:00:00.000000000,2019-11-06T12:00:00.000000000,31,3.875,5.002660157489345,2.2476022839777556,3.62513122073355,0.7190472719016725
Silvia,silvia,main,1723,wspd,Wind speed (m/s),2019-11-02T18:00:00.000000000,2019-11-06T12:00:00.000000000,31,3.875,5.002660157489345,2.2476022839777556,3.62513122073355,0.7190472719016725
Silvia,silvia,main,1725,wspd,Wind speed (m/s),2019-11-22T09:00:00.000000000,2019-11-25T15:00:00.000000000,27,3.375,2.4539032326212578,2.2155095446611313,2.3347063886411945,0.14470908485543532
Silvia,silvia,main,1726,wspd,Wind speed (m/s),2019-11-22T09:00:00.000000000,2019-11-25T15:00:00.000000000,27,3.375,2.4539032326212578,2.2155095446611313,2.3347063886411945,0.14470908485543532
Silvia,silvia,main,1727,wspd,Wind speed (m/s),2019-11-22T09:00:00.000000000,2019-11-25T15:00:00.000000000,27,3.375,2.4539032326212578,2.2155095446611313,2.3347063886411945,0.14470908485543532
Silvia,silvia,main,1727,wspd,Wind speed (m/s),2019-12-03T00:00:00.000000000,2019-12-06T18:00:00.000000000,31,3.875,8.07102426704796,2.5963850815896876,5.333704674318824,2.63191197080414
Silvia,silvia,main,1728,wspd,Wind speed (m/s),2019-12-03T00:00:00.000000000,2019-12-06T18:00:00.000000000,31,3.875,8.07102426704796,2.5963850815896876,5.333704674318824,2.63191197080414
Silvia,silvia,main,1729,wspd,Wind speed (m/s),2019-12-03T00:00:00.000000000,2019-12-06T18:00:00.000000000,31,3.875,8.07102426704796,2.5963850815896876,5.333704674318824,2.63191197080414
Silvia,silvia,main,1729,wspd,Wind speed (m/s),2019-12-15T00:00:00.000000000,2019-12-18T00:00:00.000000000,25,3.125,5.373180543129138,5.051509630159217,5.212345086644177,0.12755004683191373
Silvia,silvia,main,1730,wspd,Wind speed (m/s),2019-12-15T00:00:00.000000000,2019-12-18T00:00:00.000000000,25,3.125,5.373180543129138,5.051509630159217,5.212345086644177,0.12755004683191373
Silvia,silvia,main,1731,wspd,Wind speed (m/s),2019-12-15T00:00:00.000000000,2019-12-18T00:00:00.000000000,25,3.125,5.373180543129138,5.051509630159217,5.212345086644177,0.12755004683191373
Silvia,silvia,main,1745,wspd,Wind speed (m/s),2020-03-07T21:00:00.000000000,2020-03-12T21:00:00.000000000,41,5.125,2.721408458846099,3.4351374592529282,3.0782729590495137,1.2523809273483835
Silvia,silvia,main,1746,wspd,Wind speed (m/s),2020-03-07T21:00:00.000000000,2020-03-12T21:00:00.000000000,41,5.125,2.721408458846099,3.4351374592529282,3.0782729590495137,1.2523809273483835
Silvia,silvia,main,1747,wspd,Wind speed (m/s),2020-03-07T21:00:00.000000000,2020-03-12T21:00:00.000000000,41,5.125,2.721408458846099,3.4351374592529282,3.0782729590495137,1.2523809273483835
Silvia,silvia,main,1752,wspd,Wind speed (m/s),2020-04-13T15:00:00.000000000,2020-04-19T03:00:00.000000000,45,5.625,9.213258701998484,1.8754736292351595,5.544366165616822,1.3044951293222482
Silvia,silvia,main,1753,wspd,Wind speed (m/s),2020-04-13T15:00:00.000000000,2020-04-19T03:00:00.000000000,45,5.625,9.213258701998484,1.8754736292351595,5.544366165616822,1.3044951293222482
Silvia,silvia,main,1754,wspd,Wind speed (m/s),2020-04-13T15:00:00.000000000,2020-04-19T03:00:00.000000000,45,5.625,9.213258701998484,1.8754736292351595,5.544366165616822,1.3044951293222482
Silvia,silvia,main,1754,wspd,Wind speed (m/s),2020-04-19T18:00:00.000000000,2020-04-25T06:00:00.000000000,45,5.625,6.9849333321644735,2.863750245016263,4.924341788590368,1.770200689164767
Silvia,silvia,main,1755,wspd,Wind speed (m/s),2020-04-19T18:00:00.000000000,2020-04-25T06:00:00.000000000,45,5.625,6.9849333321644735,2.863750245016263,4.924341788590368,1.770200689164767
Silvia,silvia,main,1758,wspd,Wind speed (m/s),2020-05-13T15:00:00.000000000,2020-05-18T15:00:00.000000000,41,5.125,4.396179061739986,25.831656856421432,15.113917959080709,4.08497123545817
Silvia,silvia,main,1759,wspd,Wind speed (m/s),2020-05-13T15:00:00.000000000,2020-05-18T15:00:00.000000000,41,5.125,4.396179061739986,25.831656856421432,15.113917959080709,4.08497123545817
Silvia,silvia,main,1760,wspd,Wind speed (m/s),2020-05-13T15:00:00.000000000,2020-05-18T15:00:00.000000000,41,5.125,4.396179061739986,25.831656856421432,15.113917959080709,4.08497123545817
Silvia,silvia,main,1762,wspd,Wind speed (m/s),2020-06-02T03:00:00.000000000,2020-06-09T03:00:00.000000000,57,7.125,11.824533804279781,13.411826089531132,12.618179946905457,0.22035789242864467
Silvia,silvia,main,1763,wspd,Wind speed (m/s),2020-06-02T03:00:00.000000000,2020-06-09T03:00:00.000000000,57,7.125,11.824533804279781,13.411826089531132,12.618179946905457,0.22035789242864467
Silvia,silvia,main,1763,wspd,Wind speed (m/s),2020-06-11T06:00:00.000000000,2020-06-14T21:00:00.000000000,30,3.75,12.70110725231416,17.86707651774259,15.284091885028374,1.3689897748215003
Silvia,silvia,main,1764,wspd,Wind speed (m/s),2020-06-02T03:00:00.000000000,2020-06-09T03:00:00.000000000,57,7.125,11.824533804279781,13.411826089531132,12.618179946905457,0.22035789242864467
Silvia,silvia,main,1764,wspd,Wind speed (m/s),2020-06-11T06:00:00.000000000,2020-06-14T21:00:00.000000000,30,3.75,12.70110725231416,17.86707651774259,15.284091885028374,1.3689897748215003
Silvia,silvia,main,1765,wspd,Wind speed (m/s),2020-06-11T06:00:00.000000000,2020-06-14T21:00:00.000000000,30,3.75,12.70110725231416,17.86707651774259,15.284091885028374,1.3689897748215003
Sofia,sofia,main,832,wspd,Wind speed (m/s),1999-07-06T03:00:00.000000000,1999-07-10T21:00:00.000000000,39,4.875,0.9544980584677205,6.196705483280539,3.5756017708741297,1.0701964186205828
Sofia,sofia,main,833,wspd,Wind speed (m/s),1999-07-06T03:00:00.000000000,1999-07-10T21:00:00.000000000,39,4.875,0.9544980584677205,6.196705483280539,3.5756017708741297,1.0701964186205828
Sofia,sofia,main,834,wspd,Wind speed (m/s),1999-07-06T03:00:00.000000000,1999-07-10T21:00:00.000000000,39,4.875,0.9544980584677205,6.196705483280539,3.5756017708741297,1.0701964186205828
Sofia,sofia,main,835,wspd,Wind speed (m/s),1999-07-27T03:00:00.000000000,1999-07-30T12:00:00.000000000,28,3.5,37.12136284380995,7.701307224644324,22.411335034227136,7.9722326736186915
Sofia,sofia,main,836,wspd,Wind speed (m/s),1999-07-27T03:00:00.000000000,1999-07-30T12:00:00.000000000,28,3.5,37.12136284380995,7.701307224644324,22.411335034227136,7.9722326736186915
Sofia,sofia,main,837,wspd,Wind speed (m/s),1999-07-27T03:00:00.000000000,1999-07-30T12:00:00.000000000,28,3.5,37.12136284380995,7.701307224644324,22.411335034227136,7.9722326736186915
Sofia,sofia,main,837,wspd,Wind speed (m/s),1999-08-06T12:00:00.000000000,1999-08-09T18:00:00.000000000,27,3.375,10.585374646824675,12.314735239697711,11.450054943261193,0.5018212271645979
Sofia,sofia,main,838,wspd,Wind speed (m/s),1999-07-27T03:00:00.000000000,1999-07-30T12:00:00.000000000,28,3.5,37.12136284380995,7.701307224644324,22.411335034227136,7.9722326736186915
Sofia,sofia,main,838,wspd,Wind speed (m/s),1999-08-06T12:00:00.000000000,1999-08-09T18:00:00.000000000,27,3.375,10.585374646824675,12.314735239697711,11.450054943261193,0.5018212271645979
Sofia,sofia,main,839,wspd,Wind speed (m/s),1999-08-06T12:00:00.000000000,1999-08-09T18:00:00.000000000,27,3.375,10.585374646824675,12.314735239697711,11.450054943261193,0.5018212271645979
Sofia,sofia,main,840,wspd,Wind speed (m/s),1999-08-06T12:00:00.000000000,1999-08-09T18:00:00.000000000,27,3.375,10.585374646824675,12.314735239697711,11.450054943261193,0.5018212271645979
Sofia,sofia,main,845,wspd,Wind speed (m/s),1999-09-08T21:00:00.000000000,1999-09-17T03:00:00.000000000,67,8.375,6.050747702969375,1.346174257167661,3.6984609800685178,0.5599841637354501
Sofia,sofia,main,846,wspd,Wind speed (m/s),1999-09-08T21:00:00.000000000,1999-09-17T03:00:00.000000000,67,8.375,6.050747702969375,1.346174257167661,3.6984609800685178,0.5599841637354501
Sofia,sofia,main,850,wspd,Wind speed (m/s),1999-10-11T15:00:00.000000000,1999-10-16T18:00:00.000000000,42,5.25,1.93032965939949,11.333882901803008,6.632106280601249,1.7734343197796534
Sofia,sofia,main,851,wspd,Wind speed (m/s),1999-10-11T15:00:00.000000000,1999-10-16T18:00:00.000000000,42,5.25,1.93032965939949,11.333882901803008,6.632106280601249,1.7734343197796534
Sofia,sofia,main,852,wspd,Wind speed (m/s),1999-10-11T15:00:00.000000000,1999-10-16T18:00:00.000000000,42,5.25,1.93032965939949,11.333882901803008,6.632106280601249,1.7734343197796534
Sofia,sofia,main,854,wspd,Wind speed (m/s),1999-11-01T03:00:00.000000000,1999-11-06T09:00:00.000000000,43,5.375,1.6943398288889284,3.053886205846311,2.3741130173676197,0.8960758870227892
Sofia,sofia,main,855,wspd,Wind speed (m/s),1999-11-01T03:00:00.000000000,1999-11-06T09:00:00.000000000,43,5.375,1.6943398288889284,3.053886205846311,2.3741130173676197,0.8960758870227892
Sofia,sofia,main,856,wspd,Wind speed (m/s),1999-11-01T03:00:00.000000000,1999-11-06T09:00:00.000000000,43,5.375,1.6943398288889284,3.053886205846311,2.3741130173676197,0.8960758870227892
Sofia,sofia,main,883,wspd,Wind speed (m/s),2000-03-28T12:00:00.000000000,2000-04-02T15:00:00.000000000,42,5.25,14.16908059364323,0.24983547334255718,7.2094580334928935,2.7420304506423463
Sofia,sofia,main,884,wspd,Wind speed (m/s),2000-03-28T12:00:00.000000000,2000-04-02T15:00:00.000000000,42,5.25,14.16908059364323,0.24983547334255718,7.2094580334928935,2.7420304506423463
Sofia,sofia,main,885,wspd,Wind speed (m/s),2000-03-28T12:00:00.000000000,2000-04-02T15:00:00.000000000,42,5.25,14.16908059364323,0.24983547334255718,7.2094580334928935,2.7420304506423463
Sofia,sofia,main,899,wspd,Wind speed (m/s),2000-11-07T03:00:00.000000000,2000-11-10T06:00:00.000000000,26,3.25,11.740868360011063,3.4846908859642554,7.612779622987659,4.616411273524932
Sofia,sofia,main,900,wspd,Wind speed (m/s),2000-11-07T03:00:00.000000000,2000-11-10T06:00:00.000000000,26,3.25,11.740868360011063,3.4846908859642554,7.612779622987659,4.616411273524932
Sofia,sofia,main,901,wspd,Wind speed (m/s),2000-11-07T03:00:00.000000000,2000-11-10T06:00:00.000000000,26,3.25,11.740868360011063,3.4846908859642554,7.612779622987659,4.616411273524932
Sofia,sofia,main,968,wspd,Wind speed (m/s),2001-11-05T00:00:00.000000000,2001-11-08T00:00:00.000000000,25,3.125,7.550697776800234,2.0864743573784494,4.818586067089342,3.071587294812275
Sofia,sofia,main,969,wspd,Wind speed (m/s),2001-11-05T00:00:00.000000000,2001-11-08T00:00:00.000000000,25,3.125,7.550697776800234,2.0864743573784494,4.818586067089342,3.071587294812275
Sofia,sofia,main,970,wspd,Wind speed (m/s),2001-11-05T00:00:00.000000000,2001-11-08T00:00:00.000000000,25,3.125,7.550697776800234,2.0864743573784494,4.818586067089342,3.071587294812275
Sofia,sofia,main,988,wspd,Wind speed (m/s),2002-02-20T06:00:00.000000000,2002-02-23T18:00:00.000000000,29,3.625,0.7171642581459992,20.978845851089318,10.848005054617659,5.359544598836919
Sofia,sofia,main,989,wspd,Wind speed (m/s),2002-02-20T06:00:00.000000000,2002-02-23T18:00:00.000000000,29,3.625,0.7171642581459992,20.978845851089318,10.848005054617659,5.359544598836919
Sofia,sofia,main,990,wspd,Wind speed (m/s),2002-02-20T06:00:00.000000000,2002-02-23T18:00:00.000000000,29,3.625,0.7171642581459992,20.978845851089318,10.848005054617659,5.359544598836919
Sofia,sofia,main,991,wspd,Wind speed (m/s),2002-02-20T06:00:00.000000000,2002-02-23T18:00:00.000000000,29,3.625,0.7171642581459992,20.978845851089318,10.848005054617659,5.359544598836919
Sofia,sofia,main,991,wspd,Wind speed (m/s),2002-03-05T21:00:00.000000000,2002-03-09T00:00:00.000000000,26,3.25,6.716417912898578,4.631131952754231,5.673774932826404,3.38898953682758
Sofia,sofia,main,992,wspd,Wind speed (m/s),2002-03-05T21:00:00.000000000,2002-03-09T00:00:00.000000000,26,3.25,6.716417912898578,4.631131952754231,5.673774932826404,3.38898953682758
Sofia,sofia,main,993,wspd,Wind speed (m/s),2002-03-05T21:00:00.000000000,2002-03-09T00:00:00.000000000,26,3.25,6.716417912898578,4.631131952754231,5.673774932826404,3.38898953682758
Sofia,sofia,main,998,wspd,Wind speed (m/s),2002-04-13T03:00:00.000000000,2002-04-16T03:00:00.000000000,25,3.125,5.802608967773949,2.156925786643285,3.979767377208617,1.178926298467843
Sofia,sofia,main,999,wspd,Wind speed (m/s),2002-04-13T03:00:00.000000000,2002-04-16T03:00:00.000000000,25,3.125,5.802608967773949,2.156925786643285,3.979767377208617,1.178926298467843
Sofia,sofia,main,1000,wspd,Wind speed (m/s),2002-04-13T03:00:00.000000000,2002-04-16T03:00:00.000000000,25,3.125,5.802608967773949,2.156925786643285,3.979767377208617,1.178926298467843
Sofia,sofia,main,1000,wspd,Wind speed (m/s),2002-04-25T00:00:00.000000000,2002-04-27T21:00:00.000000000,24,3.0,11.645225568202477,0.9387676609865139,6.291996614594495,3.4354859544865803
Sofia,sofia,main,1001,wspd,Wind speed (m/s),2002-04-13T03:00:00.000000000,2002-04-16T03:00:00.000000000,25,3.125,5.802608967773949,2.156925786643285,3.979767377208617,1.178926298467843
Sofia,sofia,main,1001,wspd,Wind speed (m/s),2002-04-25T00:00:00.000000000,2002-04-27T21:00:00.000000000,24,3.0,11.645225568202477,0.9387676609865139,6.291996614594495,3.4354859544865803
Sofia,sofia,main,1001,wspd,Wind speed (m/s),2002-04-28T03:00:00.000000000,2002-05-02T00:00:00.000000000,32,4.0,1.3030429867171733,5.348021149721262,3.3255320682192178,1.693069293132453
Sofia,sofia,main,1002,wspd,Wind speed (m/s),2002-04-25T00:00:00.000000000,2002-04-27T21:00:00.000000000,24,3.0,11.645225568202477,0.9387676609865139,6.291996614594495,3.4354859544865803
Sofia,sofia,main,1002,wspd,Wind speed (m/s),2002-04-28T03:00:00.000000000,2002-05-02T00:00:00.000000000,32,4.0,1.3030429867171733,5.348021149721262,3.3255320682192178,1.693069293132453
Sofia,sofia,main,1003,wspd,Wind speed (m/s),2002-04-25T00:00:00.000000000,2002-04-27T21:00:00.000000000,24,3.0,11.645225568202477,0.9387676609865139,6.291996614594495,3.4354859544865803
Sofia,sofia,main,1003,wspd,Wind speed (m/s),2002-04-28T03:00:00.000000000,2002-05-02T00:00:00.000000000,32,4.0,1.3030429867171733,5.348021149721262,3.3255320682192178,1.693069293132453
Sofia,sofia,main,1004,wspd,Wind speed (m/s),2002-05-13T18:00:00.000000000,2002-05-17T06:00:00.000000000,29,3.625,17.76434860576137,0.33194012742313816,9.048144366592254,4.835757528762201
Sofia,sofia,main,1005,wspd,Wind speed (m/s),2002-05-13T18:00:00.000000000,2002-05-17T06:00:00.000000000,29,3.625,17.76434860576137,0.33194012742313816,9.048144366592254,4.835757528762201
Sofia,sofia,main,1006,wspd,Wind speed (m/s),2002-05-13T18:00:00.000000000,2002-05-17T06:00:00.000000000,29,3.625,17.76434860576137,0.33194012742313816,9.048144366592254,4.835757528762201
Sofia,sofia,main,1009,wspd,Wind speed (m/s),2002-06-10T03:00:00.000000000,2002-06-13T15:00:00.000000000,29,3.625,19.532650771391673,35.527765358690885,27.53020806504128,4.41244502137863
Sofia,sofia,main,1010,wspd,Wind speed (m/s),2002-06-10T03:00:00.000000000,2002-06-13T15:00:00.000000000,29,3.625,19.532650771391673,35.527765358690885,27.53020806504128,4.41244502137863
Sofia,sofia,main,1011,wspd,Wind speed (m/s),2002-06-10T03:00:00.000000000,2002-06-13T15:00:00.000000000,29,3.625,19.532650771391673,35.527765358690885,27.53020806504128,4.41244502137863
Sofia,sofia,main,1011,wspd,Wind speed (m/s),2002-06-16T15:00:00.000000000,2002-06-22T21:00:00.000000000,51,6.375,5.659944958036249,4.78869326328379,5.224319110660019,0.1427001332786091
Sofia,sofia,main,1012,wspd,Wind speed (m/s),2002-06-10T03:00:00.000000000,2002-06-13T15:00:00.000000000,29,3.625,19.532650771391673,35.527765358690885,27.53020806504128,4.41244502137863
Sofia,sofia,main,1012,wspd,Wind speed (m/s),2002-06-16T15:00:00.000000000,2002-06-22T21:00:00.000000000,51,6.375,5.659944958036249,4.78869326328379,5.224319110660019,0.1427001332786091
Sofia,sofia,main,1013,wspd,Wind speed (m/s),2002-06-16T15:00:00.000000000,2002-06-22T21:00:00.000000000,51,6.375,5.659944958036249,4.78869326328379,5.224319110660019,0.1427001332786091
Sofia,sofia,main,1016,wspd,Wind speed (m/s),2002-07-16T18:00:00.000000000,2002-07-20T00:00:00.000000000,27,3.375,18.724011420566512,7.226633293478926,12.97532235702272,7.297545901268222
Sofia,sofia,main,1017,wspd,Wind speed (m/s),2002-07-16T18:00:00.000000000,2002-07-20T00:00:00.000000000,27,3.375,18.724011420566512,7.226633293478926,12.97532235702272,7.297545901268222
Sofia,sofia,main,1018,wspd,Wind speed (m/s),2002-07-16T18:00:00.000000000,2002-07-20T00:00:00.000000000,27,3.375,18.724011420566512,7.226633293478926,12.97532235702272,7.297545901268222
Sofia,sofia,main,1019,wspd,Wind speed (m/s),2002-07-16T18:00:00.000000000,2002-07-20T00:00:00.000000000,27,3.375,18.724011420566512,7.226633293478926,12.97532235702272,7.297545901268222
Sofia,sofia,main,1019,wspd,Wind speed (m/s),2002-07-29T03:00:00.000000000,2002-08-01T12:00:00.000000000,28,3.5,11.233888509202188,3.8643889458090825,7.549138727505635,2.115423517755005
Sofia,sofia,main,1019,wspd,Wind speed (m/s),2002-08-02T00:00:00.000000000,2002-08-05T18:00:00.000000000,31,3.875,15.320559489805419,4.763806715372198,10.042183102588808,2.7162588957613707
Sofia,sofia,main,1020,wspd,Wind speed (m/s),2002-07-29T03:00:00.000000000,2002-08-01T12:00:00.000000000,28,3.5,11.233888509202188,3.8643889458090825,7.549138727505635,2.115423517755005
Sofia,sofia,main,1020,wspd,Wind speed (m/s),2002-08-02T00:00:00.000000000,2002-08-05T18:00:00.000000000,31,3.875,15.320559489805419,4.763806715372198,10.042183102588808,2.7162588957613707
Sofia,sofia,main,1021,wspd,Wind speed (m/s),2002-08-02T00:00:00.000000000,2002-08-05T18:00:00.000000000,31,3.875,15.320559489805419,4.763806715372198,10.042183102588808,2.7162588957613707
Sofia,sofia,main,1021,wspd,Wind speed (m/s),2002-08-06T00:00:00.000000000,2002-08-17T09:00:00.000000000,92,11.5,6.135798265441963,4.690271055810626,5.413034660626295,0.12476302464954969
Sofia,sofia,main,1034,wspd,Wind speed (m/s),2002-10-23T00:00:00.000000000,2002-10-25T21:00:00.000000000,24,3.0,5.025994777943538,0.8078853856602564,2.916940081801897,1.9579600137896591
Sofia,sofia,main,1035,wspd,Wind speed (m/s),2002-10-23T00:00:00.000000000,2002-10-25T21:00:00.000000000,24,3.0,5.025994777943538,0.8078853856602564,2.916940081801897,1.9579600137896591
Sofia,sofia,main,1036,wspd,Wind speed (m/s),2002-10-23T00:00:00.000000000,2002-10-25T21:00:00.000000000,24,3.0,5.025994777943538,0.8078853856602564,2.916940081801897,1.9579600137896591
Thurston Island,thurston_island,main,551,wspd,Wind speed (m/s),2020-03-07T03:00:00.000000000,2020-03-10T09:00:00.000000000,27,3.375,0.5261851509229984,23.205986780265448,11.866085965594223,6.726992416773101
Thurston Island,thurston_island,main,552,wspd,Wind speed (m/s),2020-03-07T03:00:00.000000000,2020-03-10T09:00:00.000000000,27,3.375,0.5261851509229984,23.205986780265448,11.866085965594223,6.726992416773101
Thurston Island,thurston_island,main,553,wspd,Wind speed (m/s),2020-03-07T03:00:00.000000000,2020-03-10T09:00:00.000000000,27,3.375,0.5261851509229984,23.205986780265448,11.866085965594223,6.726992416773101
Thurston Island,thurston_island,main,598,wspd,Wind speed (m/s),2020-11-10T00:00:00.000000000,2020-11-13T15:00:00.000000000,30,3.75,0.07820980044743919,6.309450813204194,3.1938303068258165,1.5666017655549354
Thurston Island,thurston_island,main,599,wspd,Wind speed (m/s),2020-11-10T00:00:00.000000000,2020-11-13T15:00:00.000000000,30,3.75,0.07820980044743919,6.309450813204194,3.1938303068258165,1.5666017655549354
Thurston Island,thurston_island,main,600,wspd,Wind speed (m/s),2020-11-10T00:00:00.000000000,2020-11-13T15:00:00.000000000,30,3.75,0.07820980044743919,6.309450813204194,3.1938303068258165,1.5666017655549354
Thurston Island,thurston_island,main,620,wspd,Wind speed (m/s),2021-03-04T06:00:00.000000000,2021-03-08T15:00:00.000000000,36,4.5,3.148744645984607,0.07559212961882622,1.6121683878017166,0.6954982841477602
Thurston Island,thurston_island,main,621,wspd,Wind speed (m/s),2021-03-04T06:00:00.000000000,2021-03-08T15:00:00.000000000,36,4.5,3.148744645984607,0.07559212961882622,1.6121683878017166,0.6954982841477602
Thurston Island,thurston_island,main,622,wspd,Wind speed (m/s),2021-03-04T06:00:00.000000000,2021-03-08T15:00:00.000000000,36,4.5,3.148744645984607,0.07559212961882622,1.6121683878017166,0.6954982841477602
Thurston Island,thurston_island,main,625,wspd,Wind speed (m/s),2021-03-31T06:00:00.000000000,2021-04-04T12:00:00.000000000,35,4.375,17.015456721152532,2.55226007745523,9.783858399303881,3.2741275968880927
Thurston Island,thurston_island,main,626,wspd,Wind speed (m/s),2021-03-31T06:00:00.000000000,2021-04-04T12:00:00.000000000,35,4.375,17.015456721152532,2.55226007745523,9.783858399303881,3.2741275968880927
Thurston Island,thurston_island,main,627,wspd,Wind speed (m/s),2021-03-31T06:00:00.000000000,2021-04-04T12:00:00.000000000,35,4.375,17.015456721152532,2.55226007745523,9.783858399303881,3.2741275968880927
Thurston Island,thurston_island,main,634,wspd,Wind speed (m/s),2021-05-15T15:00:00.000000000,2021-05-18T18:00:00.000000000,26,3.25,9.358942370708974,2.634465703361002,5.996704037034988,2.0633717505539266
Thurston Island,thurston_island,main,635,wspd,Wind speed (m/s),2021-05-15T15:00:00.000000000,2021-05-18T18:00:00.000000000,26,3.25,9.358942370708974,2.634465703361002,5.996704037034988,2.0633717505539266
Thurston Island,thurston_island,main,636,wspd,Wind speed (m/s),2021-05-15T15:00:00.000000000,2021-05-18T18:00:00.000000000,26,3.25,9.358942370708974,2.634465703361002,5.996704037034988,2.0633717505539266
Thurston Island,thurston_island,main,645,wspd,Wind speed (m/s),2021-07-08T21:00:00.000000000,2021-07-15T12:00:00.000000000,54,6.75,0.822324673188632,6.01532083600182,3.418822754595226,1.0199879411499069
Thurston Island,thurston_island,main,646,wspd,Wind speed (m/s),2021-07-08T21:00:00.000000000,2021-07-15T12:00:00.000000000,54,6.75,0.822324673188632,6.01532083600182,3.418822754595226,1.0199879411499069
Thurston Island,thurston_island,main,649,wspd,Wind speed (m/s),2021-08-04T03:00:00.000000000,2021-08-09T06:00:00.000000000,42,5.25,5.948695890733006,15.115318903589468,10.532007397161237,3.920941714120545
Thurston Island,thurston_island,main,650,wspd,Wind speed (m/s),2021-08-04T03:00:00.000000000,2021-08-09T06:00:00.000000000,42,5.25,5.948695890733006,15.115318903589468,10.532007397161237,3.920941714120545
Thurston Island,thurston_island,main,651,wspd,Wind speed (m/s),2021-08-04T03:00:00.000000000,2021-08-09T06:00:00.000000000,42,5.25,5.948695890733006,15.115318903589468,10.532007397161237,3.920941714120545
Thurston Island,thurston_island,main,656,wspd,Wind speed (m/s),2021-09-08T09:00:00.000000000,2021-09-15T15:00:00.000000000,59,7.375,32.00790652410706,4.83789882781366,18.42290267596036,3.618080047984904
Thurston Island,thurston_island,main,657,wspd,Wind speed (m/s),2021-09-08T09:00:00.000000000,2021-09-15T15:00:00.000000000,59,7.375,32.00790652410706,4.83789882781366,18.42290267596036,3.618080047984904
Thurston Island,thurston_island,main,658,wspd,Wind speed (m/s),2021-09-08T09:00:00.000000000,2021-09-15T15:00:00.000000000,59,7.375,32.00790652410706,4.83789882781366,18.42290267596036,3.618080047984904
Thurston Island,thurston_island,main,662,wspd,Wind speed (m/s),2021-10-11T00:00:00.000000000,2021-10-14T18:00:00.000000000,31,3.875,0.23584802681875772,0.40367871006458245,0.3197633684416701,0.1747165898056693
Thurston Island,thurston_island,main,663,wspd,Wind speed (m/s),2021-10-11T00:00:00.000000000,2021-10-14T18:00:00.000000000,31,3.875,0.23584802681875772,0.40367871006458245,0.3197633684416701,0.1747165898056693
Thurston Island,thurston_island,main,664,wspd,Wind speed (m/s),2021-10-11T00:00:00.000000000,2021-10-14T18:00:00.000000000,31,3.875,0.23584802681875772,0.40367871006458245,0.3197633684416701,0.1747165898056693
Thurston Island,thurston_island,main,666,wspd,Wind speed (m/s),2021-11-01T15:00:00.000000000,2021-11-07T03:00:00.000000000,45,5.625,2.2693299014335366,5.129000916364703,3.6991654088991197,0.45891742028112503
Thurston Island,thurston_island,main,667,wspd,Wind speed (m/s),2021-11-01T15:00:00.000000000,2021-11-07T03:00:00.000000000,45,5.625,2.2693299014335366,5.129000916364703,3.6991654088991197,0.45891742028112503
Thurston Island,thurston_island,main,668,wspd,Wind speed (m/s),2021-11-01T15:00:00.000000000,2021-11-07T03:00:00.000000000,45,5.625,2.2693299014335366,5.129000916364703,3.6991654088991197,0.45891742028112503
Thurston Island,thurston_island,main,669,wspd,Wind speed (m/s),2021-11-13T06:00:00.000000000,2021-11-18T06:00:00.000000000,41,5.125,4.140507638469671,1.8177278740611769,2.979117756265424,1.1309913488259724
Thurston Island,thurston_island,main,669,wspd,Wind speed (m/s),2021-11-18T18:00:00.000000000,2021-11-22T00:00:00.000000000,27,3.375,1.2043495163782154,2.6612197552494763,1.9327846358138459,0.2983321776764569
Thurston Island,thurston_island,main,670,wspd,Wind speed (m/s),2021-11-13T06:00:00.000000000,2021-11-18T06:00:00.000000000,41,5.125,4.140507638469671,1.8177278740611769,2.979117756265424,1.1309913488259724
Thurston Island,thurston_island,main,670,wspd,Wind speed (m/s),2021-11-18T18:00:00.000000000,2021-11-22T00:00:00.000000000,27,3.375,1.2043495163782154,2.6612197552494763,1.9327846358138459,0.2983321776764569
Thurston Island,thurston_island,main,671,wspd,Wind speed (m/s),2021-11-13T06:00:00.000000000,2021-11-18T06:00:00.000000000,41,5.125,4.140507638469671,1.8177278740611769,2.979117756265424,1.1309913488259724
Thurston Island,thurston_island,main,671,wspd,Wind speed (m/s),2021-11-18T18:00:00.000000000,2021-11-22T00:00:00.000000000,27,3.375,1.2043495163782154,2.6612197552494763,1.9327846358138459,0.2983321776764569
Thurston Island,thurston_island,main,672,wspd,Wind speed (m/s),2021-11-18T18:00:00.000000000,2021-11-22T00:00:00.000000000,27,3.375,1.2043495163782154,2.6612197552494763,1.9327846358138459,0.2983321776764569
Up Thwaites Glacier,up_thwaites_glacier,main,500,wspd,Wind speed (m/s),2018-06-25T12:00:00.000000000,2018-07-02T06:00:00.000000000,55,6.875,2.4244137621957975,8.343546906711708,5.383980334453753,0.8362894880964404
Up Thwaites Glacier,up_thwaites_glacier,main,560,wspd,Wind speed (m/s),2019-05-18T00:00:00.000000000,2019-05-21T09:00:00.000000000,28,3.5,3.2214437270697545,0.017553271278302418,1.6194984991740284,0.9222939019646788
Up Thwaites Glacier,up_thwaites_glacier,main,561,wspd,Wind speed (m/s),2019-05-18T00:00:00.000000000,2019-05-21T09:00:00.000000000,28,3.5,3.2214437270697545,0.017553271278302418,1.6194984991740284,0.9222939019646788
Up Thwaites Glacier,up_thwaites_glacier,main,562,wspd,Wind speed (m/s),2019-05-18T00:00:00.000000000,2019-05-21T09:00:00.000000000,28,3.5,3.2214437270697545,0.017553271278302418,1.6194984991740284,0.9222939019646788
Up Thwaites Glacier,up_thwaites_glacier,main,564,wspd,Wind speed (m/s),2019-05-31T00:00:00.000000000,2019-06-13T03:00:00.000000000,106,13.25,0.09521089194817023,1.8737528351045967,0.9844818635263834,0.13049126668109778
Up Thwaites Glacier,up_thwaites_glacier,main,572,wspd,Wind speed (m/s),2019-07-21T00:00:00.000000000,2019-07-24T00:00:00.000000000,25,3.125,0.12605865499071456,1.7342971338939606,0.9301778944423376,0.5337755258792072
Up Thwaites Glacier,up_thwaites_glacier,main,573,wspd,Wind speed (m/s),2019-07-21T00:00:00.000000000,2019-07-24T00:00:00.000000000,25,3.125,0.12605865499071456,1.7342971338939606,0.9301778944423376,0.5337755258792072
Up Thwaites Glacier,up_thwaites_glacier,main,574,wspd,Wind speed (m/s),2019-07-21T00:00:00.000000000,2019-07-24T00:00:00.000000000,25,3.125,0.12605865499071456,1.7342971338939606,0.9301778944423376,0.5337755258792072
Up Thwaites Glacier,up_thwaites_glacier,main,575,wspd,Wind speed (m/s),2019-08-06T00:00:00.000000000,2019-08-10T06:00:00.000000000,35,4.375,1.2540032818625377,4.289437598838958,2.771720440350748,1.2702467681482403
Up Thwaites Glacier,up_thwaites_glacier,main,576,wspd,Wind speed (m/s),2019-08-06T00:00:00.000000000,2019-08-10T06:00:00.000000000,35,4.375,1.2540032818625377,4.289437598838958,2.771720440350748,1.2702467681482403
Up Thwaites Glacier,up_thwaites_glacier,main,577,wspd,Wind speed (m/s),2019-08-06T00:00:00.000000000,2019-08-10T06:00:00.000000000,35,4.375,1.2540032818625377,4.289437598838958,2.771720440350748,1.2702467681482403
Up Thwaites Glacier,up_thwaites_glacier,main,579,wspd,Wind speed (m/s),2019-08-25T00:00:00.000000000,2019-08-30T15:00:00.000000000,46,5.75,3.006427232323972,2.2196987675652053,2.6130629999445887,0.1556938065526765
Up Thwaites Glacier,up_thwaites_glacier,main,580,wspd,Wind speed (m/s),2019-08-25T00:00:00.000000000,2019-08-30T15:00:00.000000000,46,5.75,3.006427232323972,2.2196987675652053,2.6130629999445887,0.1556938065526765
Up Thwaites Glacier,up_thwaites_glacier,main,581,wspd,Wind speed (m/s),2019-08-25T00:00:00.000000000,2019-08-30T15:00:00.000000000,46,5.75,3.006427232323972,2.2196987675652053,2.6130629999445887,0.1556938065526765
Up Thwaites Glacier,up_thwaites_glacier,main,582,wspd,Wind speed (m/s),2019-09-03T06:00:00.000000000,2019-09-13T15:00:00.000000000,84,10.5,8.584198533590325,0.9273765197797275,4.755787526685026,0.7167841103025694
Up Thwaites Glacier,up_thwaites_glacier,main,583,wspd,Wind speed (m/s),2019-09-03T06:00:00.000000000,2019-09-13T15:00:00.000000000,84,10.5,8.584198533590325,0.9273765197797275,4.755787526685026,0.7167841103025694
Up Thwaites Glacier,up_thwaites_glacier,main,584,wspd,Wind speed (m/s),2019-09-17T15:00:00.000000000,2019-09-25T06:00:00.000000000,62,7.75,3.0320376754211793,0.6715329063122226,1.851785290866701,0.4823859708404399
Up Thwaites Glacier,up_thwaites_glacier,main,585,wspd,Wind speed (m/s),2019-09-17T15:00:00.000000000,2019-09-25T06:00:00.000000000,62,7.75,3.0320376754211793,0.6715329063122226,1.851785290866701,0.4823859708404399
Up Thwaites Glacier,up_thwaites_glacier,main,618,wspd,Wind speed (m/s),2020-03-20T06:00:00.000000000,2020-03-23T15:00:00.000000000,28,3.5,1.1792023092251043,3.3026029176962766,2.2409026134606904,1.3130280398661114
Up Thwaites Glacier,up_thwaites_glacier,main,619,wspd,Wind speed (m/s),2020-03-20T06:00:00.000000000,2020-03-23T15:00:00.000000000,28,3.5,1.1792023092251043,3.3026029176962766,2.2409026134606904,1.3130280398661114
Up Thwaites Glacier,up_thwaites_glacier,main,620,wspd,Wind speed (m/s),2020-03-20T06:00:00.000000000,2020-03-23T15:00:00.000000000,28,3.5,1.1792023092251043,3.3026029176962766,2.2409026134606904,1.3130280398661114
Up Thwaites Glacier,up_thwaites_glacier,main,621,wspd,Wind speed (m/s),2020-03-20T06:00:00.000000000,2020-03-23T15:00:00.000000000,28,3.5,1.1792023092251043,3.3026029176962766,2.2409026134606904,1.3130280398661114
Vito,vito,main,919,q,Specific humidity (g/kg),2018-12-04T18:00:00.000000000,2018-12-07T18:00:00.000000000,25,3.125,0.17785781334853112,0.3900471796235472,0.28395249648603915,0.17228884943440903
Vito,vito,main,920,q,Specific humidity (g/kg),2018-12-04T18:00:00.000000000,2018-12-07T18:00:00.000000000,25,3.125,0.17785781334853112,0.3900471796235472,0.28395249648603915,0.17228884943440903
Vito,vito,main,921,q,Specific humidity (g/kg),2018-12-04T18:00:00.000000000,2018-12-07T18:00:00.000000000,25,3.125,0.17785781334853112,0.3900471796235472,0.28395249648603915,0.17228884943440903
Vito,vito,main,926,P,Pressure (hPa),2019-01-08T12:00:00.000000000,2019-01-13T00:00:00.000000000,37,4.625,1.4853051267564297,2.6040686639025807,2.044686895329505,0.2993626571533241
Vito,vito,main,926,q,Specific humidity (g/kg),2019-01-08T12:00:00.000000000,2019-01-13T00:00:00.000000000,37,4.625,0.4039876330613694,0.13952205977564347,0.27175484641850645,0.0601572857666417
Vito,vito,main,927,P,Pressure (hPa),2019-01-08T12:00:00.000000000,2019-01-13T00:00:00.000000000,37,4.625,1.4853051267564297,2.6040686639025807,2.044686895329505,0.2993626571533241
Vito,vito,main,927,q,Specific humidity (g/kg),2019-01-08T12:00:00.000000000,2019-01-13T00:00:00.000000000,37,4.625,0.4039876330613694,0.13952205977564347,0.27175484641850645,0.0601572857666417
Vito,vito,main,928,P,Pressure (hPa),2019-01-08T12:00:00.000000000,2019-01-13T00:00:00.000000000,37,4.625,1.4853051267564297,2.6040686639025807,2.044686895329505,0.2993626571533241
Vito,vito,main,928,q,Specific humidity (g/kg),2019-01-08T12:00:00.000000000,2019-01-13T00:00:00.000000000,37,4.625,0.4039876330613694,0.13952205977564347,0.27175484641850645,0.0601572857666417
Vito,vito,main,936,P,Pressure (hPa),2019-03-05T15:00:00.000000000,2019-03-10T00:00:00.000000000,36,4.5,4.510827197955223,3.6909360338759143,4.1008816159155685,0.1443599606564021
Vito,vito,main,936,q,Specific humidity (g/kg),2019-03-05T15:00:00.000000000,2019-03-10T00:00:00.000000000,36,4.5,0.1093056477653338,0.03587182838007408,0.07258873807270394,0.033514100956845816
Vito,vito,main,937,P,Pressure (hPa),2019-03-05T15:00:00.000000000,2019-03-10T00:00:00.000000000,36,4.5,4.510827197955223,3.6909360338759143,4.1008816159155685,0.1443599606564021
Vito,vito,main,937,q,Specific humidity (g/kg),2019-03-05T15:00:00.000000000,2019-03-10T00:00:00.000000000,36,4.5,0.1093056477653338,0.03587182838007408,0.07258873807270394,0.033514100956845816
Vito,vito,main,938,P,Pressure (hPa),2019-03-05T15:00:00.000000000,2019-03-10T00:00:00.000000000,36,4.5,4.510827197955223,3.6909360338759143,4.1008816159155685,0.1443599606564021
Vito,vito,main,938,q,Specific humidity (g/kg),2019-03-05T15:00:00.000000000,2019-03-10T00:00:00.000000000,36,4.5,0.1093056477653338,0.03587182838007408,0.07258873807270394,0.033514100956845816
Vito,vito,main,939,P,Pressure (hPa),2019-03-14T00:00:00.000000000,2019-03-24T09:00:00.000000000,84,10.5,3.9384690881415736,0.9129683771752752,2.4257187326584244,0.4341425535358212
Vito,vito,main,939,q,Specific humidity (g/kg),2019-03-11T12:00:00.000000000,2019-03-24T09:00:00.000000000,104,13.0,0.4086659735645348,0.6747960335189447,0.5417310035417398,0.020190351268157825
Vito,vito,main,940,P,Pressure (hPa),2019-03-14T00:00:00.000000000,2019-03-24T09:00:00.000000000,84,10.5,3.9384690881415736,0.9129683771752752,2.4257187326584244,0.4341425535358212
Vito,vito,main,940,P,Pressure (hPa),2019-03-25T09:00:00.000000000,2019-03-31T21:00:00.000000000,53,6.625,1.3382132257393096,0.14914782339474186,0.7436805245670257,0.2172173774206385
Vito,vito,main,940,q,Specific humidity (g/kg),2019-03-25T03:00:00.000000000,2019-03-31T21:00:00.000000000,55,6.875,0.490369525134021,0.10522155965293223,0.2977955423934766,0.08376543156065264
Vito,vito,main,941,P,Pressure (hPa),2019-03-25T09:00:00.000000000,2019-03-31T21:00:00.000000000,53,6.625,1.3382132257393096,0.14914782339474186,0.7436805245670257,0.2172173774206385
Vito,vito,main,941,q,Specific humidity (g/kg),2019-03-25T03:00:00.000000000,2019-03-31T21:00:00.000000000,55,6.875,0.490369525134021,0.10522155965293223,0.2977955423934766,0.08376543156065264
Vito,vito,main,942,P,Pressure (hPa),2019-03-25T09:00:00.000000000,2019-03-31T21:00:00.000000000,53,6.625,1.3382132257393096,0.14914782339474186,0.7436805245670257,0.2172173774206385
Vito,vito,main,942,q,Specific humidity (g/kg),2019-03-25T03:00:00.000000000,2019-03-31T21:00:00.000000000,55,6.875,0.490369525134021,0.10522155965293223,0.2977955423934766,0.08376543156065264
Vito,vito,main,972,wspd,Wind speed (m/s),2019-09-05T00:00:00.000000000,2019-09-11T21:00:00.000000000,56,7.0,1.1821084935918407,1.5866529025338423,1.3843806980628415,0.04751638344332321
Vito,vito,main,973,wspd,Wind speed (m/s),2019-09-05T00:00:00.000000000,2019-09-11T21:00:00.000000000,56,7.0,1.1821084935918407,1.5866529025338423,1.3843806980628415,0.04751638344332321
Vito,vito,main,984,P,Pressure (hPa),2019-11-11T00:00:00.000000000,2019-11-15T09:00:00.000000000,36,4.5,1.3751664279552642,0.00902469822904095,0.6920955630921526,0.3118022599736605
Vito,vito,main,984,q,Specific humidity (g/kg),2019-11-10T21:00:00.000000000,2019-11-15T15:00:00.000000000,39,4.875,0.07558167858895004,0.10730540013859624,0.09144353936377314,0.005727820049639787
Vito,vito,main,985,P,Pressure (hPa),2019-11-11T00:00:00.000000000,2019-11-15T09:00:00.000000000,36,4.5,1.3751664279552642,0.00902469822904095,0.6920955630921526,0.3118022599736605
Vito,vito,main,985,q,Specific humidity (g/kg),2019-11-10T21:00:00.000000000,2019-11-15T15:00:00.000000000,39,4.875,0.07558167858895004,0.10730540013859624,0.09144353936377314,0.005727820049639787
Vito,vito,main,986,P,Pressure (hPa),2019-11-11T00:00:00.000000000,2019-11-15T09:00:00.000000000,36,4.5,1.3751664279552642,0.00902469822904095,0.6920955630921526,0.3118022599736605
Vito,vito,main,986,q,Specific humidity (g/kg),2019-11-10T21:00:00.000000000,2019-11-15T15:00:00.000000000,39,4.875,0.07558167858895004,0.10730540013859624,0.09144353936377314,0.005727820049639787
Vito,vito,main,999,P,Pressure (hPa),2020-01-27T18:00:00.000000000,2020-02-01T06:00:00.000000000,37,4.625,1.018231602909509,2.005619030096568,1.5119253165030386,0.2203171351442279
Vito,vito,main,999,q,Specific humidity (g/kg),2020-01-27T18:00:00.000000000,2020-02-01T06:00:00.000000000,37,4.625,0.1864603663420752,0.2289176445787362,0.2076890054604057,0.006136533448206194
Vito,vito,main,1000,P,Pressure (hPa),2020-01-27T18:00:00.000000000,2020-02-01T06:00:00.000000000,37,4.625,1.018231602909509,2.005619030096568,1.5119253165030386,0.2203171351442279
Vito,vito,main,1000,q,Specific humidity (g/kg),2020-01-27T18:00:00.000000000,2020-02-01T06:00:00.000000000,37,4.625,0.1864603663420752,0.2289176445787362,0.2076890054604057,0.006136533448206194
Vito,vito,main,1001,P,Pressure (hPa),2020-01-27T18:00:00.000000000,2020-02-01T06:00:00.000000000,37,4.625,1.018231602909509,2.005619030096568,1.5119253165030386,0.2203171351442279
Vito,vito,main,1001,q,Specific humidity (g/kg),2020-01-27T18:00:00.000000000,2020-02-01T06:00:00.000000000,37,4.625,0.1864603663420752,0.2289176445787362,0.2076890054604057,0.006136533448206194
Vito,vito,main,1004,P,Pressure (hPa),2020-02-20T00:00:00.000000000,2020-02-27T09:00:00.000000000,60,7.5,1.0442910865531303,0.34043404544354416,0.6923625659983372,0.2067064742650473
Vito,vito,main,1004,q,Specific humidity (g/kg),2020-02-19T18:00:00.000000000,2020-02-27T15:00:00.000000000,64,8.0,0.2857744824921511,0.11147124855146551,0.1986228655218083,0.0495209050229537
Vito,vito,main,1005,P,Pressure (hPa),2020-02-20T00:00:00.000000000,2020-02-27T09:00:00.000000000,60,7.5,1.0442910865531303,0.34043404544354416,0.6923625659983372,0.2067064742650473
Vito,vito,main,1005,q,Specific humidity (g/kg),2020-02-19T18:00:00.000000000,2020-02-27T15:00:00.000000000,64,8.0,0.2857744824921511,0.11147124855146551,0.1986228655218083,0.0495209050229537
Vito,vito,main,1040,P,Pressure (hPa),2020-08-31T06:00:00.000000000,2020-09-03T03:00:00.000000000,24,3.0,0.1392259954009205,0.5195983355515637,0.3294121654762421,0.7316079881638871
Vito,vito,main,1040,q,Specific humidity (g/kg),2020-08-31T00:00:00.000000000,2020-09-03T09:00:00.000000000,28,3.5,0.26103929310799856,0.07463329937953489,0.16783629624376672,0.054943012535312086
Vito,vito,main,1041,P,Pressure (hPa),2020-08-31T06:00:00.000000000,2020-09-03T03:00:00.000000000,24,3.0,0.1392259954009205,0.5195983355515637,0.3294121654762421,0.7316079881638871
Vito,vito,main,1041,q,Specific humidity (g/kg),2020-08-31T00:00:00.000000000,2020-09-03T09:00:00.000000000,28,3.5,0.26103929310799856,0.07463329937953489,0.16783629624376672,0.054943012535312086
Vito,vito,main,1042,P,Pressure (hPa),2020-08-31T06:00:00.000000000,2020-09-03T03:00:00.000000000,24,3.0,0.1392259954009205,0.5195983355515637,0.3294121654762421,0.7316079881638871
Vito,vito,main,1042,q,Specific humidity (g/kg),2020-08-31T00:00:00.000000000,2020-09-03T09:00:00.000000000,28,3.5,0.26103929310799856,0.07463329937953489,0.16783629624376672,0.054943012535312086
