station_id,month,variable_index,variable,station_bias,station_std,station_mae,station_log_count,station_month_bias,station_month_std,station_month_mae,station_month_log_count
butcher_ridge,1,0,T,0.3259521722793579,0.2705700993537903,0.35594800114631653,0.9412473700286098,0.30864015221595764,0.16361813247203827,0.31158074736595154,0.741587369490439
butcher_ridge,2,0,T,0.3259521722793579,0.2705700993537903,0.35594800114631653,0.9412473700286098,0.27055639028549194,0.21139994263648987,0.28892087936401367,0.7262686701596143
butcher_ridge,3,0,T,0.3259521722793579,0.2705700993537903,0.35594800114631653,0.9412473700286098,0.35346540808677673,0.29121464490890503,0.38556140661239624,0.738728888408784
butcher_ridge,4,0,T,0.3259521722793579,0.2705700993537903,0.35594800114631653,0.9412473700286098,0.3660794794559479,0.2972215712070465,0.4006647765636444,0.7335059447112737
butcher_ridge,5,0,T,0.3259521722793579,0.2705700993537903,0.35594800114631653,0.9412473700286098,0.34366247057914734,0.3181712031364441,0.39096254110336304,0.7210498190352034
butcher_ridge,6,0,T,0.3259521722793579,0.2705700993537903,0.35594800114631653,0.9412473700286098,0.3993774354457855,0.3262862265110016,0.43534889817237854,0.7232901745383297
butcher_ridge,7,0,T,0.3259521722793579,0.2705700993537903,0.35594800114631653,0.9412473700286098,0.35863885283470154,0.3094674050807953,0.3957541286945343,0.7261318337851357
butcher_ridge,8,0,T,0.3259521722793579,0.2705700993537903,0.35594800114631653,0.9412473700286098,0.2858354151248932,0.31408408284187317,0.352424293756485,0.7289857173740618
butcher_ridge,9,0,T,0.3259521722793579,0.2705700993537903,0.35594800114631653,0.9412473700286098,0.3216254711151123,0.32207009196281433,0.3715686798095703,0.7331164478343383
butcher_ridge,10,0,T,0.3259521722793579,0.2705700993537903,0.35594800114631653,0.9412473700286098,0.27725937962532043,0.2513977587223053,0.31128954887390137,0.7444060518276144
butcher_ridge,11,0,T,0.3259521722793579,0.2705700993537903,0.35594800114631653,0.9412473700286098,0.343947172164917,0.2072378545999527,0.35211819410324097,0.7520109390379196
butcher_ridge,12,0,T,0.3259521722793579,0.2705700993537903,0.35594800114631653,0.9412473700286098,0.2923632264137268,0.164962038397789,0.29799309372901917,0.7353653108546717
butcher_ridge,1,1,RH,0.38238289952278137,0.6444909572601318,0.6376513838768005,0.9594429490783329,-0.2107776254415512,0.5809201598167419,0.49517005681991577,0.7668674168041586
butcher_ridge,2,1,RH,0.38238289952278137,0.6444909572601318,0.6376513838768005,0.9594429490783329,0.15062235295772552,0.5616403222084045,0.46993008255958557,0.7516890718101806
butcher_ridge,3,1,RH,0.38238289952278137,0.6444909572601318,0.6376513838768005,0.9594429490783329,0.598240315914154,0.4822178781032562,0.6644777059555054,0.7501532581165703
butcher_ridge,4,1,RH,0.38238289952278137,0.6444909572601318,0.6376513838768005,0.9594429490783329,0.7326902151107788,0.4024505913257599,0.7526028156280518,0.7504401906840298
butcher_ridge,5,1,RH,0.38238289952278137,0.6444909572601318,0.6376513838768005,0.9594429490783329,0.6986299157142639,0.4913429319858551,0.7607409954071045,0.7424475337664554
butcher_ridge,6,1,RH,0.38238289952278137,0.6444909572601318,0.6376513838768005,0.9594429490783329,0.6678571701049805,0.475227415561676,0.73275226354599,0.74226718291379
butcher_ridge,7,1,RH,0.38238289952278137,0.6444909572601318,0.6376513838768005,0.9594429490783329,0.715267539024353,0.46927812695503235,0.7705780267715454,0.7453683159421596
butcher_ridge,8,1,RH,0.38238289952278137,0.6444909572601318,0.6376513838768005,0.9594429490783329,0.6254363059997559,0.5001554489135742,0.7015887498855591,0.7482112008402767
butcher_ridge,9,1,RH,0.38238289952278137,0.6444909572601318,0.6376513838768005,0.9594429490783329,0.7469136118888855,0.48085838556289673,0.8007549047470093,0.7552403252090256
butcher_ridge,10,1,RH,0.38238289952278137,0.6444909572601318,0.6376513838768005,0.9594429490783329,0.530762255191803,0.48111316561698914,0.602657675743103,0.7563531156210584
butcher_ridge,11,1,RH,0.38238289952278137,0.6444909572601318,0.6376513838768005,0.9594429490783329,-0.15060120820999146,0.5610191226005554,0.4668584167957306,0.7553175482733572
butcher_ridge,12,1,RH,0.38238289952278137,0.6444909572601318,0.6376513838768005,0.9594429490783329,-0.22309207916259766,0.6069685816764832,0.5160412192344666,0.7606070664032382
butcher_ridge,1,2,wspd,0.15585657954216003,0.6712637543678284,0.4978117346763611,0.9132587791359486,0.13616357743740082,0.5438929200172424,0.4069366455078125,0.7540341254024968
butcher_ridge,2,2,wspd,0.15585657954216003,0.6712637543678284,0.4978117346763611,0.9132587791359486,0.2505137324333191,0.7214274406433105,0.5529594421386719,0.7334056035392066
butcher_ridge,3,2,wspd,0.15585657954216003,0.6712637543678284,0.4978117346763611,0.9132587791359486,0.24009649455547333,0.7621834874153137,0.5993021130561829,0.7295265450209055
butcher_ridge,4,2,wspd,0.15585657954216003,0.6712637543678284,0.4978117346763611,0.9132587791359486,0.056155454367399216,0.6720130443572998,0.5111407041549683,0.69559303008656
butcher_ridge,5,2,wspd,0.15585657954216003,0.6712637543678284,0.4978117346763611,0.9132587791359486,0.1558004766702652,0.7985710501670837,0.5847685933113098,0.674455189541765
butcher_ridge,6,2,wspd,0.15585657954216003,0.6712637543678284,0.4978117346763611,0.9132587791359486,0.14373405277729034,0.7228697538375854,0.5365738272666931,0.638929854609929
butcher_ridge,7,2,wspd,0.15585657954216003,0.6712637543678284,0.4978117346763611,0.9132587791359486,0.02628326788544655,0.684478223323822,0.49474021792411804,0.575729564942935
butcher_ridge,8,2,wspd,0.15585657954216003,0.6712637543678284,0.4978117346763611,0.9132587791359486,0.13873668015003204,0.7073177099227905,0.5125901699066162,0.6182317402292329
butcher_ridge,9,2,wspd,0.15585657954216003,0.6712637543678284,0.4978117346763611,0.9132587791359486,0.14285729825496674,0.7496353387832642,0.5503255128860474,0.6617153189253536
butcher_ridge,10,2,wspd,0.15585657954216003,0.6712637543678284,0.4978117346763611,0.9132587791359486,0.14923842251300812,0.6858848333358765,0.4972043037414551,0.7285611556108473
butcher_ridge,11,2,wspd,0.15585657954216003,0.6712637543678284,0.4978117346763611,0.9132587791359486,0.1426311582326889,0.6464692950248718,0.48290660977363586,0.7344656003725033
butcher_ridge,12,2,wspd,0.15585657954216003,0.6712637543678284,0.4978117346763611,0.9132587791359486,0.1276169717311859,0.5423344969749451,0.406124085187912,0.7479691820242089
butcher_ridge,1,3,P,-0.20394298434257507,0.023508325219154358,0.20394298434257507,0.9594429490783329,-0.1933588981628418,0.012521272525191307,0.1933588981628418,0.7668674168041586
butcher_ridge,2,3,P,-0.20394298434257507,0.023508325219154358,0.20394298434257507,0.9594429490783329,-0.19634895026683807,0.014514940790832043,0.19634895026683807,0.7516890718101806
butcher_ridge,3,3,P,-0.20394298434257507,0.023508325219154358,0.20394298434257507,0.9594429490783329,-0.19990864396095276,0.019148681312799454,0.19990864396095276,0.7501532581165703
butcher_ridge,4,3,P,-0.20394298434257507,0.023508325219154358,0.20394298434257507,0.9594429490783329,-0.20596854388713837,0.023678112775087357,0.20596854388713837,0.7504401906840298
butcher_ridge,5,3,P,-0.20394298434257507,0.023508325219154358,0.20394298434257507,0.9594429490783329,-0.20743562281131744,0.023761127144098282,0.20743562281131744,0.7424475337664554
butcher_ridge,6,3,P,-0.20394298434257507,0.023508325219154358,0.20394298434257507,0.9594429490783329,-0.20837955176830292,0.026327306404709816,0.20837955176830292,0.74226718291379
butcher_ridge,7,3,P,-0.20394298434257507,0.023508325219154358,0.20394298434257507,0.9594429490783329,-0.21180497109889984,0.02707667089998722,0.21180497109889984,0.7453683159421596
butcher_ridge,8,3,P,-0.20394298434257507,0.023508325219154358,0.20394298434257507,0.9594429490783329,-0.21711912751197815,0.03232046589255333,0.21711912751197815,0.7482112008402767
butcher_ridge,9,3,P,-0.20394298434257507,0.023508325219154358,0.20394298434257507,0.9594429490783329,-0.21790620684623718,0.02950207330286503,0.21790620684623718,0.7552403252090256
butcher_ridge,10,3,P,-0.20394298434257507,0.023508325219154358,0.20394298434257507,0.9594429490783329,-0.2020413875579834,0.020003659650683403,0.2020413875579834,0.7563531156210584
butcher_ridge,11,3,P,-0.20394298434257507,0.023508325219154358,0.20394298434257507,0.9594429490783329,-0.19796720147132874,0.014979006722569466,0.19796720147132874,0.7553175482733572
butcher_ridge,12,3,P,-0.20394298434257507,0.023508325219154358,0.20394298434257507,0.9594429490783329,-0.19399334490299225,0.0128840496763587,0.19399334490299225,0.7606070664032382
butcher_ridge,1,4,q,0.20010271668434143,0.17049816250801086,0.20558713376522064,0.9412473700286098,0.2874447703361511,0.2379136085510254,0.3082161247730255,0.741587369490439
butcher_ridge,2,4,q,0.20010271668434143,0.17049816250801086,0.20558713376522064,0.9412473700286098,0.23046618700027466,0.17666509747505188,0.23381607234477997,0.7262686701596143
butcher_ridge,3,4,q,0.20010271668434143,0.17049816250801086,0.20558713376522064,0.9412473700286098,0.22487115859985352,0.16507093608379364,0.2258816510438919,0.738728888408784
butcher_ridge,4,4,q,0.20010271668434143,0.17049816250801086,0.20558713376522064,0.9412473700286098,0.18706676363945007,0.13229747116565704,0.187463641166687,0.7335059447112737
butcher_ridge,5,4,q,0.20010271668434143,0.17049816250801086,0.20558713376522064,0.9412473700286098,0.17157714068889618,0.1341833472251892,0.1722443401813507,0.7210498190352034
butcher_ridge,6,4,q,0.20010271668434143,0.17049816250801086,0.20558713376522064,0.9412473700286098,0.15693289041519165,0.12896773219108582,0.1575564593076706,0.7232901745383297
butcher_ridge,7,4,q,0.20010271668434143,0.17049816250801086,0.20558713376522064,0.9412473700286098,0.1278509497642517,0.10059386491775513,0.12815462052822113,0.7261318337851357
butcher_ridge,8,4,q,0.20010271668434143,0.17049816250801086,0.20558713376522064,0.9412473700286098,0.1379387527704239,0.12315699458122253,0.13891729712486267,0.7289857173740618
butcher_ridge,9,4,q,0.20010271668434143,0.17049816250801086,0.20558713376522064,0.9412473700286098,0.14770159125328064,0.13925445079803467,0.1482408195734024,0.7331164478343383
butcher_ridge,10,4,q,0.20010271668434143,0.17049816250801086,0.20558713376522064,0.9412473700286098,0.2027721405029297,0.1346258819103241,0.20419272780418396,0.7444060518276144
butcher_ridge,11,4,q,0.20010271668434143,0.17049816250801086,0.20558713376522064,0.9412473700286098,0.22350303828716278,0.17272883653640747,0.2303006500005722,0.7520109390379196
butcher_ridge,12,4,q,0.20010271668434143,0.17049816250801086,0.20558713376522064,0.9412473700286098,0.2688032388687134,0.2298290729522705,0.29417532682418823,0.7353653108546717
mount_sidley,1,0,T,0.6347431540489197,0.2891538441181183,0.6358009576797485,0.9290205958968988,0.31293585896492004,0.18389387428760529,0.3157622516155243,0.6892530721494129
mount_sidley,2,0,T,0.6347431540489197,0.2891538441181183,0.6358009576797485,0.9290205958968988,0.4914495050907135,0.2019343376159668,0.4919623136520386,0.6951771052777992
mount_sidley,3,0,T,0.6347431540489197,0.2891538441181183,0.6358009576797485,0.9290205958968988,0.6389011740684509,0.24888171255588531,0.6412615776062012,0.7434325463541139
mount_sidley,4,0,T,0.6347431540489197,0.2891538441181183,0.6358009576797485,0.9290205958968988,0.7733423709869385,0.23767073452472687,0.7733423709869385,0.7403495527560228
mount_sidley,5,0,T,0.6347431540489197,0.2891538441181183,0.6358009576797485,0.9290205958968988,0.7614745497703552,0.25447896122932434,0.7617753148078918,0.7413138836713404
mount_sidley,6,0,T,0.6347431540489197,0.2891538441181183,0.6358009576797485,0.9290205958968988,0.7030272483825684,0.2638902962207794,0.7037789225578308,0.7347501203054883
mount_sidley,7,0,T,0.6347431540489197,0.2891538441181183,0.6358009576797485,0.9290205958968988,0.7668552994728088,0.27452602982521057,0.7670131325721741,0.728027393444409
mount_sidley,8,0,T,0.6347431540489197,0.2891538441181183,0.6358009576797485,0.9290205958968988,0.7450945973396301,0.2533641457557678,0.7451640963554382,0.7263506642626544
mount_sidley,9,0,T,0.6347431540489197,0.2891538441181183,0.6358009576797485,0.9290205958968988,0.7448322772979736,0.26882946491241455,0.7448322772979736,0.7130665371673831
mount_sidley,10,0,T,0.6347431540489197,0.2891538441181183,0.6358009576797485,0.9290205958968988,0.6083939075469971,0.24587884545326233,0.6100292205810547,0.7189269375657027
mount_sidley,11,0,T,0.6347431540489197,0.2891538441181183,0.6358009576797485,0.9290205958968988,0.43258407711982727,0.21480903029441833,0.43326276540756226,0.7190463049391416
mount_sidley,12,0,T,0.6347431540489197,0.2891538441181183,0.6358009576797485,0.9290205958968988,0.28808870911598206,0.1845739185810089,0.2934812605381012,0.6889326821610121
mount_sidley,1,1,RH,-0.7926328182220459,0.733647346496582,0.8519143462181091,0.938331642232831,-0.5157578587532043,0.5553213953971863,0.5959165692329407,0.7293290881715512
mount_sidley,2,1,RH,-0.7926328182220459,0.733647346496582,0.8519143462181091,0.938331642232831,-0.6202870011329651,0.6263582706451416,0.7061010003089905,0.7293554427996435
mount_sidley,3,1,RH,-0.7926328182220459,0.733647346496582,0.8519143462181091,0.938331642232831,-0.7684451937675476,0.6866735219955444,0.8166261911392212,0.7371000946116321
mount_sidley,4,1,RH,-0.7926328182220459,0.733647346496582,0.8519143462181091,0.938331642232831,-0.999505341053009,0.7635658383369446,1.0321341753005981,0.7339185796604565
mount_sidley,5,1,RH,-0.7926328182220459,0.733647346496582,0.8519143462181091,0.938331642232831,-0.8871002197265625,0.7719957232475281,0.9472123980522156,0.7370520569487752
mount_sidley,6,1,RH,-0.7926328182220459,0.733647346496582,0.8519143462181091,0.938331642232831,-0.8705211877822876,0.8436968922615051,0.935563862323761,0.7342670989635739
mount_sidley,7,1,RH,-0.7926328182220459,0.733647346496582,0.8519143462181091,0.938331642232831,-0.9616808891296387,0.7893697619438171,0.9934509992599487,0.7366667554869494
mount_sidley,8,1,RH,-0.7926328182220459,0.733647346496582,0.8519143462181091,0.938331642232831,-0.9440115094184875,0.7809945940971375,0.988070011138916,0.7348858524250295
mount_sidley,9,1,RH,-0.7926328182220459,0.733647346496582,0.8519143462181091,0.938331642232831,-0.9730053544044495,0.7846091985702515,1.0167739391326904,0.7224069753880559
mount_sidley,10,1,RH,-0.7926328182220459,0.733647346496582,0.8519143462181091,0.938331642232831,-0.8209382891654968,0.6961116194725037,0.8773511648178101,0.7240799361892231
mount_sidley,11,1,RH,-0.7926328182220459,0.733647346496582,0.8519143462181091,0.938331642232831,-0.6171709299087524,0.5705742239952087,0.6799221634864807,0.7211661860756986
mount_sidley,12,1,RH,-0.7926328182220459,0.733647346496582,0.8519143462181091,0.938331642232831,-0.4963284134864807,0.574195921421051,0.599770724773407,0.732813646592775
mount_sidley,1,2,wspd,0.25232407450675964,0.7586285471916199,0.4564647376537323,0.9198760106029827,0.1399679332971573,0.4311583936214447,0.30300766229629517,0.7238831963564137
mount_sidley,2,2,wspd,0.25232407450675964,0.7586285471916199,0.4564647376537323,0.9198760106029827,0.14448142051696777,0.5451533198356628,0.32982924580574036,0.7234600404031594
mount_sidley,3,2,wspd,0.25232407450675964,0.7586285471916199,0.4564647376537323,0.9198760106029827,0.09862489998340607,0.5329498052597046,0.33495959639549255,0.727328351866158
mount_sidley,4,2,wspd,0.25232407450675964,0.7586285471916199,0.4564647376537323,0.9198760106029827,0.23476649820804596,0.7532225251197815,0.4547935128211975,0.7222062411776661
mount_sidley,5,2,wspd,0.25232407450675964,0.7586285471916199,0.4564647376537323,0.9198760106029827,0.36580178141593933,0.871112585067749,0.5752435326576233,0.7161949500494077
mount_sidley,6,2,wspd,0.25232407450675964,0.7586285471916199,0.4564647376537323,0.9198760106029827,0.3047192692756653,0.8277209401130676,0.5027068257331848,0.71512347344155
mount_sidley,7,2,wspd,0.25232407450675964,0.7586285471916199,0.4564647376537323,0.9198760106029827,0.38068193197250366,0.9384753704071045,0.5867844820022583,0.7054741123790934
mount_sidley,8,2,wspd,0.25232407450675964,0.7586285471916199,0.4564647376537323,0.9198760106029827,0.4504401385784149,1.047318458557129,0.6507837772369385,0.6987146389001165
mount_sidley,9,2,wspd,0.25232407450675964,0.7586285471916199,0.4564647376537323,0.9198760106029827,0.39272892475128174,0.9823882579803467,0.6120114922523499,0.690878625064395
mount_sidley,10,2,wspd,0.25232407450675964,0.7586285471916199,0.4564647376537323,0.9198760106029827,0.2618596851825714,0.8382865190505981,0.5239741802215576,0.6989047241406862
mount_sidley,11,2,wspd,0.25232407450675964,0.7586285471916199,0.4564647376537323,0.9198760106029827,0.20722830295562744,0.6628261208534241,0.4041825234889984,0.7035570949367647
mount_sidley,12,2,wspd,0.25232407450675964,0.7586285471916199,0.4564647376537323,0.9198760106029827,0.17869223654270172,0.5135697722434998,0.3456873595714569,0.7186876886424703
mount_sidley,1,3,P,-0.04960067942738533,0.017935534939169884,0.04960067942738533,0.9433299547064133,-0.042630571871995926,0.00920113455504179,0.042630571871995926,0.735475564453996
mount_sidley,2,3,P,-0.04960067942738533,0.017935534939169884,0.04960067942738533,0.9433299547064133,-0.04609530419111252,0.016103560104966164,0.04609530419111252,0.7403957272042652
mount_sidley,3,3,P,-0.04960067942738533,0.017935534939169884,0.04960067942738533,0.9433299547064133,-0.04515030235052109,0.013031748123466969,0.04515030235052109,0.74674843115363
mount_sidley,4,3,P,-0.04960067942738533,0.017935534939169884,0.04960067942738533,0.9433299547064133,-0.05019015818834305,0.01812967099249363,0.05019015818834305,0.7449760045075191
mount_sidley,5,3,P,-0.04960067942738533,0.017935534939169884,0.04960067942738533,0.9433299547064133,-0.05753250792622566,0.02047724835574627,0.05753250792622566,0.7481060616220233
mount_sidley,6,3,P,-0.04960067942738533,0.017935534939169884,0.04960067942738533,0.9433299547064133,-0.051808714866638184,0.01860099472105503,0.051808714866638184,0.741950626661022
mount_sidley,7,3,P,-0.04960067942738533,0.017935534939169884,0.04960067942738533,0.9433299547064133,-0.05146075785160065,0.018412159755825996,0.05146075785160065,0.7366184673017169
mount_sidley,8,3,P,-0.04960067942738533,0.017935534939169884,0.04960067942738533,0.9433299547064133,-0.05360227823257446,0.023029427975416183,0.05360227823257446,0.7348365208661916
mount_sidley,9,3,P,-0.04960067942738533,0.017935534939169884,0.04960067942738533,0.9433299547064133,-0.053116489201784134,0.021625682711601257,0.053116489201784134,0.722349672079397
mount_sidley,10,3,P,-0.04960067942738533,0.017935534939169884,0.04960067942738533,0.9433299547064133,-0.051971033215522766,0.01913437806069851,0.051971033215522766,0.7240799361892231
mount_sidley,11,3,P,-0.04960067942738533,0.017935534939169884,0.04960067942738533,0.9433299547064133,-0.045748841017484665,0.014200160279870033,0.045748841017484665,0.7211661860756986
mount_sidley,12,3,P,-0.04960067942738533,0.017935534939169884,0.04960067942738533,0.9433299547064133,-0.045288123190402985,0.011374765075743198,0.045288123190402985,0.732813646592775
mount_sidley,1,4,q,0.3728620707988739,0.315169095993042,0.38188105821609497,0.9240218539007093,0.3371814787387848,0.28279444575309753,0.3636806309223175,0.6830593672677558
mount_sidley,2,4,q,0.3728620707988739,0.315169095993042,0.38188105821609497,0.9240218539007093,0.4625219702720642,0.3714989423751831,0.4698789715766907,0.6846965276988463
mount_sidley,3,4,q,0.3728620707988739,0.315169095993042,0.38188105821609497,0.9240218539007093,0.46656322479248047,0.356884241104126,0.47340211272239685,0.7335184788668713
mount_sidley,4,4,q,0.3728620707988739,0.315169095993042,0.38188105821609497,0.9240218539007093,0.411756306886673,0.30710139870643616,0.4152507483959198,0.7293027252060248
mount_sidley,5,4,q,0.3728620707988739,0.315169095993042,0.38188105821609497,0.9240218539007093,0.49482062458992004,0.3539152145385742,0.4985681176185608,0.7297759872447007
mount_sidley,6,4,q,0.3728620707988739,0.315169095993042,0.38188105821609497,0.9240218539007093,0.30437952280044556,0.25267353653907776,0.3062358498573303,0.7272202846332037
mount_sidley,7,4,q,0.3728620707988739,0.315169095993042,0.38188105821609497,0.9240218539007093,0.3275931477546692,0.2949822247028351,0.33091238141059875,0.728027393444409
mount_sidley,8,4,q,0.3728620707988739,0.315169095993042,0.38188105821609497,0.9240218539007093,0.3426656126976013,0.28779590129852295,0.3481675088405609,0.7262960104923181
mount_sidley,9,4,q,0.3728620707988739,0.315169095993042,0.38188105821609497,0.9240218539007093,0.34503239393234253,0.3051794469356537,0.34989288449287415,0.7130665371673831
mount_sidley,10,4,q,0.3728620707988739,0.315169095993042,0.38188105821609497,0.9240218539007093,0.37227389216423035,0.2635924816131592,0.3781105577945709,0.7189269375657027
mount_sidley,11,4,q,0.3728620707988739,0.315169095993042,0.38188105821609497,0.9240218539007093,0.27319014072418213,0.23309364914894104,0.28411781787872314,0.7190463049391416
mount_sidley,12,4,q,0.3728620707988739,0.315169095993042,0.38188105821609497,0.9240218539007093,0.3078100383281708,0.3656860589981079,0.3567546606063843,0.6889326821610121
nico,1,0,T,-0.1865808069705963,0.29536664485931396,0.2645314335823059,1.0100928088585819,0.15639492869377136,0.13386639952659607,0.1630268394947052,0.7949823328050359
nico,2,0,T,-0.1865808069705963,0.29536664485931396,0.2645314335823059,1.0100928088585819,-0.04573226720094681,0.16205520927906036,0.12077860534191132,0.7992073060083381
nico,3,0,T,-0.1865808069705963,0.29536664485931396,0.2645314335823059,1.0100928088585819,-0.3083053529262543,0.2449689656496048,0.31538087129592896,0.8160696068693777
nico,4,0,T,-0.1865808069705963,0.29536664485931396,0.2645314335823059,1.0100928088585819,-0.3522554636001587,0.24885991215705872,0.35875678062438965,0.8124940303674855
nico,5,0,T,-0.1865808069705963,0.29536664485931396,0.2645314335823059,1.0100928088585819,-0.3774676024913788,0.270364373922348,0.3835948705673218,0.8112014834514935
nico,6,0,T,-0.1865808069705963,0.29536664485931396,0.2645314335823059,1.0100928088585819,-0.34666043519973755,0.2564692795276642,0.3563367426395416,0.8078898560754225
nico,7,0,T,-0.1865808069705963,0.29536664485931396,0.2645314335823059,1.0100928088585819,-0.3355327248573303,0.25141459703445435,0.3453669846057892,0.8008100280356999
nico,8,0,T,-0.1865808069705963,0.29536664485931396,0.2645314335823059,1.0100928088585819,-0.33337974548339844,0.25894221663475037,0.34307360649108887,0.7976892898383849
nico,9,0,T,-0.1865808069705963,0.29536664485931396,0.2645314335823059,1.0100928088585819,-0.3043519854545593,0.25600895285606384,0.3222349286079407,0.7943988436970213
nico,10,0,T,-0.1865808069705963,0.29536664485931396,0.2645314335823059,1.0100928088585819,-0.08905400335788727,0.164735808968544,0.13754364848136902,0.8032446581227668
nico,11,0,T,-0.1865808069705963,0.29536664485931396,0.2645314335823059,1.0100928088585819,0.05493020638823509,0.11845860630273819,0.09724840521812439,0.8062409720175153
nico,12,0,T,-0.1865808069705963,0.29536664485931396,0.2645314335823059,1.0100928088585819,0.17865127325057983,0.130568265914917,0.18307997286319733,0.7872953839115606
nico,1,1,RH,-0.8044605255126953,0.44803091883659363,0.8218819499015808,1.0186323621730162,-0.813389778137207,0.5358820557594299,0.8202103972434998,0.8125183180110759
nico,2,1,RH,-0.8044605255126953,0.44803091883659363,0.8218819499015808,1.0186323621730162,-0.7667703032493591,0.43696966767311096,0.7772483825683594,0.812260508117642
nico,3,1,RH,-0.8044605255126953,0.44803091883659363,0.8218819499015808,1.0186323621730162,-0.6631959676742554,0.3827560245990753,0.6941081881523132,0.8198368294550882
nico,4,1,RH,-0.8044605255126953,0.44803091883659363,0.8218819499015808,1.0186323621730162,-0.8171311616897583,0.3871559202671051,0.8365488052368164,0.8175823681699338
nico,5,1,RH,-0.8044605255126953,0.44803091883659363,0.8218819499015808,1.0186323621730162,-0.77894526720047,0.4265032410621643,0.803926944732666,0.8184553097547947
nico,6,1,RH,-0.8044605255126953,0.44803091883659363,0.8218819499015808,1.0186323621730162,-0.831636905670166,0.36892440915107727,0.8431495428085327,0.8154904792046623
nico,7,1,RH,-0.8044605255126953,0.44803091883659363,0.8218819499015808,1.0186323621730162,-0.8770573139190674,0.4068441689014435,0.8895131945610046,0.807668792166313
nico,8,1,RH,-0.8044605255126953,0.44803091883659363,0.8218819499015808,1.0186323621730162,-0.850205659866333,0.460762619972229,0.8885901570320129,0.804312633904818
nico,9,1,RH,-0.8044605255126953,0.44803091883659363,0.8218819499015808,1.0186323621730162,-0.8596895337104797,0.43579211831092834,0.8805220723152161,0.8016331898602536
nico,10,1,RH,-0.8044605255126953,0.44803091883659363,0.8218819499015808,1.0186323621730162,-0.7149845361709595,0.37813305854797363,0.7289507985115051,0.8075760793809293
nico,11,1,RH,-0.8044605255126953,0.44803091883659363,0.8218819499015808,1.0186323621730162,-0.8096016049385071,0.509549617767334,0.825859785079956,0.8082689240186184
nico,12,1,RH,-0.8044605255126953,0.44803091883659363,0.8218819499015808,1.0186323621730162,-0.895821750164032,0.5539674758911133,0.8987081050872803,0.8109643057046712
nico,1,2,wspd,-0.41848501563072205,0.30594560503959656,0.44406116008758545,1.0109430642687902,-0.18551640212535858,0.2489878237247467,0.252313494682312,0.8103982882760007
nico,2,2,wspd,-0.41848501563072205,0.30594560503959656,0.44406116008758545,1.0109430642687902,-0.20425087213516235,0.23797515034675598,0.2555820047855377,0.8092040642417473
nico,3,2,wspd,-0.41848501563072205,0.30594560503959656,0.44406116008758545,1.0109430642687902,-0.40478330850601196,0.28140878677368164,0.4256037771701813,0.814262953373924
nico,4,2,wspd,-0.41848501563072205,0.30594560503959656,0.44406116008758545,1.0109430642687902,-0.5382713675498962,0.28791916370391846,0.5477021336555481,0.8107859783466006
nico,5,2,wspd,-0.41848501563072205,0.30594560503959656,0.44406116008758545,1.0109430642687902,-0.5285568237304688,0.29504185914993286,0.5400983095169067,0.8128624407943672
nico,6,2,wspd,-0.41848501563072205,0.30594560503959656,0.44406116008758545,1.0109430642687902,-0.5161587595939636,0.3016432225704193,0.5313239693641663,0.8072714622909155
nico,7,2,wspd,-0.41848501563072205,0.30594560503959656,0.44406116008758545,1.0109430642687902,-0.5272985696792603,0.29520684480667114,0.541283130645752,0.7943142903728614
nico,8,2,wspd,-0.41848501563072205,0.30594560503959656,0.44406116008758545,1.0109430642687902,-0.5044899582862854,0.30686861276626587,0.5249724984169006,0.7921472812396174
nico,9,2,wspd,-0.41848501563072205,0.30594560503959656,0.44406116008758545,1.0109430642687902,-0.47463458776474,0.32866060733795166,0.5113619565963745,0.7902402854654299
nico,10,2,wspd,-0.41848501563072205,0.30594560503959656,0.44406116008758545,1.0109430642687902,-0.4633548855781555,0.2554700970649719,0.4716685116291046,0.7886709937380676
nico,11,2,wspd,-0.41848501563072205,0.30594560503959656,0.44406116008758545,1.0109430642687902,-0.4346177279949188,0.24642813205718994,0.44514575600624084,0.8029510008102722
nico,12,2,wspd,-0.41848501563072205,0.30594560503959656,0.44406116008758545,1.0109430642687902,-0.29285410046577454,0.26538655161857605,0.3298364579677582,0.8076121466108078
nico,1,3,P,0.031178239732980728,0.008123713545501232,0.031195154413580894,1.0186589710045906,0.035718243569135666,0.006605217233300209,0.035718243569135666,0.8126929803945324
nico,2,3,P,0.031178239732980728,0.008123713545501232,0.031195154413580894,1.0186589710045906,0.03391824662685394,0.0063595944084227085,0.03391824662685394,0.812260508117642
nico,3,3,P,0.031178239732980728,0.008123713545501232,0.031195154413580894,1.0186589710045906,0.03177688643336296,0.006950958166271448,0.03177688643336296,0.8198546214665426
nico,4,3,P,0.031178239732980728,0.008123713545501232,0.031195154413580894,1.0186589710045906,0.030075345188379288,0.008359973318874836,0.03013441525399685,0.8175823681699338
nico,5,3,P,0.031178239732980728,0.008123713545501232,0.031195154413580894,1.0186589710045906,0.028738494962453842,0.00799288135021925,0.028761524707078934,0.8184553097547947
nico,6,3,P,0.031178239732980728,0.008123713545501232,0.031195154413580894,1.0186589710045906,0.028635868802666664,0.008960497565567493,0.028675658628344536,0.8154764180668016
nico,7,3,P,0.031178239732980728,0.008123713545501232,0.031195154413580894,1.0186589710045906,0.027292853221297264,0.008460072800517082,0.027347587049007416,0.8077305434350396
nico,8,3,P,0.031178239732980728,0.008123713545501232,0.031195154413580894,1.0186589710045906,0.029214218258857727,0.0089948745444417,0.029214218258857727,0.804312633904818
nico,9,3,P,0.031178239732980728,0.008123713545501232,0.031195154413580894,1.0186589710045906,0.030773483216762543,0.00855869147926569,0.03079662285745144,0.8016331898602536
nico,10,3,P,0.031178239732980728,0.008123713545501232,0.031195154413580894,1.0186589710045906,0.03107142262160778,0.007483432535082102,0.03107142262160778,0.8075966911379807
nico,11,3,P,0.031178239732980728,0.008123713545501232,0.031195154413580894,1.0186589710045906,0.032748401165008545,0.007310083601623774,0.032748401165008545,0.8082689240186184
nico,12,3,P,0.031178239732980728,0.008123713545501232,0.031195154413580894,1.0186589710045906,0.03413419425487518,0.006364591419696808,0.03413419425487518,0.8110236634563349
nico,1,4,q,-0.024110423400998116,0.05505179986357689,0.03751875460147858,1.0100624112116579,-0.010844464413821697,0.12096737325191498,0.08568911999464035,0.7948143219954372
nico,2,4,q,-0.024110423400998116,0.05505179986357689,0.03751875460147858,1.0100624112116579,-0.04505007341504097,0.05471651628613472,0.054651930928230286,0.7992073060083381
nico,3,4,q,-0.024110423400998116,0.05505179986357689,0.03751875460147858,1.0100624112116579,-0.03199516236782074,0.025375178083777428,0.03286484628915787,0.8160509880158493
nico,4,4,q,-0.024110423400998116,0.05505179986357689,0.03751875460147858,1.0100624112116579,-0.02270417846739292,0.018839742988348007,0.023388627916574478,0.8124940303674855
nico,5,4,q,-0.024110423400998116,0.05505179986357689,0.03751875460147858,1.0100624112116579,-0.023448240011930466,0.020533833652734756,0.02473815530538559,0.8112014834514935
nico,6,4,q,-0.024110423400998116,0.05505179986357689,0.03751875460147858,1.0100624112116579,-0.020568357780575752,0.016930505633354187,0.02141798473894596,0.8078539088659092
nico,7,4,q,-0.024110423400998116,0.05505179986357689,0.03751875460147858,1.0100624112116579,-0.016756374388933182,0.013375930488109589,0.017529373988509178,0.8007429274482994
nico,8,4,q,-0.024110423400998116,0.05505179986357689,0.03751875460147858,1.0100624112116579,-0.015752853825688362,0.013846375979483128,0.01723686419427395,0.7976892898383849
nico,9,4,q,-0.024110423400998116,0.05505179986357689,0.03751875460147858,1.0100624112116579,-0.015138883143663406,0.014617678709328175,0.017000369727611542,0.7943988436970213
nico,10,4,q,-0.024110423400998116,0.05505179986357689,0.03751875460147858,1.0100624112116579,-0.022119781002402306,0.022642122581601143,0.02437480166554451,0.8032229411812578
nico,11,4,q,-0.024110423400998116,0.05505179986357689,0.03751875460147858,1.0100624112116579,-0.04490795359015465,0.05493461340665817,0.05428911745548248,0.8062409720175153
nico,12,4,q,-0.024110423400998116,0.05505179986357689,0.03751875460147858,1.0100624112116579,-0.014829635620117188,0.1240796223282814,0.09208177030086517,0.7872164635363146
sabrina,1,0,T,-0.07862979918718338,0.21166256070137024,0.16767172515392303,0.9477334130730052,-0.03735477849841118,0.11974157392978668,0.09575020521879196,0.7415418508038868
sabrina,2,0,T,-0.07862979918718338,0.21166256070137024,0.16767172515392303,0.9477334130730052,-0.0006441900040954351,0.15945222973823547,0.12251003086566925,0.7371960869428605
sabrina,3,0,T,-0.07862979918718338,0.21166256070137024,0.16767172515392303,0.9477334130730052,-0.10954758524894714,0.22937747836112976,0.20072782039642334,0.7446257259586018
sabrina,4,0,T,-0.07862979918718338,0.21166256070137024,0.16767172515392303,0.9477334130730052,-0.12847810983657837,0.260905921459198,0.22912189364433289,0.7363766057668734
sabrina,5,0,T,-0.07862979918718338,0.21166256070137024,0.16767172515392303,0.9477334130730052,-0.11773959547281265,0.22648073732852936,0.19334982335567474,0.7408101499398447
sabrina,6,0,T,-0.07862979918718338,0.21166256070137024,0.16767172515392303,0.9477334130730052,-0.13674122095108032,0.23929627239704132,0.21439220011234283,0.7358907665634166
sabrina,7,0,T,-0.07862979918718338,0.21166256070137024,0.16767172515392303,0.9477334130730052,-0.11557608097791672,0.25632280111312866,0.22053413093090057,0.7410852911995592
sabrina,8,0,T,-0.07862979918718338,0.21166256070137024,0.16767172515392303,0.9477334130730052,-0.10674846917390823,0.23537589609622955,0.20014798641204834,0.7362675386386743
sabrina,9,0,T,-0.07862979918718338,0.21166256070137024,0.16767172515392303,0.9477334130730052,-0.09448318183422089,0.259431391954422,0.20899122953414917,0.7305718184724835
sabrina,10,0,T,-0.07862979918718338,0.21166256070137024,0.16767172515392303,0.9477334130730052,-0.07876155525445938,0.18315479159355164,0.15477755665779114,0.7472601380192435
sabrina,11,0,T,-0.07862979918718338,0.21166256070137024,0.16767172515392303,0.9477334130730052,-0.009712349623441696,0.1280163824558258,0.10178662091493607,0.7518099177528083
sabrina,12,0,T,-0.07862979918718338,0.21166256070137024,0.16767172515392303,0.9477334130730052,-0.023276444524526596,0.11570500582456589,0.09114093333482742,0.7424024826323223
sabrina,1,1,RH,0.5262576937675476,0.6454105973243713,0.6610478162765503,0.9629819820643442,0.2579365372657776,0.5245890617370605,0.45417463779449463,0.7578640163103135
sabrina,2,1,RH,0.5262576937675476,0.6454105973243713,0.6610478162765503,0.9629819820643442,0.30312973260879517,0.5593633055686951,0.5021383762359619,0.7517192997290175
sabrina,3,1,RH,0.5262576937675476,0.6454105973243713,0.6610478162765503,0.9629819820643442,0.5309496521949768,0.6149589419364929,0.6392822265625,0.7580883071264347
sabrina,4,1,RH,0.5262576937675476,0.6454105973243713,0.6610478162765503,0.9629819820643442,0.6312397122383118,0.6201775074005127,0.7050735950469971,0.7553561329867833
sabrina,5,1,RH,0.5262576937675476,0.6454105973243713,0.6610478162765503,0.9629819820643442,0.65871262550354,0.6742461919784546,0.7639102935791016,0.7580136105761487
sabrina,6,1,RH,0.5262576937675476,0.6454105973243713,0.6610478162765503,0.9629819820643442,0.6534519195556641,0.6415942907333374,0.7433038949966431,0.7553561329867833
sabrina,7,1,RH,0.5262576937675476,0.6454105973243713,0.6610478162765503,0.9629819820643442,0.6236056089401245,0.6831306219100952,0.7256739139556885,0.7580883071264347
sabrina,8,1,RH,0.5262576937675476,0.6454105973243713,0.6610478162765503,0.9629819820643442,0.6585606336593628,0.656782329082489,0.7611607313156128,0.7556929893288972
sabrina,9,1,RH,0.5262576937675476,0.6454105973243713,0.6610478162765503,0.9629819820643442,0.6777036190032959,0.6698635220527649,0.7839229106903076,0.7490267656936402
sabrina,10,1,RH,0.5262576937675476,0.6454105973243713,0.6610478162765503,0.9629819820643442,0.5993755459785461,0.6243310570716858,0.7073137164115906,0.7579388470108931
sabrina,11,1,RH,0.5262576937675476,0.6454105973243713,0.6610478162765503,0.9629819820643442,0.4521505832672119,0.6245455145835876,0.6219517588615417,0.7552016868249635
sabrina,12,1,RH,0.5262576937675476,0.6454105973243713,0.6610478162765503,0.9629819820643442,0.27570641040802,0.6052151918411255,0.5308341383934021,0.7580883071264347
sabrina,1,2,wspd,0.0538179986178875,0.3864576816558838,0.30123698711395264,0.9427976399815631,0.04043884947896004,0.34340140223503113,0.26321902871131897,0.7431203943726262
sabrina,2,2,wspd,0.0538179986178875,0.3864576816558838,0.30123698711395264,0.9427976399815631,0.09362107515335083,0.35175448656082153,0.2850911021232605,0.7411882354168919
sabrina,3,2,wspd,0.0538179986178875,0.3864576816558838,0.30123698711395264,0.9427976399815631,0.023522695526480675,0.3782452642917633,0.28854086995124817,0.7435215182919218
sabrina,4,2,wspd,0.0538179986178875,0.3864576816558838,0.30123698711395264,0.9427976399815631,0.018371665850281715,0.3994128406047821,0.3181265592575073,0.7344656003725033
sabrina,5,2,wspd,0.0538179986178875,0.3864576816558838,0.30123698711395264,0.9427976399815631,0.018658919259905815,0.4092305898666382,0.3184981644153595,0.7389053051001739
sabrina,6,2,wspd,0.0538179986178875,0.3864576816558838,0.30123698711395264,0.9427976399815631,0.02934114634990692,0.4022594392299652,0.3046504259109497,0.7365218069071376
sabrina,7,2,wspd,0.0538179986178875,0.3864576816558838,0.30123698711395264,0.9427976399815631,0.047432757914066315,0.41400453448295593,0.3234177827835083,0.730037753859606
sabrina,8,2,wspd,0.0538179986178875,0.3864576816558838,0.30123698711395264,0.9427976399815631,0.05199059098958969,0.3980809152126312,0.3139944076538086,0.7295133957769598
sabrina,9,2,wspd,0.0538179986178875,0.3864576816558838,0.30123698711395264,0.9427976399815631,0.043894991278648376,0.4268481731414795,0.33495521545410156,0.7232334755510542
sabrina,10,2,wspd,0.0538179986178875,0.3864576816558838,0.30123698711395264,0.9427976399815631,0.10093948990106583,0.38154828548431396,0.3062959313392639,0.7308699238789075
sabrina,11,2,wspd,0.0538179986178875,0.3864576816558838,0.30123698711395264,0.9427976399815631,0.1459679901599884,0.38814711570739746,0.3201791048049927,0.733367944428827
sabrina,12,2,wspd,0.0538179986178875,0.3864576816558838,0.30123698711395264,0.9427976399815631,0.03860041871666908,0.3281027376651764,0.2544802725315094,0.741405145373366
sabrina,1,3,P,0.011274920776486397,0.010782591998577118,0.012920442968606949,0.9572929454194178,0.01701565645635128,0.008932163007557392,0.017133476212620735,0.7580509672206533
sabrina,2,3,P,0.011274920776486397,0.010782591998577118,0.012920442968606949,0.9572929454194178,0.014810354448854923,0.009242787957191467,0.015327546745538712,0.7517192997290175
sabrina,3,3,P,0.011274920776486397,0.010782591998577118,0.012920442968606949,0.9572929454194178,0.012411577627062798,0.008699223399162292,0.013210474513471127,0.7580883071264347
sabrina,4,3,P,0.011274920776486397,0.010782591998577118,0.012920442968606949,0.9572929454194178,0.010864423587918282,0.010152127593755722,0.0123594356700778,0.7486513427085413
sabrina,5,3,P,0.011274920776486397,0.010782591998577118,0.012920442968606949,0.9572929454194178,0.004873289261013269,0.009690293110907078,0.008641914464533329,0.748274220757573
sabrina,6,3,P,0.011274920776486397,0.010782591998577118,0.012920442968606949,0.9572929454194178,0.007018417119979858,0.01009757723659277,0.009559332393109798,0.7455420854998902
sabrina,7,3,P,0.011274920776486397,0.010782591998577118,0.012920442968606949,0.9572929454194178,0.008670787326991558,0.014325680211186409,0.012354779057204723,0.748274220757573
sabrina,8,3,P,0.011274920776486397,0.010782591998577118,0.012920442968606949,0.9572929454194178,0.008900188840925694,0.013704375363886356,0.01221014279872179,0.7463840615744958
sabrina,9,3,P,0.011274920776486397,0.010782591998577118,0.012920442968606949,0.9572929454194178,0.006291479803621769,0.010671527124941349,0.009658131748437881,0.7383985746505263
sabrina,10,3,P,0.011274920776486397,0.010782591998577118,0.012920442968606949,0.9572929454194178,0.011623247526586056,0.008329582400619984,0.0123934680595994,0.748274220757573
sabrina,11,3,P,0.011274920776486397,0.010782591998577118,0.012920442968606949,0.9572929454194178,0.014898490160703659,0.007685619406402111,0.015034197829663754,0.7507159431263442
sabrina,12,3,P,0.011274920776486397,0.010782591998577118,0.012920442968606949,0.9572929454194178,0.015529794618487358,0.007859260775148869,0.01561405137181282,0.7580883071264347
sabrina,1,4,q,0.12736652791500092,0.32876619696617126,0.2410576343536377,0.9417484553258015,0.11025173217058182,0.4628103971481323,0.37160724401474,0.7413138836713404
sabrina,2,4,q,0.12736652791500092,0.32876619696617126,0.2410576343536377,0.9417484553258015,0.18919400870800018,0.36704909801483154,0.32517150044441223,0.7371960869428605
sabrina,3,4,q,0.12736652791500092,0.32876619696617126,0.2410576343536377,0.9417484553258015,0.07990369945764542,0.2683892250061035,0.1965147852897644,0.7446257259586018
sabrina,4,4,q,0.12736652791500092,0.32876619696617126,0.2410576343536377,0.9417484553258015,0.0676499605178833,0.2398192137479782,0.16794626414775848,0.7294081270646088
sabrina,5,4,q,0.12736652791500092,0.32876619696617126,0.2410576343536377,0.9417484553258015,0.13329266011714935,0.2955285310745239,0.2053411900997162,0.7304028511942362
sabrina,6,4,q,0.12736652791500092,0.32876619696617126,0.2410576343536377,0.9417484553258015,0.06460833549499512,0.20622855424880981,0.12644435465335846,0.7249734500824595
sabrina,7,4,q,0.12736652791500092,0.32876619696617126,0.2410576343536377,0.9417484553258015,0.05810822546482086,0.1829885095357895,0.1126769557595253,0.731745092797699
sabrina,8,4,q,0.12736652791500092,0.32876619696617126,0.2410576343536377,0.9417484553258015,0.0923343375325203,0.21615906059741974,0.14067664742469788,0.725084468694494
sabrina,9,4,q,0.12736652791500092,0.32876619696617126,0.2410576343536377,0.9417484553258015,0.11750451475381851,0.24269574880599976,0.1649015098810196,0.7195220719168396
sabrina,10,4,q,0.12736652791500092,0.32876619696617126,0.2410576343536377,0.9417484553258015,0.13523051142692566,0.26209262013435364,0.21504594385623932,0.7373398684307223
sabrina,11,4,q,0.12736652791500092,0.32876619696617126,0.2410576343536377,0.9417484553258015,0.24126817286014557,0.35742712020874023,0.3368721008300781,0.7471750714472699
sabrina,12,4,q,0.12736652791500092,0.32876619696617126,0.2410576343536377,0.9417484553258015,0.20067550241947174,0.5118246078491211,0.4407843351364136,0.7424024826323223
zhongshan,1,0,T,0.02512202039361,0.13012531399726868,0.09841657429933548,1.00541846855397,0.11235181242227554,0.0876641795039177,0.11991965025663376,0.7871703921112708
zhongshan,2,0,T,0.02512202039361,0.13012531399726868,0.09841657429933548,1.00541846855397,0.023492004722356796,0.08799225091934204,0.07020778954029083,0.7918054832785635
zhongshan,3,0,T,0.02512202039361,0.13012531399726868,0.09841657429933548,1.00541846855397,0.02426086738705635,0.11077462136745453,0.08576155453920364,0.8070850457588183
zhongshan,4,0,T,0.02512202039361,0.13012531399726868,0.09841657429933548,1.00541846855397,0.034278832376003265,0.12810580432415009,0.0991821140050888,0.8036237913214714
zhongshan,5,0,T,0.02512202039361,0.13012531399726868,0.09841657429933548,1.00541846855397,0.0037012796383351088,0.13874205946922302,0.10091645270586014,0.8056523756792916
zhongshan,6,0,T,0.02512202039361,0.13012531399726868,0.09841657429933548,1.00541846855397,-0.0017923671985045075,0.13434427976608276,0.09943433105945587,0.8032772229271411
zhongshan,7,0,T,0.02512202039361,0.13012531399726868,0.09841657429933548,1.00541846855397,-0.023301566019654274,0.1617421954870224,0.11179875582456589,0.8017106372016397
zhongshan,8,0,T,0.02512202039361,0.13012531399726868,0.09841657429933548,1.00541846855397,-0.02373719960451126,0.14728465676307678,0.10644788295030594,0.7991046787375676
zhongshan,9,0,T,0.02512202039361,0.13012531399726868,0.09841657429933548,1.00541846855397,-0.012947945855557919,0.1364080160856247,0.09715040773153305,0.7977820822018827
zhongshan,10,0,T,0.02512202039361,0.13012531399726868,0.09841657429933548,1.00541846855397,0.02426145039498806,0.10889963805675507,0.08295856416225433,0.799036190274018
zhongshan,11,0,T,0.02512202039361,0.13012531399726868,0.09841657429933548,1.00541846855397,0.07067204266786575,0.09840882569551468,0.09742338210344315,0.7966910641795074
zhongshan,12,0,T,0.02512202039361,0.13012531399726868,0.09841657429933548,1.00541846855397,0.09902734309434891,0.09786098450422287,0.11327037960290909,0.7838667045733875
zhongshan,1,1,RH,-0.49130216240882874,0.5796419978141785,0.6469545960426331,0.9673294822395441,-0.43202245235443115,0.5006991028785706,0.5467756986618042,0.7581256303084866
zhongshan,2,1,RH,-0.49130216240882874,0.5796419978141785,0.6469545960426331,0.9673294822395441,-0.24705985188484192,0.495635449886322,0.4502514600753784,0.7579762371779065
zhongshan,3,1,RH,-0.49130216240882874,0.5796419978141785,0.6469545960426331,0.9673294822395441,-0.3127851188182831,0.5531030297279358,0.5354048609733582,0.7666992534268763
zhongshan,4,1,RH,-0.49130216240882874,0.5796419978141785,0.6469545960426331,0.9673294822395441,-0.528576135635376,0.5405828952789307,0.6579492092132568,0.7639614374709062
zhongshan,5,1,RH,-0.49130216240882874,0.5796419978141785,0.6469545960426331,0.9673294822395441,-0.5097009539604187,0.5974665284156799,0.6813124418258667,0.7666992534268763
zhongshan,6,1,RH,-0.49130216240882874,0.5796419978141785,0.6469545960426331,0.9673294822395441,-0.5209984183311462,0.6215932369232178,0.708713948726654,0.7639266391268017
zhongshan,7,1,RH,-0.49130216240882874,0.5796419978141785,0.6469545960426331,0.9673294822395441,-0.686859130859375,0.605150580406189,0.8058324456214905,0.7606251744722649
zhongshan,8,1,RH,-0.49130216240882874,0.5796419978141785,0.6469545960426331,0.9673294822395441,-0.6534137725830078,0.616242527961731,0.7927532196044922,0.7578640163103135
zhongshan,9,1,RH,-0.49130216240882874,0.5796419978141785,0.6469545960426331,0.9673294822395441,-0.5772820711135864,0.603470504283905,0.7203622460365295,0.7551243562699805
zhongshan,10,1,RH,-0.49130216240882874,0.5796419978141785,0.6469545960426331,0.9673294822395441,-0.5253762006759644,0.5820767283439636,0.6894205212593079,0.7578640163103135
zhongshan,11,1,RH,-0.49130216240882874,0.5796419978141785,0.6469545960426331,0.9673294822395441,-0.44330736994743347,0.5411765575408936,0.5927354693412781,0.7551630305174938
zhongshan,12,1,RH,-0.49130216240882874,0.5796419978141785,0.6469545960426331,0.9673294822395441,-0.4662948548793793,0.522661566734314,0.5810430645942688,0.7579762371779065
zhongshan,1,2,wspd,0.08854315429925919,0.5496407151222229,0.4376811683177948,0.9833637506678441,-0.11422505229711533,0.45735570788383484,0.3687816560268402,0.7747938944712582
zhongshan,2,2,wspd,0.08854315429925919,0.5496407151222229,0.4376811683177948,0.9833637506678441,0.051331065595149994,0.46274974942207336,0.36905303597450256,0.7668338112655104
zhongshan,3,2,wspd,0.08854315429925919,0.5496407151222229,0.4376811683177948,0.9833637506678441,0.20258422195911407,0.46831417083740234,0.40085306763648987,0.7886903893702587
zhongshan,4,2,wspd,0.08854315429925919,0.5496407151222229,0.4376811683177948,0.9833637506678441,0.22082136571407318,0.5408498644828796,0.4623234272003174,0.785622154247069
zhongshan,5,2,wspd,0.08854315429925919,0.5496407151222229,0.4376811683177948,0.9833637506678441,0.12693676352500916,0.5637638568878174,0.46545174717903137,0.7840514412966888
zhongshan,6,2,wspd,0.08854315429925919,0.5496407151222229,0.4376811683177948,0.9833637506678441,0.1548464298248291,0.5926903486251831,0.49170565605163574,0.7798176376111993
zhongshan,7,2,wspd,0.08854315429925919,0.5496407151222229,0.4376811683177948,0.9833637506678441,0.11656532436609268,0.6052952408790588,0.4875624477863312,0.7808325157921434
zhongshan,8,2,wspd,0.08854315429925919,0.5496407151222229,0.4376811683177948,0.9833637506678441,0.17900331318378448,0.5937606692314148,0.49099844694137573,0.779788869738873
zhongshan,9,2,wspd,0.08854315429925919,0.5496407151222229,0.4376811683177948,0.9833637506678441,0.10772451013326645,0.5688753724098206,0.4537736177444458,0.7724469760354703
zhongshan,10,2,wspd,0.08854315429925919,0.5496407151222229,0.4376811683177948,0.9833637506678441,0.04164877533912659,0.5677116513252258,0.4467592239379883,0.769015024175376
zhongshan,11,2,wspd,0.08854315429925919,0.5496407151222229,0.4376811683177948,0.9833637506678441,0.005992501508444548,0.5228023529052734,0.4057995080947876,0.7634379303571409
zhongshan,12,2,wspd,0.08854315429925919,0.5496407151222229,0.4376811683177948,0.9833637506678441,-0.12513114511966705,0.47523289918899536,0.38377052545547485,0.7655125110979139
zhongshan,1,3,P,0.06369688361883163,0.01133486907929182,0.06372488290071487,1.0101150329556214,0.06191800907254219,0.009475302882492542,0.06191800907254219,0.8014947117577752
zhongshan,2,3,P,0.06369688361883163,0.01133486907929182,0.06372488290071487,1.0101150329556214,0.06256371736526489,0.009792657569050789,0.06259735673666,0.797317083669097
zhongshan,3,3,P,0.06369688361883163,0.01133486907929182,0.06372488290071487,1.0101150329556214,0.06265205144882202,0.011246871203184128,0.06267961114645004,0.8079514438099497
zhongshan,4,3,P,0.06369688361883163,0.01133486907929182,0.06372488290071487,1.0101150329556214,0.062374815344810486,0.012681076303124428,0.062374815344810486,0.8058420211243105
zhongshan,5,3,P,0.06369688361883163,0.01133486907929182,0.06372488290071487,1.0101150329556214,0.06309393048286438,0.012705983594059944,0.06309676170349121,0.8085953817620295
zhongshan,6,3,P,0.06369688361883163,0.01133486907929182,0.06372488290071487,1.0101150329556214,0.06404861062765121,0.01198010053485632,0.06405804306268692,0.8058209707084528
zhongshan,7,3,P,0.06369688361883163,0.01133486907929182,0.06372488290071487,1.0101150329556214,0.0651344284415245,0.011161508038640022,0.0651344284415245,0.8048362070251714
zhongshan,8,3,P,0.06369688361883163,0.01133486907929182,0.06372488290071487,1.0101150329556214,0.06706639379262924,0.011025960557162762,0.06706639379262924,0.802743730990978
zhongshan,9,3,P,0.06369688361883163,0.01133486907929182,0.06372488290071487,1.0101150329556214,0.06597734987735748,0.012504452839493752,0.06622360646724701,0.8004066116625661
zhongshan,10,3,P,0.06369688361883163,0.01133486907929182,0.06372488290071487,1.0101150329556214,0.06493116915225983,0.010617726482450962,0.06493116915225983,0.8027983256819593
zhongshan,11,3,P,0.06369688361883163,0.01133486907929182,0.06372488290071487,1.0101150329556214,0.0628635436296463,0.011068621650338173,0.06288862973451614,0.7990818555033726
zhongshan,12,3,P,0.06369688361883163,0.01133486907929182,0.06372488290071487,1.0101150329556214,0.06168443709611893,0.00925060547888279,0.06168443709611893,0.7987444847014383
zhongshan,1,4,q,-0.17922383546829224,0.34246569871902466,0.31778648495674133,0.9613412472497392,-0.12173712253570557,0.4912973642349243,0.39697790145874023,0.7368596289034887
zhongshan,2,4,q,-0.17922383546829224,0.34246569871902466,0.31778648495674133,0.9613412472497392,-0.16676533222198486,0.4213947057723999,0.3657291829586029,0.750266099478881
zhongshan,3,4,q,-0.17922383546829224,0.34246569871902466,0.31778648495674133,0.9613412472497392,-0.15169285237789154,0.36792922019958496,0.33162713050842285,0.7660910398805525
zhongshan,4,4,q,-0.17922383546829224,0.34246569871902466,0.31778648495674133,0.9613412472497392,-0.16554059088230133,0.2904259264469147,0.282065749168396,0.7617402589134135
zhongshan,5,4,q,-0.17922383546829224,0.34246569871902466,0.31778648495674133,0.9613412472497392,-0.15443472564220428,0.28038355708122253,0.27537116408348083,0.763752429105515
zhongshan,6,4,q,-0.17922383546829224,0.34246569871902466,0.31778648495674133,0.9613412472497392,-0.17001454532146454,0.2823401689529419,0.2806362807750702,0.7614180589631117
zhongshan,7,4,q,-0.17922383546829224,0.34246569871902466,0.31778648495674133,0.9613412472497392,-0.23309016227722168,0.25446534156799316,0.3056826591491699,0.7572157970450006
zhongshan,8,4,q,-0.17922383546829224,0.34246569871902466,0.31778648495674133,0.9613412472497392,-0.2056403011083603,0.23946434259414673,0.2749800682067871,0.7536806430767999
zhongshan,9,4,q,-0.17922383546829224,0.34246569871902466,0.31778648495674133,0.9613412472497392,-0.19630835950374603,0.24772626161575317,0.2764669358730316,0.7523715598675511
zhongshan,10,4,q,-0.17922383546829224,0.34246569871902466,0.31778648495674133,0.9613412472497392,-0.1856439709663391,0.29459822177886963,0.29752883315086365,0.7528897169038579
zhongshan,11,4,q,-0.17922383546829224,0.34246569871902466,0.31778648495674133,0.9613412472497392,-0.1927853375673294,0.3899131119251251,0.3549988567829132,0.7518903844659605
zhongshan,12,4,q,-0.17922383546829224,0.34246569871902466,0.31778648495674133,0.9613412472497392,-0.20953769981861115,0.48497405648231506,0.41603514552116394,0.7375311919949364
alessandra,1,0,T,0.46431949734687805,0.24435460567474365,0.46866828203201294,1.030927092742396,0.34874966740608215,0.14722634851932526,0.3504442572593689,0.8182515329924732
alessandra,2,0,T,0.46431949734687805,0.24435460567474365,0.46866828203201294,1.030927092742396,0.44248005747795105,0.15914948284626007,0.4427734911441803,0.8112754632746578
alessandra,3,0,T,0.46431949734687805,0.24435460567474365,0.46866828203201294,1.030927092742396,0.48881712555885315,0.19752264022827148,0.4901539087295532,0.8375978775362412
alessandra,4,0,T,0.46431949734687805,0.24435460567474365,0.46866828203201294,1.030927092742396,0.48538556694984436,0.26031631231307983,0.49120810627937317,0.828044617215194
alessandra,5,0,T,0.46431949734687805,0.24435460567474365,0.46866828203201294,1.030927092742396,0.5002272129058838,0.27249789237976074,0.5086206197738647,0.8266789994524363
alessandra,6,0,T,0.46431949734687805,0.24435460567474365,0.46866828203201294,1.030927092742396,0.5290546417236328,0.2792191505432129,0.5357003808021545,0.8200190177414114
alessandra,7,0,T,0.46431949734687805,0.24435460567474365,0.46866828203201294,1.030927092742396,0.5310059785842896,0.29040950536727905,0.538742184638977,0.8202450877223412
alessandra,8,0,T,0.46431949734687805,0.24435460567474365,0.46866828203201294,1.030927092742396,0.5290111899375916,0.29694852232933044,0.5377388000488281,0.8206777827003376
alessandra,9,0,T,0.46431949734687805,0.24435460567474365,0.46866828203201294,1.030927092742396,0.5174902081489563,0.27610114216804504,0.5241005420684814,0.822808185310448
alessandra,10,0,T,0.46431949734687805,0.24435460567474365,0.46866828203201294,1.030927092742396,0.4605197608470917,0.22452017664909363,0.4634699821472168,0.8296654267911568
alessandra,11,0,T,0.46431949734687805,0.24435460567474365,0.46866828203201294,1.030927092742396,0.3937038779258728,0.18365859985351562,0.3949419856071472,0.8284347307788447
alessandra,12,0,T,0.46431949734687805,0.24435460567474365,0.46866828203201294,1.030927092742396,0.33449071645736694,0.15762005746364594,0.33534714579582214,0.8194444410510768
alessandra,1,1,RH,0.07543142884969711,0.8097566962242126,0.6429644227027893,1.0356979869872243,-0.03185535594820976,0.8110238909721375,0.649598240852356,0.829969296929514
alessandra,2,1,RH,0.07543142884969711,0.8097566962242126,0.6429644227027893,1.0356979869872243,0.11859822273254395,0.7713350653648376,0.6213488578796387,0.8262764420241421
alessandra,3,1,RH,0.07543142884969711,0.8097566962242126,0.6429644227027893,1.0356979869872243,0.31389591097831726,0.7940366864204407,0.6632182002067566,0.8355012393179849
alessandra,4,1,RH,0.07543142884969711,0.8097566962242126,0.6429644227027893,1.0356979869872243,0.1357840746641159,0.8318073153495789,0.6607299447059631,0.8290861972910082
alessandra,5,1,RH,0.07543142884969711,0.8097566962242126,0.6429644227027893,1.0356979869872243,-0.05455682799220085,0.8021182417869568,0.6357694268226624,0.8281292298176525
alessandra,6,1,RH,0.07543142884969711,0.8097566962242126,0.6429644227027893,1.0356979869872243,0.04085540026426315,0.8070592284202576,0.6379212737083435,0.8227609527101024
alessandra,7,1,RH,0.07543142884969711,0.8097566962242126,0.6429644227027893,1.0356979869872243,-0.03381828963756561,0.8502609133720398,0.6797005534172058,0.8249440764489391
alessandra,8,1,RH,0.07543142884969711,0.8097566962242126,0.6429644227027893,1.0356979869872243,-0.07617203146219254,0.8354933261871338,0.6646398901939392,0.8258677927172385
alessandra,9,1,RH,0.07543142884969711,0.8097566962242126,0.6429644227027893,1.0356979869872243,0.07244311273097992,0.772686243057251,0.6096397042274475,0.8272100209705583
alessandra,10,1,RH,0.07543142884969711,0.8097566962242126,0.6429644227027893,1.0356979869872243,0.1683112531900406,0.7777642011642456,0.6273587346076965,0.8290463763253088
alessandra,11,1,RH,0.07543142884969711,0.8097566962242126,0.6429644227027893,1.0356979869872243,0.17785049974918365,0.7549290657043457,0.6171929240226746,0.8291856665349951
alessandra,12,1,RH,0.07543142884969711,0.8097566962242126,0.6429644227027893,1.0356979869872243,0.04427950084209442,0.8116334080696106,0.647189736366272,0.8346341794727564
alessandra,1,2,wspd,0.2931910455226898,0.5233657360076904,0.33511412143707275,0.9854126090572096,0.4125043749809265,0.609632670879364,0.4204636216163635,0.7940904141566484
alessandra,2,2,wspd,0.2931910455226898,0.5233657360076904,0.33511412143707275,0.9854126090572096,0.34202316403388977,0.4411674439907074,0.35387322306632996,0.7862901604960887
alessandra,3,2,wspd,0.2931910455226898,0.5233657360076904,0.33511412143707275,0.9854126090572096,0.3056599497795105,0.5470600724220276,0.33571454882621765,0.7884703074236875
alessandra,4,2,wspd,0.2931910455226898,0.5233657360076904,0.33511412143707275,0.9854126090572096,0.2157687544822693,0.3856193721294403,0.2778610587120056,0.7779929329070208
alessandra,5,2,wspd,0.2931910455226898,0.5233657360076904,0.33511412143707275,0.9854126090572096,0.19588781893253326,0.3392811417579651,0.2606351375579834,0.7761273774810293
alessandra,6,2,wspd,0.2931910455226898,0.5233657360076904,0.33511412143707275,0.9854126090572096,0.2514365017414093,0.6629966497421265,0.3179108798503876,0.7563816984830548
alessandra,7,2,wspd,0.2931910455226898,0.5233657360076904,0.33511412143707275,0.9854126090572096,0.2055194228887558,0.43137115240097046,0.28324732184410095,0.7674199605202613
alessandra,8,2,wspd,0.2931910455226898,0.5233657360076904,0.33511412143707275,0.9854126090572096,0.2381722778081894,0.5689098834991455,0.31018054485321045,0.7679522842520616
alessandra,9,2,wspd,0.2931910455226898,0.5233657360076904,0.33511412143707275,0.9854126090572096,0.21677789092063904,0.41217657923698425,0.2873532772064209,0.7711246368575092
alessandra,10,2,wspd,0.2931910455226898,0.5233657360076904,0.33511412143707275,0.9854126090572096,0.3063531219959259,0.596816897392273,0.3489762544631958,0.7720690464383543
alessandra,11,2,wspd,0.2931910455226898,0.5233657360076904,0.33511412143707275,0.9854126090572096,0.36564621329307556,0.6136277914047241,0.3901991546154022,0.7742575434717743
alessandra,12,2,wspd,0.2931910455226898,0.5233657360076904,0.33511412143707275,0.9854126090572096,0.37703219056129456,0.5093711614608765,0.3858354091644287,0.7981522218438805
alessandra,1,3,P,0.7844652533531189,0.025210294872522354,0.7844652533531189,1.0390706969833732,0.755894124507904,0.01124586071819067,0.755894124507904,0.8334261026100473
alessandra,2,3,P,0.7844652533531189,0.025210294872522354,0.7844652533531189,1.0390706969833732,0.7677536010742188,0.012252183631062508,0.7677536010742188,0.8299968666220089
alessandra,3,3,P,0.7844652533531189,0.025210294872522354,0.7844652533531189,1.0390706969833732,0.7860218286514282,0.01721671223640442,0.7860218286514282,0.8391928906976195
alessandra,4,3,P,0.7844652533531189,0.025210294872522354,0.7844652533531189,1.0390706969833732,0.79561448097229,0.019668634980916977,0.79561448097229,0.8328687122940192
alessandra,5,3,P,0.7844652533531189,0.025210294872522354,0.7844652533531189,1.0390706969833732,0.8007330298423767,0.022001659497618675,0.8007330298423767,0.8322922465033086
alessandra,6,3,P,0.7844652533531189,0.025210294872522354,0.7844652533531189,1.0390706969833732,0.8002392053604126,0.022344501689076424,0.8002392053604126,0.8269163349103476
alessandra,7,3,P,0.7844652533531189,0.025210294872522354,0.7844652533531189,1.0390706969833732,0.8029117584228516,0.020731426775455475,0.8029117584228516,0.8292055461441769
alessandra,8,3,P,0.7844652533531189,0.025210294872522354,0.7844652533531189,1.0390706969833732,0.8016496300697327,0.02243264578282833,0.8016496300697327,0.8301424408113544
alessandra,9,3,P,0.7844652533531189,0.025210294872522354,0.7844652533531189,1.0390706969833732,0.7965526580810547,0.02086188830435276,0.7965526580810547,0.8313095988777507
alessandra,10,3,P,0.7844652533531189,0.025210294872522354,0.7844652533531189,1.0390706969833732,0.785712480545044,0.018590113148093224,0.785712480545044,0.8329827686100129
alessandra,11,3,P,0.7844652533531189,0.025210294872522354,0.7844652533531189,1.0390706969833732,0.7670297622680664,0.014901917427778244,0.7670297622680664,0.8301345784343948
alessandra,12,3,P,0.7844652533531189,0.025210294872522354,0.7844652533531189,1.0390706969833732,0.7558701038360596,0.011499845422804356,0.7558701038360596,0.8348573640011088
alessandra,1,4,q,0.40699681639671326,0.44801566004753113,0.44099000096321106,1.0274894246445105,0.6595751643180847,0.7166265845298767,0.8086132407188416,0.8147514073735148
alessandra,2,4,q,0.40699681639671326,0.44801566004753113,0.44099000096321106,1.0274894246445105,0.7374123930931091,0.5310254693031311,0.7780545353889465,0.8072973205259365
alessandra,3,4,q,0.40699681639671326,0.44801566004753113,0.44099000096321106,1.0274894246445105,0.5221214294433594,0.35006946325302124,0.5273516774177551,0.8338783672993508
alessandra,4,4,q,0.40699681639671326,0.44801566004753113,0.44099000096321106,1.0274894246445105,0.2927572429180145,0.25710010528564453,0.29822656512260437,0.823946514217187
alessandra,5,4,q,0.40699681639671326,0.44801566004753113,0.44099000096321106,1.0274894246445105,0.2321242392063141,0.2510024309158325,0.24408039450645447,0.8226492054827395
alessandra,6,4,q,0.40699681639671326,0.44801566004753113,0.44099000096321106,1.0274894246445105,0.28678667545318604,0.2758598327636719,0.29271915555000305,0.8157011120575551
alessandra,7,4,q,0.40699681639671326,0.44801566004753113,0.44099000096321106,1.0274894246445105,0.20415844023227692,0.21818001568317413,0.21910743415355682,0.8159345258377785
alessandra,8,4,q,0.40699681639671326,0.44801566004753113,0.44099000096321106,1.0274894246445105,0.19039778411388397,0.21626558899879456,0.2028599977493286,0.8163391138140695
alessandra,9,4,q,0.40699681639671326,0.44801566004753113,0.44099000096321106,1.0274894246445105,0.2477671355009079,0.23769719898700714,0.2559812664985657,0.818744269969196
alessandra,10,4,q,0.40699681639671326,0.44801566004753113,0.44099000096321106,1.0274894246445105,0.3438245952129364,0.27605730295181274,0.35345983505249023,0.8259629103011572
alessandra,11,4,q,0.40699681639671326,0.44801566004753113,0.44099000096321106,1.0274894246445105,0.5358004570007324,0.4409606456756592,0.5671316385269165,0.8274336692533971
alessandra,12,4,q,0.40699681639671326,0.44801566004753113,0.44099000096321106,1.0274894246445105,0.6516407132148743,0.7008824944496155,0.7794187068939209,0.8190861138842651
arelis,1,0,T,0.06148240342736244,0.20703564584255219,0.16826730966567993,1.0318496554663594,0.028651945292949677,0.125074103474617,0.10016199201345444,0.8279962285561359
arelis,2,0,T,0.06148240342736244,0.20703564584255219,0.16826730966567993,1.0318496554663594,0.014110554940998554,0.1313745081424713,0.10330286622047424,0.8247136364552753
arelis,3,0,T,0.06148240342736244,0.20703564584255219,0.16826730966567993,1.0318496554663594,0.10833684355020523,0.17702168226242065,0.16824407875537872,0.8311971094307972
arelis,4,0,T,0.06148240342736244,0.20703564584255219,0.16826730966567993,1.0318496554663594,0.14673027396202087,0.19867542386054993,0.2003660947084427,0.8255319463040128
arelis,5,0,T,0.06148240342736244,0.20703564584255219,0.16826730966567993,1.0318496554663594,0.10084616392850876,0.2413463294506073,0.21389205753803253,0.8206205134710419
arelis,6,0,T,0.06148240342736244,0.20703564584255219,0.16826730966567993,1.0318496554663594,0.09664459526538849,0.21487753093242645,0.19172918796539307,0.820708603683614
arelis,7,0,T,0.06148240342736244,0.20703564584255219,0.16826730966567993,1.0318496554663594,0.06350581347942352,0.25037911534309387,0.21180810034275055,0.823607070434884
arelis,8,0,T,0.06148240342736244,0.20703564584255219,0.16826730966567993,1.0318496554663594,-0.0004838446620851755,0.2719089388847351,0.21976493299007416,0.8211958189978817
arelis,9,0,T,0.06148240342736244,0.20703564584255219,0.16826730966567993,1.0318496554663594,0.019361544400453568,0.2667510211467743,0.2161986380815506,0.8187352551127037
arelis,10,0,T,0.06148240342736244,0.20703564584255219,0.16826730966567993,1.0318496554663594,0.03116927109658718,0.20495234429836273,0.1663973033428192,0.8273036196456
arelis,11,0,T,0.06148240342736244,0.20703564584255219,0.16826730966567993,1.0318496554663594,0.08284222334623337,0.15505379438400269,0.13593311607837677,0.8270102638446833
arelis,12,0,T,0.06148240342736244,0.20703564584255219,0.16826730966567993,1.0318496554663594,0.041937414556741714,0.1322311908006668,0.10641676932573318,0.8277740869810765
arelis,1,1,RH,-0.3819738030433655,0.9653102159500122,0.8536096215248108,0.9651101798982148,0.3398272395133972,0.8018187880516052,0.7136797308921814,0.7603077137708758
arelis,2,1,RH,-0.3819738030433655,0.9653102159500122,0.8536096215248108,0.9651101798982148,0.221500962972641,0.9041619896888733,0.7859283089637756,0.75901640819229
arelis,3,1,RH,-0.3819738030433655,0.9653102159500122,0.8536096215248108,0.9651101798982148,-0.32876259088516235,0.998288631439209,0.8908156156539917,0.7665981922724993
arelis,4,1,RH,-0.3819738030433655,0.9653102159500122,0.8536096215248108,0.9651101798982148,-0.661380410194397,0.8957089185714722,0.9225788116455078,0.7591731625031491
arelis,5,1,RH,-0.3819738030433655,0.9653102159500122,0.8536096215248108,0.9651101798982148,-0.6839585304260254,0.79816073179245,0.8488336801528931,0.7579014400600537
arelis,6,1,RH,-0.3819738030433655,0.9653102159500122,0.8536096215248108,0.9651101798982148,-0.7225003242492676,0.8780884146690369,0.9422743320465088,0.7550469538881629
arelis,7,1,RH,-0.3819738030433655,0.9653102159500122,0.8536096215248108,0.9651101798982148,-0.7171328663825989,0.9321388006210327,0.9759849309921265,0.7576391201882088
arelis,8,1,RH,-0.3819738030433655,0.9653102159500122,0.8536096215248108,0.9651101798982148,-0.7399911284446716,0.8626542091369629,0.9348220229148865,0.7579014400600537
arelis,9,1,RH,-0.3819738030433655,0.9653102159500122,0.8536096215248108,0.9651101798982148,-0.7817274928092957,0.8991315364837646,1.007599115371704,0.7551243562699805
arelis,10,1,RH,-0.3819738030433655,0.9653102159500122,0.8536096215248108,0.9651101798982148,-0.5191141963005066,0.8901010155677795,0.835155189037323,0.7577516441166366
arelis,11,1,RH,-0.3819738030433655,0.9653102159500122,0.8536096215248108,0.9651101798982148,-0.1918162703514099,0.8247347474098206,0.7003127336502075,0.7530088354470705
arelis,12,1,RH,-0.3819738030433655,0.9653102159500122,0.8536096215248108,0.9651101798982148,0.1660899966955185,0.8141093254089355,0.6815090775489807,0.7562768466915079
arelis,1,2,wspd,1.1256897449493408,1.3459923267364502,1.2379257678985596,0.92525631321202,0.8362563252449036,0.9037484526634216,0.9032663702964783,0.76408311737015
arelis,2,2,wspd,1.1256897449493408,1.3459923267364502,1.2379257678985596,0.92525631321202,1.5988411903381348,1.2133504152297974,1.6445080041885376,0.7355245192701099
arelis,3,2,wspd,1.1256897449493408,1.3459923267364502,1.2379257678985596,0.92525631321202,1.4942152500152588,1.349753737449646,1.5872856378555298,0.7272067663700006
arelis,4,2,wspd,1.1256897449493408,1.3459923267364502,1.2379257678985596,0.92525631321202,1.014014482498169,1.477441668510437,1.2195860147476196,0.6993780489013902
arelis,5,2,wspd,1.1256897449493408,1.3459923267364502,1.2379257678985596,0.92525631321202,1.0256952047348022,1.5132272243499756,1.2169734239578247,0.6907740269166931
arelis,6,2,wspd,1.1256897449493408,1.3459923267364502,1.2379257678985596,0.92525631321202,1.4202357530593872,1.7980234622955322,1.5940754413604736,0.6847640496471725
arelis,7,2,wspd,1.1256897449493408,1.3459923267364502,1.2379257678985596,0.92525631321202,1.1994010210037231,1.753591775894165,1.4058626890182495,0.6819497808332028
arelis,8,2,wspd,1.1256897449493408,1.3459923267364502,1.2379257678985596,0.92525631321202,0.9912018179893494,1.5633435249328613,1.1932871341705322,0.6923704600321466
arelis,9,2,wspd,1.1256897449493408,1.3459923267364502,1.2379257678985596,0.92525631321202,1.1970467567443848,1.7234739065170288,1.3951822519302368,0.6745823966086478
arelis,10,2,wspd,1.1256897449493408,1.3459923267364502,1.2379257678985596,0.92525631321202,1.1295897960662842,1.378669023513794,1.2341538667678833,0.7078441043181405
arelis,11,2,wspd,1.1256897449493408,1.3459923267364502,1.2379257678985596,0.92525631321202,1.0913773775100708,1.1725988388061523,1.150231122970581,0.7299854662761912
arelis,12,2,wspd,1.1256897449493408,1.3459923267364502,1.2379257678985596,0.92525631321202,0.8459222912788391,0.8742782473564148,0.8999871015548706,0.7636127983959872
arelis,1,3,P,-0.03437996655702591,0.017125964164733887,0.0357745923101902,1.0355397039296157,-0.03156648203730583,0.016243409365415573,0.03305499255657196,0.831881329904591
arelis,2,3,P,-0.03437996655702591,0.017125964164733887,0.0357745923101902,1.0355397039296157,-0.03189504146575928,0.013772518374025822,0.0329306535422802,0.8262064122779775
arelis,3,3,P,-0.03437996655702591,0.017125964164733887,0.0357745923101902,1.0355397039296157,-0.03421948477625847,0.014189586043357849,0.03527967259287834,0.8319890553735784
arelis,4,3,P,-0.03437996655702591,0.017125964164733887,0.0357745923101902,1.0355397039296157,-0.03678732365369797,0.017569612711668015,0.03790682554244995,0.8282177795426252
arelis,5,3,P,-0.03437996655702591,0.017125964164733887,0.0357745923101902,1.0355397039296157,-0.03638403117656708,0.018125712871551514,0.037675779312849045,0.8248812923479255
arelis,6,3,P,-0.03437996655702591,0.017125964164733887,0.0357745923101902,1.0355397039296157,-0.037389639765024185,0.018808254972100258,0.03880378231406212,0.825298962294705
arelis,7,3,P,-0.03437996655702591,0.017125964164733887,0.0357745923101902,1.0355397039296157,-0.03592488169670105,0.01823865808546543,0.03747352957725525,0.8287830796344449
arelis,8,3,P,-0.03437996655702591,0.017125964164733887,0.0357745923101902,1.0355397039296157,-0.036238979548215866,0.018384885042905807,0.03785295784473419,0.8293286939836935
arelis,9,3,P,-0.03437996655702591,0.017125964164733887,0.0357745923101902,1.0355397039296157,-0.035711657255887985,0.017787275835871696,0.036976464092731476,0.8255361008187249
arelis,10,3,P,-0.03437996655702591,0.017125964164733887,0.0357745923101902,1.0355397039296157,-0.03258417919278145,0.016665006056427956,0.034138187766075134,0.8302131688427598
arelis,11,3,P,-0.03437996655702591,0.017125964164733887,0.0357745923101902,1.0355397039296157,-0.03223687410354614,0.01905730739235878,0.03455406799912453,0.8279518475888729
arelis,12,3,P,-0.03437996655702591,0.017125964164733887,0.0357745923101902,1.0355397039296157,-0.031999245285987854,0.014203283004462719,0.033028628677129745,0.8309015870580344
arelis,1,4,q,-0.0020461941603571177,0.4255269467830658,0.305816113948822,0.9617295514074087,0.366860955953598,0.6594175100326538,0.6019306778907776,0.7573665584309116
arelis,2,4,q,-0.0020461941603571177,0.4255269467830658,0.305816113948822,0.9617295514074087,0.1484534740447998,0.5549132823944092,0.4598942995071411,0.7579762371779065
arelis,3,4,q,-0.0020461941603571177,0.4255269467830658,0.305816113948822,0.9617295514074087,-0.010967840440571308,0.3472353518009186,0.26428431272506714,0.7661927175749154
arelis,4,4,q,-0.0020461941603571177,0.4255269467830658,0.305816113948822,0.9617295514074087,-0.029888270422816277,0.2712481617927551,0.18903081119060516,0.7564864185135908
arelis,5,4,q,-0.0020461941603571177,0.4255269467830658,0.305816113948822,0.9617295514074087,-0.07924024015665054,0.18373888731002808,0.1622345894575119,0.7550856640657645
arelis,6,4,q,-0.0020461941603571177,0.4255269467830658,0.305816113948822,0.9617295514074087,-0.07615584135055542,0.20930813252925873,0.17599941790103912,0.7507567178468314
arelis,7,4,q,-0.0020461941603571177,0.4255269467830658,0.305816113948822,0.9617295514074087,-0.11517171561717987,0.23029430210590363,0.205218106508255,0.7527306268503694
arelis,8,4,q,-0.0020461941603571177,0.4255269467830658,0.305816113948822,0.9617295514074087,-0.12048754841089249,0.21790894865989685,0.2036120444536209,0.7496074158799425
arelis,9,4,q,-0.0020461941603571177,0.4255269467830658,0.305816113948822,0.9617295514074087,-0.14853055775165558,0.21662423014640808,0.2220839560031891,0.7486095244498124
arelis,10,4,q,-0.0020461941603571177,0.4255269467830658,0.305816113948822,0.9617295514074087,-0.16552111506462097,0.2608116865158081,0.25111421942710876,0.7545031147983985
arelis,11,4,q,-0.0020461941603571177,0.4255269467830658,0.305816113948822,0.9617295514074087,-0.023077894002199173,0.45298758149147034,0.36204826831817627,0.7520510851706163
arelis,12,4,q,-0.0020461941603571177,0.4255269467830658,0.305816113948822,0.9617295514074087,0.19269254803657532,0.6548023223876953,0.5519067645072937,0.7530881533194081
aws05,1,0,T,0.09550853818655014,0.18974937498569489,0.15933473408222198,0.968276620534856,0.03787563741207123,0.1417044848203659,0.11271565407514572,0.7458885413278332
aws05,2,0,T,0.09550853818655014,0.18974937498569489,0.15933473408222198,0.968276620534856,0.08738446235656738,0.1744852066040039,0.14309583604335785,0.7523415676652
aws05,3,0,T,0.09550853818655014,0.18974937498569489,0.15933473408222198,0.968276620534856,0.12155111134052277,0.1906518191099167,0.17163553833961487,0.772203092610671
aws05,4,0,T,0.09550853818655014,0.18974937498569489,0.15933473408222198,0.968276620534856,0.09110893309116364,0.19813933968544006,0.16545604169368744,0.7687608714540682
aws05,5,0,T,0.09550853818655014,0.18974937498569489,0.15933473408222198,0.968276620534856,0.12282881885766983,0.2133374661207199,0.18510466814041138,0.7670352415176788
aws05,6,0,T,0.09550853818655014,0.18974937498569489,0.15933473408222198,0.968276620534856,0.1420852392911911,0.1997532695531845,0.19141121208667755,0.7631924969901499
aws05,7,0,T,0.09550853818655014,0.18974937498569489,0.15933473408222198,0.968276620534856,0.13449609279632568,0.20579053461551666,0.18862049281597137,0.7662942713602062
aws05,8,0,T,0.09550853818655014,0.18974937498569489,0.15933473408222198,0.968276620534856,0.12986373901367188,0.1953638195991516,0.1793394237756729,0.7655466536092316
aws05,9,0,T,0.09550853818655014,0.18974937498569489,0.15933473408222198,0.968276620534856,0.12991970777511597,0.19706666469573975,0.17965754866600037,0.7623454806985888
aws05,10,0,T,0.09550853818655014,0.18974937498569489,0.15933473408222198,0.968276620534856,0.07585843652486801,0.17878124117851257,0.14612354338169098,0.7612744581377727
aws05,11,0,T,0.09550853818655014,0.18974937498569489,0.15933473408222198,0.968276620534856,0.030882516875863075,0.1450982540845871,0.11527158319950104,0.7566574952160098
aws05,12,0,T,0.09550853818655014,0.18974937498569489,0.15933473408222198,0.968276620534856,0.00433637760579586,0.1328580230474472,0.1061253696680069,0.7485258249240482
aws05,1,1,RH,0.6807082891464233,0.5735867619514465,0.7463682889938354,0.9755773772115018,0.294095903635025,0.4167454242706299,0.4189791679382324,0.7691867528068767
aws05,2,1,RH,0.6807082891464233,0.5735867619514465,0.7463682889938354,0.9755773772115018,0.4083886742591858,0.4160662889480591,0.4784138798713684,0.7682171763661012
aws05,3,1,RH,0.6807082891464233,0.5735867619514465,0.7463682889938354,0.9755773772115018,0.5598618388175964,0.45618635416030884,0.6136930584907532,0.7783083814401576
aws05,4,1,RH,0.6807082891464233,0.5735867619514465,0.7463682889938354,0.9755773772115018,0.753284752368927,0.4825301170349121,0.787603497505188,0.7687198063897506
aws05,5,1,RH,0.6807082891464233,0.5735867619514465,0.7463682889938354,0.9755773772115018,0.8367322683334351,0.5312716960906982,0.8762733340263367,0.7667329132610542
aws05,6,1,RH,0.6807082891464233,0.5735867619514465,0.7463682889938354,0.9755773772115018,0.8439965844154358,0.5574915409088135,0.883418619632721,0.7673698803905489
aws05,7,1,RH,0.6807082891464233,0.5735867619514465,0.7463682889938354,0.9755773772115018,1.0474785566329956,0.5417566299438477,1.0724918842315674,0.76993494429388
aws05,8,1,RH,0.6807082891464233,0.5735867619514465,0.7463682889938354,0.9755773772115018,0.9417590498924255,0.6705354452133179,1.013001561164856,0.7667329132610542
aws05,9,1,RH,0.6807082891464233,0.5735867619514465,0.7463682889938354,0.9755773772115018,0.8033769726753235,0.6443182826042175,0.8904485702514648,0.7672361860539079
aws05,10,1,RH,0.6807082891464233,0.5735867619514465,0.7463682889938354,0.9755773772115018,0.7917285561561584,0.5529711246490479,0.8373581171035767,0.7653758009951385
aws05,11,1,RH,0.6807082891464233,0.5735867619514465,0.7463682889938354,0.9755773772115018,0.5585667490959167,0.4963904917240143,0.6273490190505981,0.764550796835032
aws05,12,1,RH,0.6807082891464233,0.5735867619514465,0.7463682889938354,0.9755773772115018,0.3529452085494995,0.47229641675949097,0.4815196990966797,0.7689249296492614
aws05,1,2,wspd,0.22562405467033386,0.4159402549266815,0.37552574276924133,0.9739079648895936,0.11251607537269592,0.34820565581321716,0.2901431918144226,0.7700643815913654
aws05,2,2,wspd,0.22562405467033386,0.4159402549266815,0.37552574276924133,0.9739079648895936,0.2048245370388031,0.3606834411621094,0.3363739252090454,0.7679854418505627
aws05,3,2,wspd,0.22562405467033386,0.4159402549266815,0.37552574276924133,0.9739079648895936,0.29548192024230957,0.37655067443847656,0.3977964222431183,0.7770096155195856
aws05,4,2,wspd,0.22562405467033386,0.4159402549266815,0.37552574276924133,0.9739079648895936,0.3031511604785919,0.4182208478450775,0.422556072473526,0.7705720955548796
aws05,5,2,wspd,0.22562405467033386,0.4159402549266815,0.37552574276924133,0.9739079648895936,0.29215648770332336,0.4537573754787445,0.4275384843349457,0.7665981922724993
aws05,6,2,wspd,0.22562405467033386,0.4159402549266815,0.37552574276924133,0.9739079648895936,0.25454574823379517,0.45253536105155945,0.41218018531799316,0.7635079216123489
aws05,7,2,wspd,0.22562405467033386,0.4159402549266815,0.37552574276924133,0.9739079648895936,0.23644134402275085,0.44233277440071106,0.4035097062587738,0.7617402589134135
aws05,8,2,wspd,0.22562405467033386,0.4159402549266815,0.37552574276924133,0.9739079648895936,0.26541516184806824,0.4802931845188141,0.43210574984550476,0.7622034705104959
aws05,9,2,wspd,0.22562405467033386,0.4159402549266815,0.37552574276924133,0.9739079648895936,0.25528189539909363,0.4673095643520355,0.42733749747276306,0.7618830599908053
aws05,10,2,wspd,0.22562405467033386,0.4159402549266815,0.37552574276924133,0.9739079648895936,0.19518111646175385,0.412797749042511,0.3635929822921753,0.7652045973738874
aws05,11,2,wspd,0.22562405467033386,0.4159402549266815,0.37552574276924133,0.9739079648895936,0.16914157569408417,0.37408414483070374,0.3217681646347046,0.764239302338818
aws05,12,2,wspd,0.22562405467033386,0.4159402549266815,0.37552574276924133,0.9739079648895936,0.12255819141864777,0.3320344388484955,0.280964732170105,0.7696754649885174
aws05,1,3,P,-0.25681987404823303,0.014013750478625298,0.25681987404823303,0.9812574757862543,-0.24623553454875946,0.007795123849064112,0.24623553454875946,0.7741960258287973
aws05,2,3,P,-0.25681987404823303,0.014013750478625298,0.25681987404823303,0.9812574757862543,-0.2513686418533325,0.01032252050936222,0.2513686418533325,0.7717448687282729
aws05,3,3,P,-0.25681987404823303,0.014013750478625298,0.25681987404823303,0.9812574757862543,-0.25669828057289124,0.011293981224298477,0.25669828057289124,0.7816665629013949
aws05,4,3,P,-0.25681987404823303,0.014013750478625298,0.25681987404823303,0.9812574757862543,-0.2622998058795929,0.01440438162535429,0.2622998058795929,0.7767339854168461
aws05,5,3,P,-0.25681987404823303,0.014013750478625298,0.25681987404823303,0.9812574757862543,-0.2593895196914673,0.016998212784528732,0.2593895196914673,0.7745644523292511
aws05,6,3,P,-0.25681987404823303,0.014013750478625298,0.25681987404823303,0.9812574757862543,-0.26118430495262146,0.015036394819617271,0.26118430495262146,0.771729022876669
aws05,7,3,P,-0.25681987404823303,0.014013750478625298,0.25681987404823303,0.9812574757862543,-0.2636246681213379,0.014108571223914623,0.2636246681213379,0.7741036641309708
aws05,8,3,P,-0.25681987404823303,0.014013750478625298,0.25681987404823303,0.9812574757862543,-0.2613861560821533,0.013330921530723572,0.2613861560821533,0.7744418243908776
aws05,9,3,P,-0.25681987404823303,0.014013750478625298,0.25681987404823303,0.9812574757862543,-0.26468607783317566,0.011981685645878315,0.26468607783317566,0.7716656093221331
aws05,10,3,P,-0.25681987404823303,0.014013750478625298,0.25681987404823303,0.9812574757862543,-0.25742200016975403,0.011481801979243755,0.25742200016975403,0.7745031609164791
aws05,11,3,P,-0.25681987404823303,0.014013750478625298,0.25681987404823303,0.9812574757862543,-0.25108590722084045,0.011947007849812508,0.25108590722084045,0.7705479887131897
aws05,12,3,P,-0.25681987404823303,0.014013750478625298,0.25681987404823303,0.9812574757862543,-0.24618792533874512,0.008697224780917168,0.24618792533874512,0.7737950503782599
aws05,1,4,q,0.3592115640640259,0.3157707452774048,0.38126668334007263,0.9621321872674814,0.40885815024375916,0.4486464858055115,0.4777061641216278,0.7408101499398447
aws05,2,4,q,0.3592115640640259,0.3157707452774048,0.38126668334007263,0.9621321872674814,0.4671308994293213,0.3917222321033478,0.49808797240257263,0.7487871073019305
aws05,3,4,q,0.3592115640640259,0.3157707452774048,0.38126668334007263,0.9621321872674814,0.4231707453727722,0.3063352704048157,0.43821656703948975,0.7683658089857653
aws05,4,4,q,0.3592115640640259,0.3157707452774048,0.38126668334007263,0.9621321872674814,0.3581686317920685,0.2872088551521301,0.3751775324344635,0.7609324111392288
aws05,5,4,q,0.3592115640640259,0.3157707452774048,0.38126668334007263,0.9621321872674814,0.34201857447624207,0.28599172830581665,0.35706841945648193,0.7589794819334235
aws05,6,4,q,0.3592115640640259,0.3157707452774048,0.38126668334007263,0.9621321872674814,0.31255507469177246,0.24751366674900055,0.3175179362297058,0.7586093166014716
aws05,7,4,q,0.3592115640640259,0.3157707452774048,0.38126668334007263,0.9621321872674814,0.3066173791885376,0.22733700275421143,0.3094918727874756,0.7617402589134135
aws05,8,4,q,0.3592115640640259,0.3157707452774048,0.38126668334007263,0.9621321872674814,0.3225714862346649,0.2541149854660034,0.3250580132007599,0.7573759719675874
aws05,9,4,q,0.3592115640640259,0.3157707452774048,0.38126668334007263,0.9621321872674814,0.27730080485343933,0.22373223304748535,0.28013116121292114,0.7572629392838169
aws05,10,4,q,0.3592115640640259,0.3157707452774048,0.38126668334007263,0.9621321872674814,0.36266666650772095,0.2661074995994568,0.3711739182472229,0.7506751484451558
aws05,11,4,q,0.3592115640640259,0.3157707452774048,0.38126668334007263,0.9621321872674814,0.4042809307575226,0.33463841676712036,0.43497225642204285,0.7491515317805771
aws05,12,4,q,0.3592115640640259,0.3157707452774048,0.38126668334007263,0.9621321872674814,0.3413134515285492,0.42437684535980225,0.42810261249542236,0.7438321741347563
aws06,1,0,T,0.25013622641563416,0.2553846836090088,0.287996381521225,0.9352411640095323,0.26368987560272217,0.15728770196437836,0.26722589135169983,0.719284527958855
aws06,2,0,T,0.25013622641563416,0.2553846836090088,0.287996381521225,0.9352411640095323,0.28610721230506897,0.19654834270477295,0.29312026500701904,0.7180865438654962
aws06,3,0,T,0.25013622641563416,0.2553846836090088,0.287996381521225,0.9352411640095323,0.28886285424232483,0.24511699378490448,0.3159128725528717,0.7341676706644309
aws06,4,0,T,0.25013622641563416,0.2553846836090088,0.287996381521225,0.9352411640095323,0.21800075471401215,0.2739286720752716,0.2777973711490631,0.7353530514455532
aws06,5,0,T,0.25013622641563416,0.2553846836090088,0.287996381521225,0.9352411640095323,0.23810936510562897,0.28516942262649536,0.2912217378616333,0.7363281491099863
aws06,6,0,T,0.25013622641563416,0.2553846836090088,0.287996381521225,0.9352411640095323,0.2927838861942291,0.29244962334632874,0.3373149335384369,0.7323065199199581
aws06,7,0,T,0.25013622641563416,0.2553846836090088,0.287996381521225,0.9352411640095323,0.2088460922241211,0.2843380272388458,0.27746301889419556,0.7375789543308668
aws06,8,0,T,0.25013622641563416,0.2553846836090088,0.287996381521225,0.9352411640095323,0.2462686151266098,0.2973635196685791,0.30783987045288086,0.7373398684307223
aws06,9,0,T,0.25013622641563416,0.2553846836090088,0.287996381521225,0.9352411640095323,0.26451367139816284,0.2987018823623657,0.31251004338264465,0.7301944200501952
aws06,10,0,T,0.25013622641563416,0.2553846836090088,0.287996381521225,0.9352411640095323,0.21285688877105713,0.24180494248867035,0.2516408860683441,0.7234458981318768
aws06,11,0,T,0.25013622641563416,0.2553846836090088,0.287996381521225,0.9352411640095323,0.24098864197731018,0.19221988320350647,0.2532045543193817,0.7142594194504723
aws06,12,0,T,0.25013622641563416,0.2553846836090088,0.287996381521225,0.9352411640095323,0.2460973858833313,0.16673915088176727,0.2503928542137146,0.7142594194504723
aws06,1,1,RH,1.210928201675415,0.6437678933143616,1.228061556816101,0.9464193000009627,0.8381229639053345,0.5341988801956177,0.8756029009819031,0.7391867972749392
aws06,2,1,RH,1.210928201675415,0.6437678933143616,1.228061556816101,0.9464193000009627,0.9644978046417236,0.5318589806556702,0.981198251247406,0.7384340281006816
aws06,3,1,RH,1.210928201675415,0.6437678933143616,1.228061556816101,0.9464193000009627,1.187978982925415,0.5588293671607971,1.1939077377319336,0.7461043470507529
aws06,4,1,RH,1.210928201675415,0.6437678933143616,1.228061556816101,0.9464193000009627,1.3201628923416138,0.5529201030731201,1.3274730443954468,0.7388582971545848
aws06,5,1,RH,1.210928201675415,0.6437678933143616,1.228061556816101,0.9464193000009627,1.2964067459106445,0.6671954393386841,1.3169664144515991,0.7425825412213932
aws06,6,1,RH,1.210928201675415,0.6437678933143616,1.228061556816101,0.9464193000009627,1.2789866924285889,0.6487632989883423,1.2900968790054321,0.7385756912598856
aws06,7,1,RH,1.210928201675415,0.6437678933143616,1.228061556816101,0.9464193000009627,1.4099724292755127,0.6408318877220154,1.4196397066116333,0.7419053060163519
aws06,8,1,RH,1.210928201675415,0.6437678933143616,1.228061556816101,0.9464193000009627,1.498647689819336,0.7083308696746826,1.5080151557922363,0.7393739318565031
aws06,9,1,RH,1.210928201675415,0.6437678933143616,1.228061556816101,0.9464193000009627,1.357304334640503,0.6834576725959778,1.376678466796875,0.741405145373366
aws06,10,1,RH,1.210928201675415,0.6437678933143616,1.228061556816101,0.9464193000009627,1.3334078788757324,0.6167713403701782,1.340580701828003,0.7391867972749392
aws06,11,1,RH,1.210928201675415,0.6437678933143616,1.228061556816101,0.9464193000009627,1.1000909805297852,0.5794225931167603,1.1204948425292969,0.7322047231953334
aws06,12,1,RH,1.210928201675415,0.6437678933143616,1.228061556816101,0.9464193000009627,0.9022963643074036,0.5771546363830566,0.9457607269287109,0.7335184788668713
aws06,1,2,wspd,0.398123562335968,0.4147229790687561,0.4587174654006958,0.9467002881778992,0.3174070715904236,0.3778688609600067,0.38526031374931335,0.7392804170947377
aws06,2,2,wspd,0.398123562335968,0.4147229790687561,0.4587174654006958,0.9467002881778992,0.3405994474887848,0.3792282044887543,0.42146095633506775,0.7381973863590016
aws06,3,2,wspd,0.398123562335968,0.4147229790687561,0.4587174654006958,0.9467002881778992,0.3819506764411926,0.3875689208507538,0.44362103939056396,0.7456721752882446
aws06,4,2,wspd,0.398123562335968,0.4147229790687561,0.4587174654006958,0.9467002881778992,0.4716464877128601,0.3814949691295624,0.5044496059417725,0.7418599607107392
aws06,5,2,wspd,0.398123562335968,0.4147229790687561,0.4587174654006958,0.9467002881778992,0.4763917922973633,0.45067787170410156,0.5250188708305359,0.7423123072323873
aws06,6,2,wspd,0.398123562335968,0.4147229790687561,0.4587174654006958,0.9467002881778992,0.41808250546455383,0.4206128418445587,0.4741117060184479,0.7393271875931356
aws06,7,2,wspd,0.398123562335968,0.4147229790687561,0.4587174654006958,0.9467002881778992,0.4384208619594574,0.4265494644641876,0.4886850416660309,0.7433434793227004
aws06,8,2,wspd,0.398123562335968,0.4147229790687561,0.4587174654006958,0.9467002881778992,0.45976367592811584,0.4337969720363617,0.5072981715202332,0.74369917769743
aws06,9,2,wspd,0.398123562335968,0.4147229790687561,0.4587174654006958,0.9467002881778992,0.36537235975265503,0.46854397654533386,0.45657020807266235,0.7381499772646588
aws06,10,2,wspd,0.398123562335968,0.4147229790687561,0.4587174654006958,0.9467002881778992,0.4379114508628845,0.437265545129776,0.4907233417034149,0.73801946301193
aws06,11,2,wspd,0.398123562335968,0.4147229790687561,0.4587174654006958,0.9467002881778992,0.35431259870529175,0.38611263036727905,0.42346620559692383,0.7309216596144407
aws06,12,2,wspd,0.398123562335968,0.4147229790687561,0.4587174654006958,0.9467002881778992,0.29482194781303406,0.3528667986392975,0.36778420209884644,0.7336687418677649
aws06,1,3,P,0.1432420015335083,0.009966513141989708,0.1432420015335083,0.9510966980650544,0.14590127766132355,0.005354467313736677,0.14590127766132355,0.7420411940747275
aws06,2,3,P,0.1432420015335083,0.009966513141989708,0.1432420015335083,0.9510966980650544,0.14442385733127594,0.00886544305831194,0.14442385733127594,0.7404879994166914
aws06,3,3,P,0.1432420015335083,0.009966513141989708,0.1432420015335083,0.9510966980650544,0.14370198547840118,0.00846081506460905,0.14370198547840118,0.7482322127751669
aws06,4,3,P,0.1432420015335083,0.009966513141989708,0.1432420015335083,0.9510966980650544,0.1393519639968872,0.012407748028635979,0.1393519639968872,0.7454986770689915
aws06,5,3,P,0.1432420015335083,0.009966513141989708,0.1432420015335083,0.9510966980650544,0.1450156718492508,0.01553411316126585,0.1450156718492508,0.748274220757573
aws06,6,3,P,0.1432420015335083,0.009966513141989708,0.1432420015335083,0.9510966980650544,0.14488108456134796,0.011645916849374771,0.14488108456134796,0.7454986770689915
aws06,7,3,P,0.1432420015335083,0.009966513141989708,0.1432420015335083,0.9510966980650544,0.14414820075035095,0.011048913933336735,0.14414820075035095,0.7482322127751669
aws06,8,3,P,0.1432420015335083,0.009966513141989708,0.1432420015335083,0.9510966980650544,0.14358045160770416,0.00922974944114685,0.14358045160770416,0.7482322127751669
aws06,9,3,P,0.1432420015335083,0.009966513141989708,0.1432420015335083,0.9510966980650544,0.14115405082702637,0.008361087180674076,0.14115405082702637,0.7455420854998902
aws06,10,3,P,0.1432420015335083,0.009966513141989708,0.1432420015335083,0.9510966980650544,0.14159949123859406,0.007750712335109711,0.14159949123859406,0.7438321741347563
aws06,11,3,P,0.1432420015335083,0.009966513141989708,0.1432420015335083,0.9510966980650544,0.14235450327396393,0.0066542066633701324,0.14235450327396393,0.7343167686615626
aws06,12,3,P,0.1432420015335083,0.009966513141989708,0.1432420015335083,0.9510966980650544,0.14264996349811554,0.006369061768054962,0.14264996349811554,0.7367632479954387
aws06,1,4,q,0.5623576641082764,0.3826603591442108,0.563499391078949,0.9304790110610476,0.9483474493026733,0.3813991844654083,0.9509103298187256,0.7167485597621601
aws06,2,4,q,0.5623576641082764,0.3826603591442108,0.563499391078949,0.9304790110610476,0.7904223203659058,0.313056617975235,0.7906178832054138,0.7165029649383615
aws06,3,4,q,0.5623576641082764,0.3826603591442108,0.563499391078949,0.9304790110610476,0.6235343813896179,0.3507046103477478,0.6238692402839661,0.7318474521943651
aws06,4,4,q,0.5623576641082764,0.3826603591442108,0.563499391078949,0.9304790110610476,0.47685763239860535,0.33171603083610535,0.47765475511550903,0.7287737068711984
aws06,5,4,q,0.5623576641082764,0.3826603591442108,0.563499391078949,0.9304790110610476,0.43775689601898193,0.34087347984313965,0.4395782947540283,0.7302465767305605
aws06,6,4,q,0.5623576641082764,0.3826603591442108,0.563499391078949,0.9304790110610476,0.40118879079818726,0.2859227955341339,0.4019477069377899,0.7258574851148459
aws06,7,4,q,0.5623576641082764,0.3826603591442108,0.563499391078949,0.9304790110610476,0.3401697278022766,0.26842424273490906,0.34030523896217346,0.7311798576004964
aws06,8,4,q,0.5623576641082764,0.3826603591442108,0.563499391078949,0.9304790110610476,0.38338837027549744,0.29244089126586914,0.38398703932762146,0.7275440668116134
aws06,9,4,q,0.5623576641082764,0.3826603591442108,0.563499391078949,0.9304790110610476,0.35362866520881653,0.26605430245399475,0.3546484112739563,0.7258574851148459
aws06,10,4,q,0.5623576641082764,0.3826603591442108,0.563499391078949,0.9304790110610476,0.5024592280387878,0.2892439663410187,0.5040883421897888,0.7179506865760993
aws06,11,4,q,0.5623576641082764,0.3826603591442108,0.563499391078949,0.9304790110610476,0.7214009165763855,0.3320155441761017,0.7241127490997314,0.7120187108722723
aws06,12,4,q,0.5623576641082764,0.3826603591442108,0.563499391078949,0.9304790110610476,0.9284301400184631,0.3918607532978058,0.9300828576087952,0.7129222369870266
aws11,1,0,T,-0.18280550837516785,0.2223905324935913,0.25314754247665405,0.9382468180263444,-0.24395869672298431,0.1068544089794159,0.2471400499343872,0.7052808653932275
aws11,2,0,T,-0.18280550837516785,0.2223905324935913,0.25314754247665405,0.9382468180263444,-0.21230429410934448,0.16019776463508606,0.2362205982208252,0.7126006725002929
aws11,3,0,T,-0.18280550837516785,0.2223905324935913,0.25314754247665405,0.9382468180263444,-0.1726909726858139,0.20082341134548187,0.23178397119045258,0.7416328633271542
aws11,4,0,T,-0.18280550837516785,0.2223905324935913,0.25314754247665405,0.9382468180263444,-0.14259742200374603,0.2595718204975128,0.2553723454475403,0.7384812759167358
aws11,5,0,T,-0.18280550837516785,0.2223905324935913,0.25314754247665405,0.9382468180263444,-0.1549147367477417,0.23834383487701416,0.2491503357887268,0.7411310598857755
aws11,6,0,T,-0.18280550837516785,0.2223905324935913,0.25314754247665405,0.9382468180263444,-0.10802707821130753,0.28331536054611206,0.2583954632282257,0.7360368159654853
aws11,7,0,T,-0.18280550837516785,0.2223905324935913,0.25314754247665405,0.9382468180263444,-0.16241802275180817,0.25463926792144775,0.2604982256889343,0.7374355851198766
aws11,8,0,T,-0.18280550837516785,0.2223905324935913,0.25314754247665405,0.9382468180263444,-0.1575363278388977,0.2521294355392456,0.2567727863788605,0.7387642016376478
aws11,9,0,T,-0.18280550837516785,0.2223905324935913,0.25314754247665405,0.9382468180263444,-0.1568576544523239,0.2578503489494324,0.25886037945747375,0.734018305426534
aws11,10,0,T,-0.18280550837516785,0.2223905324935913,0.25314754247665405,0.9382468180263444,-0.2365628480911255,0.18999414145946503,0.271335244178772,0.7333428288971923
aws11,11,0,T,-0.18280550837516785,0.2223905324935913,0.25314754247665405,0.9382468180263444,-0.2423572540283203,0.13226357102394104,0.2525794506072998,0.7253060631965713
aws11,12,0,T,-0.18280550837516785,0.2223905324935913,0.25314754247665405,0.9382468180263444,-0.2541790306568146,0.1050456166267395,0.25622445344924927,0.7213984338019409
aws11,1,1,RH,1.1666489839553833,0.8028596043586731,1.229467511177063,0.8971823013531006,0.7260003685951233,0.6783725619316101,0.8494383692741394,0.6267313679218998
aws11,2,1,RH,1.1666489839553833,0.8028596043586731,1.229467511177063,0.8971823013531006,0.6943638920783997,0.6905791759490967,0.8271695375442505,0.6642859164807792
aws11,3,1,RH,1.1666489839553833,0.8028596043586731,1.229467511177063,0.8971823013531006,0.8808351159095764,0.7260109186172485,0.9845080375671387,0.7161949500494077
aws11,4,1,RH,1.1666489839553833,0.8028596043586731,1.229467511177063,0.8971823013531006,1.0984914302825928,0.7388442158699036,1.1701074838638306,0.7137525434025331
aws11,5,1,RH,1.1666489839553833,0.8028596043586731,1.229467511177063,0.8971823013531006,1.3899000883102417,0.7282076478004456,1.4124925136566162,0.7070730491616413
aws11,6,1,RH,1.1666489839553833,0.8028596043586731,1.229467511177063,0.8971823013531006,1.2177215814590454,0.8006595969200134,1.2832906246185303,0.7182071202415091
aws11,7,1,RH,1.1666489839553833,0.8028596043586731,1.229467511177063,0.8971823013531006,1.5826261043548584,0.8139680624008179,1.6158992052078247,0.7128580232806451
aws11,8,1,RH,1.1666489839553833,0.8028596043586731,1.229467511177063,0.8971823013531006,1.3329439163208008,0.8004605174064636,1.3688201904296875,0.7044145515907988
aws11,9,1,RH,1.1666489839553833,0.8028596043586731,1.229467511177063,0.8971823013531006,1.395379662513733,0.8548056483268738,1.4375375509262085,0.6985241190792864
aws11,10,1,RH,1.1666489839553833,0.8028596043586731,1.229467511177063,0.8971823013531006,1.2786129713058472,0.6767373085021973,1.3037358522415161,0.6573612083948878
aws11,11,1,RH,1.1666489839553833,0.8028596043586731,1.229467511177063,0.8971823013531006,0.9338998794555664,0.667975902557373,0.9868060350418091,0.6476591880363136
aws11,12,1,RH,1.1666489839553833,0.8028596043586731,1.229467511177063,0.8971823013531006,0.7565308213233948,0.6663976907730103,0.8584669232368469,0.6469538657272802
aws11,1,2,wspd,0.04754813015460968,0.5054187774658203,0.36664441227912903,0.9350058361453709,0.09457193315029144,0.3620922267436981,0.2886902391910553,0.7232476539149052
aws11,2,2,wspd,0.04754813015460968,0.5054187774658203,0.36664441227912903,0.9350058361453709,0.13075074553489685,0.38932138681411743,0.31046614050865173,0.7236013312700574
aws11,3,2,wspd,0.04754813015460968,0.5054187774658203,0.36664441227912903,0.9350058361453709,0.11325027048587799,0.4003105163574219,0.3272336423397064,0.7358420264928162
aws11,4,2,wspd,0.04754813015460968,0.5054187774658203,0.36664441227912903,0.9350058361453709,0.08228673040866852,0.46213287115097046,0.35560888051986694,0.7301422307055533
aws11,5,2,wspd,0.04754813015460968,0.5054187774658203,0.36664441227912903,0.9350058361453709,-0.11261724680662155,0.8699960112571716,0.5535823106765747,0.7256373540089095
aws11,6,2,wspd,0.04754813015460968,0.5054187774658203,0.36664441227912903,0.9350058361453709,0.051336318254470825,0.502004086971283,0.38864046335220337,0.7251953396016959
aws11,7,2,wspd,0.04754813015460968,0.5054187774658203,0.36664441227912903,0.9350058361453709,0.050422798842191696,0.5057758688926697,0.3849310576915741,0.7293554427996435
aws11,8,2,wspd,0.04754813015460968,0.5054187774658203,0.36664441227912903,0.9350058361453709,0.04429594427347183,0.5356490612030029,0.40146076679229736,0.7317962882122001
aws11,9,2,wspd,0.04754813015460968,0.5054187774658203,0.36664441227912903,0.9350058361453709,0.022510383278131485,0.4746866822242737,0.3689686357975006,0.7322047231953334
aws11,10,2,wspd,0.04754813015460968,0.5054187774658203,0.36664441227912903,0.9350058361453709,0.002642122795805335,0.4849652349948883,0.37200042605400085,0.7258712240207106
aws11,11,2,wspd,0.04754813015460968,0.5054187774658203,0.36664441227912903,0.9350058361453709,-0.015332324430346489,0.47313863039016724,0.35642632842063904,0.7216300360585967
aws11,12,2,wspd,0.04754813015460968,0.5054187774658203,0.36664441227912903,0.9350058361453709,0.09631825238466263,0.3690837621688843,0.2933746576309204,0.729565980308336
aws11,1,3,P,-0.5801438689231873,0.02431378699839115,0.5801438689231873,0.9474664727084745,-0.5614450573921204,0.020570363849401474,0.5614450573921204,0.7280809237711788
aws11,2,3,P,-0.5801438689231873,0.02431378699839115,0.5801438689231873,0.9474664727084745,-0.5705133676528931,0.027919914573431015,0.5705133676528931,0.7254442611276359
aws11,3,3,P,-0.5801438689231873,0.02431378699839115,0.5801438689231873,0.9474664727084745,-0.5723661184310913,0.019849004223942757,0.5723661184310913,0.7456721752882446
aws11,4,3,P,-0.5801438689231873,0.02431378699839115,0.5801438689231873,0.9474664727084745,-0.5826070308685303,0.020655838772654533,0.5826070308685303,0.744318019775764
aws11,5,3,P,-0.5801438689231873,0.02431378699839115,0.5801438689231873,0.9474664727084745,-0.5878457427024841,0.020836979150772095,0.5878457427024841,0.7471325055756596
aws11,6,3,P,-0.5801438689231873,0.02431378699839115,0.5801438689231873,0.9474664727084745,-0.5911394357681274,0.02103138342499733,0.5911394357681274,0.7446695913805034
aws11,7,3,P,-0.5801438689231873,0.02431378699839115,0.5801438689231873,0.9474664727084745,-0.5917588472366333,0.02181822620332241,0.5917588472366333,0.746962024333062
aws11,8,3,P,-0.5801438689231873,0.02431378699839115,0.5801438689231873,0.9474664727084745,-0.5915934443473816,0.021698197349905968,0.5915934443473816,0.7467056467433291
aws11,9,3,P,-0.5801438689231873,0.02431378699839115,0.5801438689231873,0.9474664727084745,-0.5923433303833008,0.022092264145612717,0.5923433303833008,0.74369917769743
aws11,10,3,P,-0.5801438689231873,0.02431378699839115,0.5801438689231873,0.9474664727084745,-0.5816823244094849,0.02332054264843464,0.5816823244094849,0.7397934544877393
aws11,11,3,P,-0.5801438689231873,0.02431378699839115,0.5801438689231873,0.9474664727084745,-0.568541944026947,0.018883053213357925,0.568541944026947,0.7330156362892044
aws11,12,3,P,-0.5801438689231873,0.02431378699839115,0.5801438689231873,0.9474664727084745,-0.5604588985443115,0.01792508363723755,0.5604588985443115,0.7355000454569138
aws11,1,4,q,0.1580391526222229,0.3248056471347809,0.26845458149909973,0.8853541583440873,0.002247252967208624,0.46241313219070435,0.3575969636440277,0.6020627838139976
aws11,2,4,q,0.1580391526222229,0.3248056471347809,0.26845458149909973,0.8853541583440873,0.05638542398810387,0.39782214164733887,0.3014068603515625,0.6363960093696482
aws11,3,4,q,0.1580391526222229,0.3248056471347809,0.26845458149909973,0.8853541583440873,0.14272935688495636,0.3563847541809082,0.2922748029232025,0.7100489520403545
aws11,4,4,q,0.1580391526222229,0.3248056471347809,0.26845458149909973,0.8853541583440873,0.1944081336259842,0.34287580847740173,0.28682640194892883,0.7070730491616413
aws11,5,4,q,0.1580391526222229,0.3248056471347809,0.26845458149909973,0.8853541583440873,0.22574502229690552,0.3161609470844269,0.30545908212661743,0.7002606862606887
aws11,6,4,q,0.1580391526222229,0.3248056471347809,0.26845458149909973,0.8853541583440873,0.20456331968307495,0.30296698212623596,0.26370829343795776,0.7080315043085265
aws11,7,4,q,0.1580391526222229,0.3248056471347809,0.26845458149909973,0.8853541583440873,0.19649186730384827,0.28252145648002625,0.25787022709846497,0.7015949375784042
aws11,8,4,q,0.1580391526222229,0.3248056471347809,0.26845458149909973,0.8853541583440873,0.1654527485370636,0.25728344917297363,0.22254855930805206,0.6942185516944056
aws11,9,4,q,0.1580391526222229,0.3248056471347809,0.26845458149909973,0.8853541583440873,0.16208268702030182,0.20574045181274414,0.20226505398750305,0.6837909677600197
aws11,10,4,q,0.1580391526222229,0.3248056471347809,0.26845458149909973,0.8853541583440873,0.13330331444740295,0.28084254264831543,0.22262105345726013,0.6480445856821034
aws11,11,4,q,0.1580391526222229,0.3248056471347809,0.26845458149909973,0.8853541583440873,0.11841923743486404,0.34120574593544006,0.26124051213264465,0.6314268275730566
aws11,12,4,q,0.1580391526222229,0.3248056471347809,0.26845458149909973,0.8853541583440873,-0.003115649800747633,0.37963196635246277,0.30377838015556335,0.6241176736257266
bear_peninsula,1,0,T,0.1201675534248352,0.25428614020347595,0.21342484652996063,0.9201754585512725,0.048714835196733475,0.16627031564712524,0.1317855715751648,0.7037543761365462
bear_peninsula,2,0,T,0.1201675534248352,0.25428614020347595,0.21342484652996063,0.9201754585512725,0.0887657105922699,0.20140928030014038,0.16740216314792633,0.7044856096495348
bear_peninsula,3,0,T,0.1201675534248352,0.25428614020347595,0.21342484652996063,0.9201754585512725,0.16965417563915253,0.2481829971075058,0.22631748020648956,0.7223210056417791
bear_peninsula,4,0,T,0.1201675534248352,0.25428614020347595,0.21342484652996063,0.9201754585512725,0.23802857100963593,0.2727014124393463,0.2896605134010315,0.7189269375657027
bear_peninsula,5,0,T,0.1201675534248352,0.25428614020347595,0.21342484652996063,0.9201754585512725,0.12430091202259064,0.2589550316333771,0.22274844348430634,0.7204068793797606
bear_peninsula,6,0,T,0.1201675534248352,0.25428614020347595,0.21342484652996063,0.9201754585512725,0.1410093605518341,0.2944846749305725,0.25156277418136597,0.7177237644062883
bear_peninsula,7,0,T,0.1201675534248352,0.25428614020347595,0.21342484652996063,0.9201754585512725,0.21496309340000153,0.29149651527404785,0.29248034954071045,0.7199951380562742
bear_peninsula,8,0,T,0.1201675534248352,0.25428614020347595,0.21342484652996063,0.9201754585512725,0.15808320045471191,0.2636066675186157,0.2356840968132019,0.7199361514437719
bear_peninsula,9,0,T,0.1201675534248352,0.25428614020347595,0.21342484652996063,0.9201754585512725,0.0927598625421524,0.29149729013442993,0.24196167290210724,0.7178448664560597
bear_peninsula,10,0,T,0.1201675534248352,0.25428614020347595,0.21342484652996063,0.9201754585512725,0.032397180795669556,0.1963220089673996,0.15736159682273865,0.7104135773900498
bear_peninsula,11,0,T,0.1201675534248352,0.25428614020347595,0.21342484652996063,0.9201754585512725,0.03680931776762009,0.17609654366970062,0.14517061412334442,0.7054741123790934
bear_peninsula,12,0,T,0.1201675534248352,0.25428614020347595,0.21342484652996063,0.9201754585512725,0.027574820443987846,0.1707758605480194,0.13964858651161194,0.6899113335243316
bear_peninsula,1,1,RH,0.2827102839946747,0.6420695781707764,0.5600125193595886,0.9223213641890751,0.015401734039187431,0.6670443415641785,0.5313541889190674,0.7154977255675886
bear_peninsula,2,1,RH,0.2827102839946747,0.6420695781707764,0.5600125193595886,0.9223213641890751,0.13650964200496674,0.6593291163444519,0.5377336740493774,0.7079634076074269
bear_peninsula,3,1,RH,0.2827102839946747,0.6420695781707764,0.5600125193595886,0.9223213641890751,0.22668151557445526,0.6154083609580994,0.5290957689285278,0.7213404325235713
bear_peninsula,4,1,RH,0.2827102839946747,0.6420695781707764,0.5600125193595886,0.9223213641890751,0.2670723795890808,0.6551857590675354,0.5608239769935608,0.7179053515491404
bear_peninsula,5,1,RH,0.2827102839946747,0.6420695781707764,0.5600125193595886,0.9223213641890751,0.31411129236221313,0.5897713899612427,0.5428117513656616,0.7174202370871764
bear_peninsula,6,1,RH,0.2827102839946747,0.6420695781707764,0.5600125193595886,0.9223213641890751,0.3371337354183197,0.5992723107337952,0.5520854592323303,0.7210498190352034
bear_peninsula,7,1,RH,0.2827102839946747,0.6420695781707764,0.5600125193595886,0.9223213641890751,0.35224345326423645,0.6123430132865906,0.5459661483764648,0.723573092254764
bear_peninsula,8,1,RH,0.2827102839946747,0.6420695781707764,0.5600125193595886,0.9223213641890751,0.40920382738113403,0.6103675961494446,0.5747033953666687,0.7196997865745595
bear_peninsula,9,1,RH,0.2827102839946747,0.6420695781707764,0.5600125193595886,0.9223213641890751,0.5055007338523865,0.5598621964454651,0.6148471236228943,0.7191952741124078
bear_peninsula,10,1,RH,0.2827102839946747,0.6420695781707764,0.5600125193595886,0.9223213641890751,0.5220058560371399,0.5980057716369629,0.6573988199234009,0.7077246299846531
bear_peninsula,11,1,RH,0.2827102839946747,0.6420695781707764,0.5600125193595886,0.9223213641890751,0.3057120740413666,0.6654035449028015,0.5992425084114075,0.7037006184742154
bear_peninsula,12,1,RH,0.2827102839946747,0.6420695781707764,0.5600125193595886,0.9223213641890751,-0.05096719413995743,0.618572473526001,0.47748759388923645,0.7048753495889631
bear_peninsula,1,2,wspd,0.7121047973632812,1.0236579179763794,0.90204256772995,0.8809110196453084,0.6042024493217468,0.7930637001991272,0.7285861968994141,0.6878774068283121
bear_peninsula,2,2,wspd,0.7121047973632812,1.0236579179763794,0.90204256772995,0.8809110196453084,0.731519341468811,0.9405382871627808,0.8821468353271484,0.677750018215301
bear_peninsula,3,2,wspd,0.7121047973632812,1.0236579179763794,0.90204256772995,0.8809110196453084,0.6707178950309753,0.9694311022758484,0.8820613622665405,0.6848764647907992
bear_peninsula,4,2,wspd,0.7121047973632812,1.0236579179763794,0.90204256772995,0.8809110196453084,0.5464777946472168,0.931108832359314,0.7667995095252991,0.6801621499557241
bear_peninsula,5,2,wspd,0.7121047973632812,1.0236579179763794,0.90204256772995,0.8809110196453084,0.8441426157951355,1.1895418167114258,1.0920350551605225,0.6732240191024893
bear_peninsula,6,2,wspd,0.7121047973632812,1.0236579179763794,0.90204256772995,0.8809110196453084,0.6355469822883606,1.126412034034729,0.9556430578231812,0.6701713675048961
bear_peninsula,7,2,wspd,0.7121047973632812,1.0236579179763794,0.90204256772995,0.8809110196453084,0.6079066395759583,0.9791778922080994,0.7974120378494263,0.6782380625580271
bear_peninsula,8,2,wspd,0.7121047973632812,1.0236579179763794,0.90204256772995,0.8809110196453084,0.8710991144180298,1.1796008348464966,1.0624561309814453,0.6697413977237558
bear_peninsula,9,2,wspd,0.7121047973632812,1.0236579179763794,0.90204256772995,0.8809110196453084,0.8476806282997131,1.1522140502929688,1.0492626428604126,0.6639688949444847
bear_peninsula,10,2,wspd,0.7121047973632812,1.0236579179763794,0.90204256772995,0.8809110196453084,0.8436784148216248,1.19661545753479,1.071258544921875,0.6412752612469639
bear_peninsula,11,2,wspd,0.7121047973632812,1.0236579179763794,0.90204256772995,0.8809110196453084,0.8601494431495667,0.9782001376152039,0.9823285937309265,0.6656553413404739
bear_peninsula,12,2,wspd,0.7121047973632812,1.0236579179763794,0.90204256772995,0.8809110196453084,0.6145366430282593,0.8253732323646545,0.7192322015762329,0.6835630318046365
bear_peninsula,1,3,P,-0.29851749539375305,0.02080918662250042,0.29851749539375305,0.9258156372184296,-0.2883213758468628,0.01706240326166153,0.2883213758468628,0.7174050316618384
bear_peninsula,2,3,P,-0.29851749539375305,0.02080918662250042,0.29851749539375305,0.9258156372184296,-0.28880929946899414,0.018999075517058372,0.28880929946899414,0.7163182926559523
bear_peninsula,3,3,P,-0.29851749539375305,0.02080918662250042,0.29851749539375305,0.9258156372184296,-0.29274725914001465,0.018528973683714867,0.29274725914001465,0.7243042144294493
bear_peninsula,4,3,P,-0.29851749539375305,0.02080918662250042,0.29851749539375305,0.9258156372184296,-0.2968772053718567,0.018789516761898994,0.2968772053718567,0.7215721958110319
bear_peninsula,5,3,P,-0.29851749539375305,0.02080918662250042,0.29851749539375305,0.9258156372184296,-0.30281612277030945,0.02183951623737812,0.30281612277030945,0.7243042144294493
bear_peninsula,6,3,P,-0.29851749539375305,0.02080918662250042,0.29851749539375305,0.9258156372184296,-0.30279362201690674,0.0184162650257349,0.30279362201690674,0.7215721958110319
bear_peninsula,7,3,P,-0.29851749539375305,0.02080918662250042,0.29851749539375305,0.9258156372184296,-0.30227598547935486,0.021891014650464058,0.30227598547935486,0.7241921507604069
bear_peninsula,8,3,P,-0.29851749539375305,0.02080918662250042,0.29851749539375305,0.9258156372184296,-0.3049940764904022,0.022341279312968254,0.3049940764904022,0.7243042144294493
bear_peninsula,9,3,P,-0.29851749539375305,0.02080918662250042,0.29851749539375305,0.9258156372184296,-0.3077413737773895,0.024122674018144608,0.3077413737773895,0.7212533548423635
bear_peninsula,10,3,P,-0.29851749539375305,0.02080918662250042,0.29851749539375305,0.9258156372184296,-0.3021252155303955,0.021314280107617378,0.3021252155303955,0.7120511489160192
bear_peninsula,11,3,P,-0.29851749539375305,0.02080918662250042,0.29851749539375305,0.9258156372184296,-0.2984507381916046,0.01821930892765522,0.2984507381916046,0.7063816257109118
bear_peninsula,12,3,P,-0.29851749539375305,0.02080918662250042,0.29851749539375305,0.9258156372184296,-0.29242417216300964,0.013137338683009148,0.29242417216300964,0.708743180045052
bear_peninsula,1,4,q,0.276999831199646,0.378040611743927,0.3608074188232422,0.916509046105647,0.23516038060188293,0.4666881561279297,0.422475129365921,0.7015029683235849
bear_peninsula,2,4,q,0.276999831199646,0.378040611743927,0.3608074188232422,0.916509046105647,0.3927116394042969,0.42703595757484436,0.46314072608947754,0.6949384985769647
bear_peninsula,3,4,q,0.276999831199646,0.378040611743927,0.3608074188232422,0.916509046105647,0.3892284333705902,0.36926084756851196,0.4240349233150482,0.719284527958855
bear_peninsula,4,4,q,0.276999831199646,0.378040611743927,0.3608074188232422,0.916509046105647,0.3917490839958191,0.36240723729133606,0.4183104336261749,0.715201581361162
bear_peninsula,5,4,q,0.276999831199646,0.378040611743927,0.3608074188232422,0.916509046105647,0.28603190183639526,0.3402213752269745,0.3487887978553772,0.713561667197684
bear_peninsula,6,4,q,0.276999831199646,0.378040611743927,0.3608074188232422,0.916509046105647,0.1809459924697876,0.31527945399284363,0.2792342007160187,0.7172985159286598
bear_peninsula,7,4,q,0.276999831199646,0.378040611743927,0.3608074188232422,0.916509046105647,0.2792588770389557,0.37272173166275024,0.3368518352508545,0.71916550157428
bear_peninsula,8,4,q,0.276999831199646,0.378040611743927,0.3608074188232422,0.916509046105647,0.25181692838668823,0.3133220970630646,0.31162208318710327,0.7153264019549287
bear_peninsula,9,4,q,0.276999831199646,0.378040611743927,0.3608074188232422,0.916509046105647,0.20370866358280182,0.33133745193481445,0.28121593594551086,0.7160095931611248
bear_peninsula,10,4,q,0.276999831199646,0.378040611743927,0.3608074188232422,0.916509046105647,0.2862726151943207,0.3656512498855591,0.3564336597919464,0.7057893712670689
bear_peninsula,11,4,q,0.276999831199646,0.378040611743927,0.3608074188232422,0.916509046105647,0.2478567510843277,0.34283706545829773,0.34145453572273254,0.7027632663171857
bear_peninsula,12,4,q,0.276999831199646,0.378040611743927,0.3608074188232422,0.916509046105647,0.15559078752994537,0.45201337337493896,0.38134264945983887,0.6850335916611442
cape_bird,1,0,T,-0.0006218201015144587,0.3428114056587219,0.23130372166633606,0.9930307108438962,0.04147094860672951,0.32260680198669434,0.23961517214775085,0.7707887438883527
cape_bird,2,0,T,-0.0006218201015144587,0.3428114056587219,0.23130372166633606,0.9930307108438962,0.07800585776567459,0.2405850887298584,0.20592328906059265,0.7758563500490653
cape_bird,3,0,T,-0.0006218201015144587,0.3428114056587219,0.23130372166633606,0.9930307108438962,0.12478029727935791,0.22412240505218506,0.21674610674381256,0.8003223202092754
cape_bird,4,0,T,-0.0006218201015144587,0.3428114056587219,0.23130372166633606,0.9930307108438962,0.041223473846912384,0.3009735941886902,0.20419588685035706,0.7961667496531025
cape_bird,5,0,T,-0.0006218201015144587,0.3428114056587219,0.23130372166633606,0.9930307108438962,-0.0338212288916111,0.40663039684295654,0.241190567612648,0.796214014217763
cape_bird,6,0,T,-0.0006218201015144587,0.3428114056587219,0.23130372166633606,0.9930307108438962,-0.03888082131743431,0.355444997549057,0.23033708333969116,0.7886386576492938
cape_bird,7,0,T,-0.0006218201015144587,0.3428114056587219,0.23130372166633606,0.9930307108438962,-0.059929803013801575,0.3320905566215515,0.22559647262096405,0.7964145900850417
cape_bird,8,0,T,-0.0006218201015144587,0.3428114056587219,0.23130372166633606,0.9930307108438962,-0.13039013743400574,0.36412397027015686,0.24815967679023743,0.7921968807252471
cape_bird,9,0,T,-0.0006218201015144587,0.3428114056587219,0.23130372166633606,0.9930307108438962,-0.08395392447710037,0.3565598726272583,0.24558782577514648,0.783310024428132
cape_bird,10,0,T,-0.0006218201015144587,0.3428114056587219,0.23130372166633606,0.9930307108438962,-0.02223469689488411,0.3253650963306427,0.22297145426273346,0.7842903069175605
cape_bird,11,0,T,-0.0006218201015144587,0.3428114056587219,0.23130372166633606,0.9930307108438962,0.014342350885272026,0.4664907455444336,0.2993103265762329,0.7773806461117361
cape_bird,12,0,T,-0.0006218201015144587,0.3428114056587219,0.23130372166633606,0.9930307108438962,0.09651384502649307,0.2170574814081192,0.1967948079109192,0.7604620600226223
cape_bird,1,1,RH,-0.1477898806333542,0.6761476993560791,0.5311484932899475,0.9183064811231922,-0.14263665676116943,0.6515355706214905,0.5163055658340454,0.7221918845003398
cape_bird,2,1,RH,-0.1477898806333542,0.6761476993560791,0.5311484932899475,0.9183064811231922,-0.02476901188492775,0.6673579812049866,0.5276978015899658,0.7143856581920282
cape_bird,3,1,RH,-0.1477898806333542,0.6761476993560791,0.5311484932899475,0.9183064811231922,-0.07855875045061111,0.7530927658081055,0.586465060710907,0.7227214411700258
cape_bird,4,1,RH,-0.1477898806333542,0.6761476993560791,0.5311484932899475,0.9183064811231922,-0.08761768788099289,0.7226361632347107,0.5727519989013672,0.7213404325235713
cape_bird,5,1,RH,-0.1477898806333542,0.6761476993560791,0.5311484932899475,0.9183064811231922,-0.11286736279726028,0.5956692099571228,0.46430572867393494,0.7090463331683812
cape_bird,6,1,RH,-0.1477898806333542,0.6761476993560791,0.5311484932899475,0.9183064811231922,-0.12171336263418198,0.602601945400238,0.4615612328052521,0.7061034419905878
cape_bird,7,1,RH,-0.1477898806333542,0.6761476993560791,0.5311484932899475,0.9183064811231922,-0.10687050223350525,0.7951823472976685,0.6210896968841553,0.7232334755510542
cape_bird,8,1,RH,-0.1477898806333542,0.6761476993560791,0.5311484932899475,0.9183064811231922,-0.2491188943386078,0.6103206276893616,0.4792572259902954,0.7060337507188419
cape_bird,9,1,RH,-0.1477898806333542,0.6761476993560791,0.5311484932899475,0.9183064811231922,-0.2261897772550583,0.5786952376365662,0.4731966257095337,0.7030528069631518
cape_bird,10,1,RH,-0.1477898806333542,0.6761476993560791,0.5311484932899475,0.9183064811231922,-0.16634657979011536,0.6213167905807495,0.49571123719215393,0.7069697006572828
cape_bird,11,1,RH,-0.1477898806333542,0.6761476993560791,0.5311484932899475,0.9183064811231922,-0.23146674036979675,0.6489244103431702,0.5485667586326599,0.6855477895814261
cape_bird,12,1,RH,-0.1477898806333542,0.6761476993560791,0.5311484932899475,0.9183064811231922,-0.297360360622406,0.7136621475219727,0.5933970808982849,0.7065896557752591
cape_bird,1,2,wspd,0.2736918032169342,0.4983508288860321,0.4050741195678711,0.9808925023188003,0.2765038013458252,0.3958309292793274,0.3660449981689453,0.781610280360913
cape_bird,2,2,wspd,0.2736918032169342,0.4983508288860321,0.4050741195678711,0.9808925023188003,0.24175912141799927,0.5180386900901794,0.44352099299430847,0.7835097572950743
cape_bird,3,2,wspd,0.2736918032169342,0.4983508288860321,0.4050741195678711,0.9808925023188003,0.31539472937583923,0.4582081735134125,0.4220927655696869,0.7887679267876538
cape_bird,4,2,wspd,0.2736918032169342,0.4983508288860321,0.4050741195678711,0.9808925023188003,0.3085487186908722,0.5250489711761475,0.41762807965278625,0.7809886505110711
cape_bird,5,2,wspd,0.2736918032169342,0.4983508288860321,0.4050741195678711,0.9808925023188003,0.27449923753738403,0.4817501902580261,0.39283889532089233,0.7782204693440922
cape_bird,6,2,wspd,0.2736918032169342,0.4983508288860321,0.4050741195678711,0.9808925023188003,0.2999642789363861,0.5447344779968262,0.430424302816391,0.7714909728195338
cape_bird,7,2,wspd,0.2736918032169342,0.4983508288860321,0.4050741195678711,0.9808925023188003,0.24292276799678802,0.5056682825088501,0.38408732414245605,0.7803552045207033
cape_bird,8,2,wspd,0.2736918032169342,0.4983508288860321,0.4050741195678711,0.9808925023188003,0.23280048370361328,0.5667214393615723,0.40297025442123413,0.7750836172394521
cape_bird,9,2,wspd,0.2736918032169342,0.4983508288860321,0.4050741195678711,0.9808925023188003,0.20397143065929413,0.5338359475135803,0.39440861344337463,0.7641265314546607
cape_bird,10,2,wspd,0.2736918032169342,0.4983508288860321,0.4050741195678711,0.9808925023188003,0.24606385827064514,0.4832461476325989,0.38878610730171204,0.7556833837345883
cape_bird,11,2,wspd,0.2736918032169342,0.4983508288860321,0.4050741195678711,0.9808925023188003,0.30577975511550903,0.4926617741584778,0.41553354263305664,0.7551050124135025
cape_bird,12,2,wspd,0.2736918032169342,0.4983508288860321,0.4050741195678711,0.9808925023188003,0.3329939544200897,0.4368246793746948,0.39702025055885315,0.7627877091474279
cape_bird,1,3,P,0.24043186008930206,0.03623469918966293,0.24043186008930206,0.9970255641739891,0.23059940338134766,0.03145217522978783,0.23059940338134766,0.7864828849064565
cape_bird,2,3,P,0.24043186008930206,0.03623469918966293,0.24043186008930206,0.9970255641739891,0.23728810250759125,0.033438052982091904,0.23728810250759125,0.7944109157430127
cape_bird,3,3,P,0.24043186008930206,0.03623469918966293,0.24043186008930206,0.9970255641739891,0.24274557828903198,0.030915753915905952,0.24274557828903198,0.7964499357663294
cape_bird,4,3,P,0.24043186008930206,0.03623469918966293,0.24043186008930206,0.9970255641739891,0.24400554597377777,0.03587524965405464,0.24400554597377777,0.7961194582659593
cape_bird,5,3,P,0.24043186008930206,0.03623469918966293,0.24043186008930206,0.9970255641739891,0.24354656040668488,0.03522429242730141,0.24354656040668488,0.7993098070462715
cape_bird,6,3,P,0.24043186008930206,0.03623469918966293,0.24043186008930206,0.9970255641739891,0.24196018278598785,0.03927198052406311,0.24196018278598785,0.7903544233618304
cape_bird,7,3,P,0.24043186008930206,0.03623469918966293,0.24043186008930206,0.9970255641739891,0.24856255948543549,0.03662523627281189,0.24856255948543549,0.7958114083428868
cape_bird,8,3,P,0.24043186008930206,0.03623469918966293,0.24043186008930206,0.9970255641739891,0.24899451434612274,0.0367543026804924,0.24899451434612274,0.7920479936164838
cape_bird,9,3,P,0.24043186008930206,0.03623469918966293,0.24043186008930206,0.9970255641739891,0.24443897604942322,0.03763439506292343,0.24443897604942322,0.7853803550929782
cape_bird,10,3,P,0.24043186008930206,0.03623469918966293,0.24043186008930206,0.9970255641739891,0.23859803378582,0.035045403987169266,0.23859803378582,0.7861969613597833
cape_bird,11,3,P,0.24043186008930206,0.03623469918966293,0.24043186008930206,0.9970255641739891,0.22862407565116882,0.04011626914143562,0.22862407565116882,0.7773065720327846
cape_bird,12,3,P,0.24043186008930206,0.03623469918966293,0.24043186008930206,0.9970255641739891,0.23093631863594055,0.03529444336891174,0.23093631863594055,0.7758865077742955
cape_bird,1,4,q,0.09497523307800293,0.4059600234031677,0.291655033826828,0.9064032429743246,0.36962267756462097,0.579832136631012,0.5518761277198792,0.6758439001617583
cape_bird,2,4,q,0.09497523307800293,0.4059600234031677,0.291655033826828,0.9064032429743246,0.29209405183792114,0.5021562576293945,0.4545901119709015,0.6914411975222431
cape_bird,3,4,q,0.09497523307800293,0.4059600234031677,0.291655033826828,0.9064032429743246,0.2283797711133957,0.34345176815986633,0.30752697587013245,0.7142594194504723
cape_bird,4,4,q,0.09497523307800293,0.4059600234031677,0.291655033826828,0.9064032429743246,0.0824211984872818,0.31545689702033997,0.21173961460590363,0.71551328299008
cape_bird,5,4,q,0.09497523307800293,0.4059600234031677,0.291655033826828,0.9064032429743246,0.028637517243623734,0.2802538573741913,0.2060331106185913,0.7067280545338018
cape_bird,6,4,q,0.09497523307800293,0.4059600234031677,0.291655033826828,0.9064032429743246,-0.02517816610634327,0.27780085802078247,0.2067568451166153,0.7016684399719969
cape_bird,7,4,q,0.09497523307800293,0.4059600234031677,0.291655033826828,0.9064032429743246,-0.06331925839185715,0.20304009318351746,0.16207590699195862,0.7202306678603586
cape_bird,8,4,q,0.09497523307800293,0.4059600234031677,0.291655033826828,0.9064032429743246,-0.06565637141466141,0.23190250992774963,0.1841973066329956,0.7018885589641669
cape_bird,9,4,q,0.09497523307800293,0.4059600234031677,0.291655033826828,0.9064032429743246,-0.04607543721795082,0.24875716865062714,0.19358079135417938,0.6934923306858686
cape_bird,10,4,q,0.09497523307800293,0.4059600234031677,0.291655033826828,0.9064032429743246,-0.0012096310965716839,0.36191853880882263,0.2697102129459381,0.701410897456487
cape_bird,11,4,q,0.09497523307800293,0.4059600234031677,0.291655033826828,0.9064032429743246,0.2461923360824585,0.41428276896476746,0.3824841380119324,0.6810607587387892
cape_bird,12,4,q,0.09497523307800293,0.4059600234031677,0.291655033826828,0.9064032429743246,0.29107946157455444,0.7055149078369141,0.6108717918395996,0.6730170439365856
clean_air,1,0,T,-0.38445577025413513,0.35747280716896057,0.4088957607746124,0.9761710349972108,-0.007198303006589413,0.13749805092811584,0.1067039743065834,0.7485990666053696
clean_air,2,0,T,-0.38445577025413513,0.35747280716896057,0.4088957607746124,0.9761710349972108,-0.24798959493637085,0.2139851152896881,0.2643626034259796,0.7614897666868723
clean_air,3,0,T,-0.38445577025413513,0.35747280716896057,0.4088957607746124,0.9761710349972108,-0.5516113638877869,0.30301380157470703,0.5553048849105835,0.7817790140724887
clean_air,4,0,T,-0.38445577025413513,0.35747280716896057,0.4088957607746124,0.9761710349972108,-0.5768643021583557,0.3532506227493286,0.5855997800827026,0.7766518652160984
clean_air,5,0,T,-0.38445577025413513,0.35747280716896057,0.4088957607746124,0.9761710349972108,-0.5950204730033875,0.3678992688655853,0.6024676561355591,0.7792114168724554
clean_air,6,0,T,-0.38445577025413513,0.35747280716896057,0.4088957607746124,0.9761710349972108,-0.5437007546424866,0.3414636254310608,0.5502960085868835,0.7742575434717743
clean_air,7,0,T,-0.38445577025413513,0.35747280716896057,0.4088957607746124,0.9761710349972108,-0.5231571793556213,0.32599323987960815,0.5294440984725952,0.776950097021683
clean_air,8,0,T,-0.38445577025413513,0.35747280716896057,0.4088957607746124,0.9761710349972108,-0.47587552666664124,0.3206646144390106,0.482230007648468,0.7735163174230509
clean_air,9,0,T,-0.38445577025413513,0.35747280716896057,0.4088957607746124,0.9761710349972108,-0.4782682955265045,0.3480796217918396,0.49665555357933044,0.7548531328138521
clean_air,10,0,T,-0.38445577025413513,0.35747280716896057,0.4088957607746124,0.9761710349972108,-0.287354052066803,0.22256141901016235,0.2924273908138275,0.7736170785694324
clean_air,11,0,T,-0.38445577025413513,0.35747280716896057,0.4088957607746124,0.9761710349972108,-0.11136417835950851,0.13406141102313995,0.1379321664571762,0.7686376155029878
clean_air,12,0,T,-0.38445577025413513,0.35747280716896057,0.4088957607746124,0.9761710349972108,0.0448669008910656,0.11321689933538437,0.09181540459394455,0.7512849816338094
clean_air,1,1,RH,-1.158961534500122,0.511278510093689,1.1615560054779053,0.8958261337031082,-1.165758490562439,0.6670806407928467,1.1697810888290405,0.6777744884352194
clean_air,2,1,RH,-1.158961534500122,0.511278510093689,1.1615560054779053,0.8958261337031082,-1.1509268283843994,0.6010081768035889,1.1553938388824463,0.687355620620575
clean_air,3,1,RH,-1.158961534500122,0.511278510093689,1.1615560054779053,0.8958261337031082,-1.1268724203109741,0.3707844614982605,1.1294581890106201,0.6929230839411753
clean_air,4,1,RH,-1.158961534500122,0.511278510093689,1.1615560054779053,0.8958261337031082,-1.1858381032943726,0.40508657693862915,1.1858381032943726,0.6734304814771194
clean_air,5,1,RH,-1.158961534500122,0.511278510093689,1.1615560054779053,0.8958261337031082,-1.1628905534744263,0.4181108772754669,1.1635860204696655,0.6936542609449013
clean_air,6,1,RH,-1.158961534500122,0.511278510093689,1.1615560054779053,0.8958261337031082,-1.162531852722168,0.3984130024909973,1.162531852722168,0.6917727904326122
clean_air,7,1,RH,-1.158961534500122,0.511278510093689,1.1615560054779053,0.8958261337031082,-1.2314993143081665,0.44222763180732727,1.232221245765686,0.6938965678759778
clean_air,8,1,RH,-1.158961534500122,0.511278510093689,1.1615560054779053,0.8958261337031082,-1.1656912565231323,0.45341289043426514,1.1769990921020508,0.694057715295464
clean_air,9,1,RH,-1.158961534500122,0.511278510093689,1.1615560054779053,0.8958261337031082,-1.2748677730560303,0.4490297734737396,1.2756353616714478,0.6952564892641152
clean_air,10,1,RH,-1.158961534500122,0.511278510093689,1.1615560054779053,0.8958261337031082,-1.058709979057312,0.444452702999115,1.0587797164916992,0.695415030730881
clean_air,11,1,RH,-1.158961534500122,0.511278510093689,1.1615560054779053,0.8958261337031082,-1.0561193227767944,0.6888116002082825,1.059410810470581,0.689932481432917
clean_air,12,1,RH,-1.158961534500122,0.511278510093689,1.1615560054779053,0.8958261337031082,-1.169163703918457,0.6647206544876099,1.1723295450210571,0.6755680032455876
clean_air,1,2,wspd,0.6384575366973877,0.3987105190753937,0.6397291421890259,0.9839201494276044,0.5008671283721924,0.3042846620082855,0.5026677846908569,0.7712761448015762
clean_air,2,2,wspd,0.6384575366973877,0.3987105190753937,0.6397291421890259,0.9839201494276044,0.5763805508613586,0.3275759220123291,0.5777841806411743,0.7773880498995188
clean_air,3,2,wspd,0.6384575366973877,0.3987105190753937,0.6397291421890259,0.9839201494276044,0.6689591407775879,0.3642808496952057,0.6693834662437439,0.7856757922460781
clean_air,4,2,wspd,0.6384575366973877,0.3987105190753937,0.6397291421890259,0.9839201494276044,0.6214353442192078,0.3879668712615967,0.6231971979141235,0.7826175955723738
clean_air,5,2,wspd,0.6384575366973877,0.3987105190753937,0.6397291421890259,0.9839201494276044,0.658227801322937,0.4291161596775055,0.6598405241966248,0.7855416324596624
clean_air,6,2,wspd,0.6384575366973877,0.3987105190753937,0.6397291421890259,0.9839201494276044,0.686140239238739,0.4313913881778717,0.6872795224189758,0.7825897783866583
clean_air,7,2,wspd,0.6384575366973877,0.3987105190753937,0.6397291421890259,0.9839201494276044,0.6877164244651794,0.4349392056465149,0.6889826059341431,0.7825062710727808
clean_air,8,2,wspd,0.6384575366973877,0.3987105190753937,0.6397291421890259,0.9839201494276044,0.7201675772666931,0.44723883271217346,0.7215104699134827,0.777963528060797
clean_air,9,2,wspd,0.6384575366973877,0.3987105190753937,0.6397291421890259,0.9839201494276044,0.6641615629196167,0.432584285736084,0.6659407615661621,0.7618206146275736
clean_air,10,2,wspd,0.6384575366973877,0.3987105190753937,0.6397291421890259,0.9839201494276044,0.6370195746421814,0.41714999079704285,0.6386783719062805,0.774372766792892
clean_air,11,2,wspd,0.6384575366973877,0.3987105190753937,0.6397291421890259,0.9839201494276044,0.6859992146492004,0.38917413353919983,0.686585009098053,0.7662096518024343
clean_air,12,2,wspd,0.6384575366973877,0.3987105190753937,0.6397291421890259,0.9839201494276044,0.5357157588005066,0.3109826445579529,0.5362178683280945,0.7702904142140404
clean_air,1,3,P,-0.060085080564022064,0.010134141892194748,0.06008531525731087,0.9832286084010216,-0.05314644053578377,0.006888313684612513,0.05314644053578377,0.7756902871921789
clean_air,2,3,P,-0.060085080564022064,0.010134141892194748,0.06008531525731087,0.9832286084010216,-0.05782531946897507,0.007420544978231192,0.05782531946897507,0.7785861594751373
clean_air,3,3,P,-0.060085080564022064,0.010134141892194748,0.06008531525731087,0.9832286084010216,-0.061120204627513885,0.009591430425643921,0.061120204627513885,0.7851378522947345
clean_air,4,3,P,-0.060085080564022064,0.010134141892194748,0.06008531525731087,0.9832286084010216,-0.061632174998521805,0.010074896737933159,0.061632174998521805,0.7796448812221283
clean_air,5,3,P,-0.060085080564022064,0.010134141892194748,0.06008531525731087,0.9832286084010216,-0.06349179893732071,0.009888321161270142,0.06349179893732071,0.7836403576709894
clean_air,6,3,P,-0.060085080564022064,0.010134141892194748,0.06008531525731087,0.9832286084010216,-0.06276882439851761,0.010128999128937721,0.06276882439851761,0.781469407479198
clean_air,7,3,P,-0.060085080564022064,0.010134141892194748,0.06008531525731087,0.9832286084010216,-0.06423761695623398,0.011620174162089825,0.06423761695623398,0.7794717659517004
clean_air,8,3,P,-0.060085080564022064,0.010134141892194748,0.06008531525731087,0.9832286084010216,-0.06393194943666458,0.011083942838013172,0.06393194943666458,0.7739186330622617
clean_air,9,3,P,-0.060085080564022064,0.010134141892194748,0.06008531525731087,0.9832286084010216,-0.06206522509455681,0.011378818191587925,0.062068771570920944,0.7569985985916383
clean_air,10,3,P,-0.060085080564022064,0.010134141892194748,0.06008531525731087,0.9832286084010216,-0.059988878667354584,0.008602263405919075,0.059988878667354584,0.7726901477930305
clean_air,11,3,P,-0.060085080564022064,0.010134141892194748,0.06008531525731087,0.9832286084010216,-0.05692677199840546,0.007799710612744093,0.05692677199840546,0.769349975527423
clean_air,12,3,P,-0.060085080564022064,0.010134141892194748,0.06008531525731087,0.9832286084010216,-0.05311683565378189,0.006803430151194334,0.05311683565378189,0.773671284149872
clean_air,1,4,q,-0.05061686784029007,0.07202748954296112,0.05537889525294304,0.8767630493266764,-0.12493053078651428,0.13503745198249817,0.14481747150421143,0.650354281960676
clean_air,2,4,q,-0.05061686784029007,0.07202748954296112,0.05537889525294304,0.8767630493266764,-0.0892854854464531,0.06621847301721573,0.09824932366609573,0.6654286609332184
clean_air,3,4,q,-0.05061686784029007,0.07202748954296112,0.05537889525294304,0.8767630493266764,-0.04845499247312546,0.027815623208880424,0.04868591949343681,0.6822285655927932
clean_air,4,4,q,-0.05061686784029007,0.07202748954296112,0.05537889525294304,0.8767630493266764,-0.02113328129053116,0.016633549705147743,0.0223217885941267,0.6527009105989933
clean_air,5,4,q,-0.05061686784029007,0.07202748954296112,0.05537889525294304,0.8767630493266764,-0.023684388026595116,0.018723249435424805,0.024101249873638153,0.673841877972425
clean_air,6,4,q,-0.05061686784029007,0.07202748954296112,0.05537889525294304,0.8767630493266764,-0.022763647139072418,0.016386305913329124,0.023445941507816315,0.6699566599250374
clean_air,7,4,q,-0.05061686784029007,0.07202748954296112,0.05537889525294304,0.8767630493266764,-0.01961778663098812,0.017838967964053154,0.02131195366382599,0.6667795854855586
clean_air,8,4,q,-0.05061686784029007,0.07202748954296112,0.05537889525294304,0.8767630493266764,-0.018299000337719917,0.01326583418995142,0.019327446818351746,0.6662193592859854
clean_air,9,4,q,-0.05061686784029007,0.07202748954296112,0.05537889525294304,0.8767630493266764,-0.013976970687508583,0.016293225809931755,0.017389914020895958,0.6702785142034674
clean_air,10,4,q,-0.05061686784029007,0.07202748954296112,0.05537889525294304,0.8767630493266764,-0.031502287834882736,0.02319912239909172,0.0322636216878891,0.6845162012377136
clean_air,11,4,q,-0.05061686784029007,0.07202748954296112,0.05537889525294304,0.8767630493266764,-0.09591267257928848,0.08306622505187988,0.09874589741230011,0.6889326821610121
clean_air,12,4,q,-0.05061686784029007,0.07202748954296112,0.05537889525294304,0.8767630493266764,-0.11093822866678238,0.13076214492321014,0.13467997312545776,0.655304272120721
eneide,1,0,T,0.3178803026676178,0.20179924368858337,0.32248786091804504,1.0358722844788284,0.27374422550201416,0.13485322892665863,0.2749894857406616,0.8334487742343822
eneide,2,0,T,0.3178803026676178,0.20179924368858337,0.32248786091804504,1.0358722844788284,0.3513224124908447,0.13468624651432037,0.35168319940567017,0.8298589268583529
eneide,3,0,T,0.3178803026676178,0.20179924368858337,0.32248786091804504,1.0358722844788284,0.33373385667800903,0.15048831701278687,0.33408239483833313,0.8385770197327186
eneide,4,0,T,0.3178803026676178,0.20179924368858337,0.32248786091804504,1.0358722844788284,0.31017911434173584,0.19914557039737701,0.3142301142215729,0.8308704183884174
eneide,5,0,T,0.3178803026676178,0.20179924368858337,0.32248786091804504,1.0358722844788284,0.32985541224479675,0.22726140916347504,0.33720076084136963,0.8260909407232352
eneide,6,0,T,0.3178803026676178,0.20179924368858337,0.32248786091804504,1.0358722844788284,0.32748129963874817,0.22227393090724945,0.3346787393093109,0.8224468198172293
eneide,7,0,T,0.3178803026676178,0.20179924368858337,0.32248786091804504,1.0358722844788284,0.3422994017601013,0.2399599254131317,0.3524480164051056,0.8242381780113321
eneide,8,0,T,0.3178803026676178,0.20179924368858337,0.32248786091804504,1.0358722844788284,0.3552500307559967,0.2650187015533447,0.36449378728866577,0.8224123221884486
eneide,9,0,T,0.3178803026676178,0.20179924368858337,0.32248786091804504,1.0358722844788284,0.33179157972335815,0.24611790478229523,0.3436940908432007,0.8250109940602305
eneide,10,0,T,0.3178803026676178,0.20179924368858337,0.32248786091804504,1.0358722844788284,0.32257044315338135,0.2427380234003067,0.32607215642929077,0.8300559138386318
eneide,11,0,T,0.3178803026676178,0.20179924368858337,0.32248786091804504,1.0358722844788284,0.2784818708896637,0.14663651585578918,0.27930396795272827,0.8299023039641077
eneide,12,0,T,0.3178803026676178,0.20179924368858337,0.32248786091804504,1.0358722844788284,0.26588693261146545,0.13925661146640778,0.2672024071216583,0.831154401266391
eneide,1,1,RH,0.03463102877140045,0.7262561917304993,0.5734343528747559,1.0353539895957202,0.021679406985640526,0.6907289028167725,0.5644719004631042,0.8383920794778476
eneide,2,1,RH,0.03463102877140045,0.7262561917304993,0.5734343528747559,1.0353539895957202,0.014619397930800915,0.6455968022346497,0.5155684351921082,0.8325447024018876
eneide,3,1,RH,0.03463102877140045,0.7262561917304993,0.5734343528747559,1.0353539895957202,0.10457869619131088,0.7420834302902222,0.582858681678772,0.8396360419065435
eneide,4,1,RH,0.03463102877140045,0.7262561917304993,0.5734343528747559,1.0353539895957202,0.08101803809404373,0.7536097764968872,0.592279314994812,0.8334109847664152
eneide,5,1,RH,0.03463102877140045,0.7262561917304993,0.5734343528747559,1.0353539895957202,-0.022136276587843895,0.6982282996177673,0.5543822050094604,0.8262723242559716
eneide,6,1,RH,0.03463102877140045,0.7262561917304993,0.5734343528747559,1.0353539895957202,0.10214251279830933,0.7784947156906128,0.6047152280807495,0.8219452010193083
eneide,7,1,RH,0.03463102877140045,0.7262561917304993,0.5734343528747559,1.0353539895957202,0.06587250530719757,0.7994949817657471,0.6112493872642517,0.8202583668767528
eneide,8,1,RH,0.03463102877140045,0.7262561917304993,0.5734343528747559,1.0353539895957202,0.026683146134018898,0.7947254180908203,0.6059627532958984,0.819139961282617
eneide,9,1,RH,0.03463102877140045,0.7262561917304993,0.5734343528747559,1.0353539895957202,-0.001729883486405015,0.6794188022613525,0.538275420665741,0.8174909086498786
eneide,10,1,RH,0.03463102877140045,0.7262561917304993,0.5734343528747559,1.0353539895957202,-0.020785262808203697,0.6956387162208557,0.5612097382545471,0.8199746182873624
eneide,11,1,RH,0.03463102877140045,0.7262561917304993,0.5734343528747559,1.0353539895957202,-0.046013664454221725,0.681842029094696,0.5587841868400574,0.8284588016436375
eneide,12,1,RH,0.03463102877140045,0.7262561917304993,0.5734343528747559,1.0353539895957202,0.07110542058944702,0.7300021052360535,0.5939801335334778,0.8374323622256402
eneide,1,2,wspd,0.4569573700428009,1.3613319396972656,0.6640599966049194,0.9355313403428651,0.3816766142845154,0.7949959635734558,0.46674299240112305,0.764204619856439
eneide,2,2,wspd,0.4569573700428009,1.3613319396972656,0.6640599966049194,0.9355313403428651,0.690407931804657,1.2497295141220093,0.7911832332611084,0.7201718477885088
eneide,3,2,wspd,0.4569573700428009,1.3613319396972656,0.6640599966049194,0.9355313403428651,0.7077400088310242,1.581067681312561,0.937147855758667,0.7229636272823066
eneide,4,2,wspd,0.4569573700428009,1.3613319396972656,0.6640599966049194,0.9355313403428651,0.43033385276794434,1.511975646018982,0.7167884111404419,0.7231199617131945
eneide,5,2,wspd,0.4569573700428009,1.3613319396972656,0.6640599966049194,0.9355313403428651,0.3221699893474579,1.3687615394592285,0.5989208817481995,0.718627768932297
eneide,6,2,wspd,0.4569573700428009,1.3613319396972656,0.6640599966049194,0.9355313403428651,0.5702627897262573,1.7643555402755737,0.8494158983230591,0.7093148798928949
eneide,7,2,wspd,0.4569573700428009,1.3613319396972656,0.6640599966049194,0.9355313403428651,0.42372992634773254,1.7362346649169922,0.7905906438827515,0.7113672841950035
eneide,8,2,wspd,0.4569573700428009,1.3613319396972656,0.6640599966049194,0.9355313403428651,0.47386106848716736,1.8987293243408203,0.8396958112716675,0.7109246747154357
eneide,9,2,wspd,0.4569573700428009,1.3613319396972656,0.6640599966049194,0.9355313403428651,0.40223634243011475,1.608290672302246,0.7052568793296814,0.711301860573717
eneide,10,2,wspd,0.4569573700428009,1.3613319396972656,0.6640599966049194,0.9355313403428651,0.3240795433521271,1.2357627153396606,0.5488657355308533,0.7275575304732201
eneide,11,2,wspd,0.4569573700428009,1.3613319396972656,0.6640599966049194,0.9355313403428651,0.5354718565940857,1.1523476839065552,0.65062415599823,0.7311282819631805
eneide,12,2,wspd,0.4569573700428009,1.3613319396972656,0.6640599966049194,0.9355313403428651,0.34833940863609314,0.6641358733177185,0.4321553707122803,0.764559432861086
eneide,1,3,P,0.013223042711615562,0.01760716736316681,0.01834525726735592,1.039379292527571,0.017159540206193924,0.010406224057078362,0.018090372905135155,0.8385201587414156
eneide,2,3,P,0.013223042711615562,0.01760716736316681,0.01834525726735592,1.039379292527571,0.013185433112084866,0.01204103697091341,0.015539771877229214,0.8326057888266384
eneide,3,3,P,0.013223042711615562,0.01760716736316681,0.01834525726735592,1.039379292527571,0.01250972505658865,0.013987570069730282,0.016010107472538948,0.8398007427303953
eneide,4,3,P,0.013223042711615562,0.01760716736316681,0.01834525726735592,1.039379292527571,0.013469615019857883,0.01748983934521675,0.018883563578128815,0.8335771303951821
eneide,5,3,P,0.013223042711615562,0.01760716736316681,0.01834525726735592,1.039379292527571,0.01254681684076786,0.02051602490246296,0.0198697280138731,0.8294556237367624
eneide,6,3,P,0.013223042711615562,0.01760716736316681,0.01834525726735592,1.039379292527571,0.01067482028156519,0.02143360674381256,0.01904510147869587,0.8259918375947621
eneide,7,3,P,0.013223042711615562,0.01760716736316681,0.01834525726735592,1.039379292527571,0.010536380112171173,0.022248247638344765,0.019591912627220154,0.8282861399424664
eneide,8,3,P,0.013223042711615562,0.01760716736316681,0.01834525726735592,1.039379292527571,0.00879746675491333,0.024675527587532997,0.020236022770404816,0.8284989043072281
eneide,9,3,P,0.013223042711615562,0.01760716736316681,0.01834525726735592,1.039379292527571,0.011643691919744015,0.021501271054148674,0.019541703164577484,0.8292015706017134
eneide,10,3,P,0.013223042711615562,0.01760716736316681,0.01834525726735592,1.039379292527571,0.015624363906681538,0.01585427299141884,0.019185436889529228,0.831985210432367
eneide,11,3,P,0.013223042711615562,0.01760716736316681,0.01834525726735592,1.039379292527571,0.015074520371854305,0.012509706430137157,0.017025332897901535,0.8307651379776243
eneide,12,3,P,0.013223042711615562,0.01760716736316681,0.01834525726735592,1.039379292527571,0.01644994132220745,0.010866589844226837,0.01767818070948124,0.8376912844552579
eneide,1,4,q,0.3144909739494324,0.4238932728767395,0.357043981552124,1.0318321845797807,0.5944799780845642,0.6614838242530823,0.7090927958488464,0.833297513434431
eneide,2,4,q,0.3144909739494324,0.4238932728767395,0.357043981552124,1.0318321845797807,0.5041459202766418,0.46570467948913574,0.5427974462509155,0.8297168073488012
eneide,3,4,q,0.3144909739494324,0.4238932728767395,0.357043981552124,1.0318321845797807,0.32828253507614136,0.3250153064727783,0.3474676311016083,0.838338654964852
eneide,4,4,q,0.3144909739494324,0.4238932728767395,0.357043981552124,1.0318321845797807,0.20160454511642456,0.2143458127975464,0.2207048237323761,0.8306050129527662
eneide,5,4,q,0.3144909739494324,0.4238932728767395,0.357043981552124,1.0318321845797807,0.15899769961833954,0.18843042850494385,0.17511147260665894,0.8231508921455121
eneide,6,4,q,0.3144909739494324,0.4238932728767395,0.357043981552124,1.0318321845797807,0.2109117954969406,0.2386922985315323,0.22513239085674286,0.8180926947324485
eneide,7,4,q,0.3144909739494324,0.4238932728767395,0.357043981552124,1.0318321845797807,0.15971052646636963,0.18917536735534668,0.177634134888649,0.8162555669651423
eneide,8,4,q,0.3144909739494324,0.4238932728767395,0.357043981552124,1.0318321845797807,0.1432543694972992,0.17597612738609314,0.16099311411380768,0.8131906962536603
eneide,9,4,q,0.3144909739494324,0.4238932728767395,0.357043981552124,1.0318321845797807,0.16067646443843842,0.1953502893447876,0.1807108372449875,0.8134072153280921
eneide,10,4,q,0.3144909739494324,0.4238932728767395,0.357043981552124,1.0318321845797807,0.21737916767597198,0.2647739052772522,0.24682611227035522,0.8178151366209696
eneide,11,4,q,0.3144909739494324,0.4238932728767395,0.357043981552124,1.0318321845797807,0.3477301001548767,0.4167588949203491,0.41249796748161316,0.8276526687954392
eneide,12,4,q,0.3144909739494324,0.4238932728767395,0.357043981552124,1.0318321845797807,0.6114186644554138,0.6805757880210876,0.7298133969306946,0.8308587271311204
erin,1,0,T,-0.10563764721155167,0.1485859602689743,0.14112724363803864,0.9503131425807873,-0.03691193088889122,0.09711199253797531,0.08135280013084412,0.7576109654494984
erin,2,0,T,-0.10563764721155167,0.1485859602689743,0.14112724363803864,0.9503131425807873,-0.07345899939537048,0.11544385552406311,0.10869871079921722,0.7482217074699739
erin,3,0,T,-0.10563764721155167,0.1485859602689743,0.14112724363803864,0.9503131425807873,-0.13532762229442596,0.14424973726272583,0.16075168550014496,0.7542689500265926
erin,4,0,T,-0.10563764721155167,0.1485859602689743,0.14112724363803864,0.9503131425807873,-0.171507328748703,0.17553214728832245,0.19905507564544678,0.7508382074837696
erin,5,0,T,-0.10563764721155167,0.1485859602689743,0.14112724363803864,0.9503131425807873,-0.14089123904705048,0.15922535955905914,0.17097124457359314,0.751930588704267
erin,6,0,T,-0.10563764721155167,0.1485859602689743,0.14112724363803864,0.9503131425807873,-0.13771498203277588,0.15720579028129578,0.17095784842967987,0.7557217994703538
erin,7,0,T,-0.10563764721155167,0.1485859602689743,0.14112724363803864,0.9503131425807873,-0.14110516011714935,0.17121869325637817,0.18162795901298523,0.7466307211287083
erin,8,0,T,-0.10563764721155167,0.1485859602689743,0.14112724363803864,0.9503131425807873,-0.1334352344274521,0.18240217864513397,0.18413527309894562,0.7034133237847207
erin,9,0,T,-0.10563764721155167,0.1485859602689743,0.14112724363803864,0.9503131425807873,-0.1303950846195221,0.17306821048259735,0.1752758026123047,0.6508627236436908
erin,10,0,T,-0.10563764721155167,0.1485859602689743,0.14112724363803864,0.9503131425807873,-0.1183713972568512,0.12550625205039978,0.13981300592422485,0.7376386187805647
erin,11,0,T,-0.10563764721155167,0.1485859602689743,0.14112724363803864,0.9503131425807873,-0.06975320726633072,0.09983715415000916,0.09685856103897095,0.7544251329624743
erin,12,0,T,-0.10563764721155167,0.1485859602689743,0.14112724363803864,0.9503131425807873,-0.020502472296357155,0.09649500995874405,0.07593537122011185,0.7565054443888637
erin,1,1,RH,1.119634747505188,0.6917900443077087,1.169581651687622,0.9521316238794366,0.5010514855384827,0.6546338796615601,0.689240574836731,0.7599068967906123
erin,2,1,RH,1.119634747505188,0.6917900443077087,1.169581651687622,0.9521316238794366,0.9187341928482056,0.5307310819625854,0.9451228976249695,0.7478215213518994
erin,3,1,RH,1.119634747505188,0.6917900443077087,1.169581651687622,0.9521316238794366,1.2928928136825562,0.5098084211349487,1.3035869598388672,0.7541124738236714
erin,4,1,RH,1.119634747505188,0.6917900443077087,1.169581651687622,0.9521316238794366,1.4634175300598145,0.4763561189174652,1.4664827585220337,0.7534836141794038
erin,5,1,RH,1.119634747505188,0.6917900443077087,1.169581651687622,0.9521316238794366,1.4901313781738281,0.5401259660720825,1.494571328163147,0.7554332488588761
erin,6,1,RH,1.119634747505188,0.6917900443077087,1.169581651687622,0.9521316238794366,1.442710518836975,0.5487992167472839,1.4474917650222778,0.7571308737516861
erin,7,1,RH,1.119634747505188,0.6917900443077087,1.169581651687622,0.9521316238794366,1.4999663829803467,0.512188196182251,1.501115322113037,0.751173512453613
erin,8,1,RH,1.119634747505188,0.6917900443077087,1.169581651687622,0.9521316238794366,1.5782148838043213,0.49204182624816895,1.5794332027435303,0.7077587829905956
erin,9,1,RH,1.119634747505188,0.6917900443077087,1.169581651687622,0.9521316238794366,1.4342807531356812,0.6405965089797974,1.4528801441192627,0.6542726664258236
erin,10,1,RH,1.119634747505188,0.6917900443077087,1.169581651687622,0.9521316238794366,1.0035465955734253,0.6098566651344299,1.0241539478302002,0.7391633758769961
erin,11,1,RH,1.119634747505188,0.6917900443077087,1.169581651687622,0.9521316238794366,0.8322714567184448,0.6344539523124695,0.9079699516296387,0.7545420783681712
erin,12,1,RH,1.119634747505188,0.6917900443077087,1.169581651687622,0.9521316238794366,0.4312506914138794,0.6099904179573059,0.6116772294044495,0.7573383114389459
erin,1,2,wspd,0.09068907797336578,0.48029905557632446,0.3713599443435669,0.90115674409535,-0.001359741436317563,0.38929787278175354,0.3079011142253876,0.714888709458695
erin,2,2,wspd,0.09068907797336578,0.48029905557632446,0.3713599443435669,0.90115674409535,0.033108923584222794,0.45519983768463135,0.35188987851142883,0.707021390930831
erin,3,2,wspd,0.09068907797336578,0.48029905557632446,0.3713599443435669,0.90115674409535,0.019373828545212746,0.43626388907432556,0.3414754867553711,0.7105127443989758
erin,4,2,wspd,0.09068907797336578,0.48029905557632446,0.3713599443435669,0.90115674409535,0.08436155319213867,0.5139696002006531,0.3948501646518707,0.6917727904326122
erin,5,2,wspd,0.09068907797336578,0.48029905557632446,0.3713599443435669,0.90115674409535,0.10603740811347961,0.5181844234466553,0.3993770480155945,0.6909413209921172
erin,6,2,wspd,0.09068907797336578,0.48029905557632446,0.3713599443435669,0.90115674409535,0.0644625574350357,0.47533637285232544,0.3748548924922943,0.6961051249778228
erin,7,2,wspd,0.09068907797336578,0.48029905557632446,0.3713599443435669,0.90115674409535,0.10581107437610626,0.5119917988777161,0.40285512804985046,0.699434667633044
erin,8,2,wspd,0.09068907797336578,0.48029905557632446,0.3713599443435669,0.90115674409535,0.20620784163475037,0.5841529369354248,0.46280723810195923,0.6830593672677558
erin,9,2,wspd,0.09068907797336578,0.48029905557632446,0.3713599443435669,0.90115674409535,0.16169473528862,0.614892303943634,0.4807463586330414,0.629745881001075
erin,10,2,wspd,0.09068907797336578,0.48029905557632446,0.3713599443435669,0.90115674409535,0.19688093662261963,0.4832267761230469,0.40110674500465393,0.6810137043426586
erin,11,2,wspd,0.09068907797336578,0.48029905557632446,0.3713599443435669,0.90115674409535,0.21101398766040802,0.434318870306015,0.3627047836780548,0.6942185516944056
erin,12,2,wspd,0.09068907797336578,0.48029905557632446,0.3713599443435669,0.90115674409535,0.02691333182156086,0.3635006248950958,0.28699159622192383,0.7029081623907839
erin,1,3,P,0.029919719323515892,0.009609888307750225,0.02999134175479412,0.9538275496788291,0.0315638892352581,0.006970382761210203,0.031571682542562485,0.7604529887404783
erin,2,3,P,0.029919719323515892,0.009609888307750225,0.02999134175479412,0.9538275496788291,0.033367034047842026,0.007448413409292698,0.033367034047842026,0.7499991368717271
erin,3,3,P,0.029919719323515892,0.009609888307750225,0.02999134175479412,0.9538275496788291,0.03188224136829376,0.00862619187682867,0.03189179301261902,0.7571497530751318
erin,4,3,P,0.029919719323515892,0.009609888307750225,0.02999134175479412,0.9538275496788291,0.029166650027036667,0.01150474976748228,0.02935677394270897,0.7551630305174938
erin,5,3,P,0.029919719323515892,0.009609888307750225,0.02999134175479412,0.9538275496788291,0.026614954695105553,0.011531666852533817,0.02685188315808773,0.7578640163103135
erin,6,3,P,0.029919719323515892,0.009609888307750225,0.02999134175479412,0.9538275496788291,0.02989884465932846,0.011515406891703606,0.029987400397658348,0.7607518208998828
erin,7,3,P,0.029919719323515892,0.009609888307750225,0.02999134175479412,0.9538275496788291,0.026993418112397194,0.010609259828925133,0.027099264785647392,0.7523015612634074
erin,8,3,P,0.029919719323515892,0.009609888307750225,0.02999134175479412,0.9538275496788291,0.02545522339642048,0.009387598372995853,0.02562028169631958,0.7082354611715044
erin,9,3,P,0.029919719323515892,0.009609888307750225,0.02999134175479412,0.9538275496788291,0.02664019726216793,0.008636938408017159,0.026689952239394188,0.6559107997295952
erin,10,3,P,0.029919719323515892,0.009609888307750225,0.02999134175479412,0.9538275496788291,0.03079577349126339,0.00863416213542223,0.030817147344350815,0.7408790204671806
erin,11,3,P,0.029919719323515892,0.009609888307750225,0.02999134175479412,0.9538275496788291,0.031529124826192856,0.007955853827297688,0.031529124826192856,0.7553175482733572
erin,12,3,P,0.029919719323515892,0.009609888307750225,0.02999134175479412,0.9538275496788291,0.031083378940820694,0.006604306399822235,0.031083378940820694,0.7579014400600537
erin,1,4,q,0.2098657637834549,0.28488078713417053,0.2622799873352051,0.9486515462985334,0.2530308961868286,0.43436184525489807,0.3963536322116852,0.7570458638264902
erin,2,4,q,0.2098657637834549,0.28488078713417053,0.2622799873352051,0.9486515462985334,0.2740812599658966,0.3114849627017975,0.3222971260547638,0.7459965140474387
erin,3,4,q,0.2098657637834549,0.28488078713417053,0.2622799873352051,0.9486515462985334,0.19873222708702087,0.22851914167404175,0.23396769165992737,0.7512039279293444
erin,4,4,q,0.2098657637834549,0.28488078713417053,0.2622799873352051,0.9486515462985334,0.18204545974731445,0.22700855135917664,0.2137935310602188,0.7492346055153903
erin,5,4,q,0.2098657637834549,0.28488078713417053,0.2622799873352051,0.9486515462985334,0.20810185372829437,0.22331084311008453,0.22752869129180908,0.7497313162868581
erin,6,4,q,0.2098657637834549,0.28488078713417053,0.2622799873352051,0.9486515462985334,0.1974046528339386,0.23279809951782227,0.21739213168621063,0.7522315038121746
erin,7,4,q,0.2098657637834549,0.28488078713417053,0.2622799873352051,0.9486515462985334,0.17654705047607422,0.20328137278556824,0.19348277151584625,0.7454661059005748
erin,8,4,q,0.2098657637834549,0.28488078713417053,0.2622799873352051,0.9486515462985334,0.1729854941368103,0.18404117226600647,0.18385936319828033,0.7029081623907839
erin,9,4,q,0.2098657637834549,0.28488078713417053,0.2622799873352051,0.9486515462985334,0.1897250860929489,0.2094469964504242,0.20682162046432495,0.6491901983919569
erin,10,4,q,0.2098657637834549,0.28488078713417053,0.2622799873352051,0.9486515462985334,0.15855060517787933,0.21641692519187927,0.19736146926879883,0.7359516515908443
erin,11,4,q,0.2098657637834549,0.28488078713417053,0.2622799873352051,0.9486515462985334,0.2453194111585617,0.30071136355400085,0.3072461783885956,0.7536412745472697
erin,12,4,q,0.2098657637834549,0.28488078713417053,0.2622799873352051,0.9486515462985334,0.2192484736442566,0.3799949884414673,0.34472766518592834,0.7559327700471687
gill,1,0,T,-0.019557755440473557,0.22318147122859955,0.1589340716600418,1.0086723004228824,-0.00774951558560133,0.11783945560455322,0.09146823734045029,0.8141010855594716
gill,2,0,T,-0.019557755440473557,0.22318147122859955,0.1589340716600418,1.0086723004228824,-0.01923196204006672,0.1683717966079712,0.13114525377750397,0.804868155907352
gill,3,0,T,-0.019557755440473557,0.22318147122859955,0.1589340716600418,1.0086723004228824,0.004304670728743076,0.23027825355529785,0.1710718423128128,0.8241030405638557
gill,4,0,T,-0.019557755440473557,0.22318147122859955,0.1589340716600418,1.0086723004228824,0.007166565861552954,0.2828397750854492,0.2073478251695633,0.8196542419850265
gill,5,0,T,-0.019557755440473557,0.22318147122859955,0.1589340716600418,1.0086723004228824,-0.017404427751898766,0.2709123492240906,0.20168522000312805,0.8151476494876694
gill,6,0,T,-0.019557755440473557,0.22318147122859955,0.1589340716600418,1.0086723004228824,-0.06307220458984375,0.25271207094192505,0.19178447127342224,0.8141582512851456
gill,7,0,T,-0.019557755440473557,0.22318147122859955,0.1589340716600418,1.0086723004228824,-0.06156197562813759,0.2680480480194092,0.20011955499649048,0.8028092403294318
gill,8,0,T,-0.019557755440473557,0.22318147122859955,0.1589340716600418,1.0086723004228824,-0.07563266158103943,0.25359997153282166,0.18838649988174438,0.7781618097141587
gill,9,0,T,-0.019557755440473557,0.22318147122859955,0.1589340716600418,1.0086723004228824,-0.008461613208055496,0.27777883410453796,0.19556058943271637,0.7428743091826119
gill,10,0,T,-0.019557755440473557,0.22318147122859955,0.1589340716600418,1.0086723004228824,-0.003351126331835985,0.20342227816581726,0.15178455412387848,0.7381262625993498
gill,11,0,T,-0.019557755440473557,0.22318147122859955,0.1589340716600418,1.0086723004228824,0.0021295230835676193,0.14405548572540283,0.11068384349346161,0.8033640002427166
gill,12,0,T,-0.019557755440473557,0.22318147122859955,0.1589340716600418,1.0086723004228824,-0.0028582834638655186,0.10788968205451965,0.0838627964258194,0.8136327584485058
gill,1,1,RH,-0.8689291477203369,0.6072665452957153,0.8888862729072571,0.9502127006240716,-0.7981908321380615,0.6171528697013855,0.8254398703575134,0.7462980955234593
gill,2,1,RH,-0.8689291477203369,0.6072665452957153,0.8888862729072571,0.9502127006240716,-0.5690070986747742,0.5367209315299988,0.6049317717552185,0.7496900366162512
gill,3,1,RH,-0.8689291477203369,0.6072665452957153,0.8888862729072571,0.9502127006240716,-0.7440447211265564,0.5172797441482544,0.761579692363739,0.7570742101048973
gill,4,1,RH,-0.8689291477203369,0.6072665452957153,0.8888862729072571,0.9502127006240716,-0.7930206060409546,0.5259875059127808,0.8132637143135071,0.7449760045075191
gill,5,1,RH,-0.8689291477203369,0.6072665452957153,0.8888862729072571,0.9502127006240716,-0.9058144092559814,0.5792628526687622,0.9235042333602905,0.7566195085106986
gill,6,1,RH,-0.8689291477203369,0.6072665452957153,0.8888862729072571,0.9502127006240716,-0.8174827098846436,0.5683729648590088,0.84358811378479,0.745063344574032
gill,7,1,RH,-0.8689291477203369,0.6072665452957153,0.8888862729072571,0.9502127006240716,-1.013606309890747,0.5895666480064392,1.0227503776550293,0.7534046719986432
gill,8,1,RH,-0.8689291477203369,0.6072665452957153,0.8888862729072571,0.9502127006240716,-1.213139533996582,0.6054344177246094,1.2203900814056396,0.7412796347496994
gill,9,1,RH,-0.8689291477203369,0.6072665452957153,0.8888862729072571,0.9502127006240716,-1.0369341373443604,0.6408654451370239,1.0580209493637085,0.7140063668109006
gill,10,1,RH,-0.8689291477203369,0.6072665452957153,0.8888862729072571,0.9502127006240716,-0.7627220153808594,0.5791429877281189,0.7998887300491333,0.7107930784254224
gill,11,1,RH,-0.8689291477203369,0.6072665452957153,0.8888862729072571,0.9502127006240716,-0.853407084941864,0.5977634787559509,0.8686603903770447,0.73801946301193
gill,12,1,RH,-0.8689291477203369,0.6072665452957153,0.8888862729072571,0.9502127006240716,-0.9649963974952698,0.6788829565048218,0.9760599136352539,0.7467911936091333
gill,1,2,wspd,-0.1729443371295929,0.3351386487483978,0.2980114221572876,1.0046825977490375,-0.08044295758008957,0.3089495897293091,0.25192388892173767,0.8313754704393918
gill,2,2,wspd,-0.1729443371295929,0.3351386487483978,0.2980114221572876,1.0046825977490375,-0.10599401593208313,0.2921600043773651,0.24763447046279907,0.8294556237367624
gill,3,2,wspd,-0.1729443371295929,0.3351386487483978,0.2980114221572876,1.0046825977490375,-0.1293157935142517,0.30161890387535095,0.2617960572242737,0.8348276405772497
gill,4,2,wspd,-0.1729443371295929,0.3351386487483978,0.2980114221572876,1.0046825977490375,-0.21535523235797882,0.34066423773765564,0.32634851336479187,0.8232235361347632
gill,5,2,wspd,-0.1729443371295929,0.3351386487483978,0.2980114221572876,1.0046825977490375,-0.2823285758495331,0.3345201313495636,0.35230860114097595,0.8071265077079706
gill,6,2,wspd,-0.1729443371295929,0.3351386487483978,0.2980114221572876,1.0046825977490375,-0.2564513683319092,0.33798834681510925,0.342987060546875,0.7990190593595093
gill,7,2,wspd,-0.1729443371295929,0.3351386487483978,0.2980114221572876,1.0046825977490375,-0.30342838168144226,0.33262205123901367,0.3717484176158905,0.7660740815302023
gill,8,2,wspd,-0.1729443371295929,0.3351386487483978,0.2980114221572876,1.0046825977490375,-0.3441881537437439,0.34262651205062866,0.4057695269584656,0.7443070092276428
gill,9,2,wspd,-0.1729443371295929,0.3351386487483978,0.2980114221572876,1.0046825977490375,-0.2624753415584564,0.3396855592727661,0.3480464518070221,0.7106612739956782
gill,10,2,wspd,-0.1729443371295929,0.3351386487483978,0.2980114221572876,1.0046825977490375,-0.17172345519065857,0.3441039025783539,0.3007698357105255,0.6884820566262294
gill,11,2,wspd,-0.1729443371295929,0.3351386487483978,0.2980114221572876,1.0046825977490375,-0.09492683410644531,0.32751357555389404,0.26089051365852356,0.7790301391561298
gill,12,2,wspd,-0.1729443371295929,0.3351386487483978,0.2980114221572876,1.0046825977490375,-0.09182848781347275,0.3378351330757141,0.2669566571712494,0.8219798925255942
gill,1,3,P,0.006306251976639032,0.014968127012252808,0.011711115948855877,1.0292117405991037,0.005327828228473663,0.010284803807735443,0.008359506726264954,0.8371401098532752
gill,2,3,P,0.006306251976639032,0.014968127012252808,0.011711115948855877,1.0292117405991037,0.00630202004685998,0.011083000339567661,0.009084855206310749,0.8349464707148785
gill,3,3,P,0.006306251976639032,0.014968127012252808,0.011711115948855877,1.0292117405991037,0.006654886528849602,0.011938191018998623,0.009964090771973133,0.8424095915037131
gill,4,3,P,0.006306251976639032,0.014968127012252808,0.011711115948855877,1.0292117405991037,0.003836201038211584,0.01511462777853012,0.011564343236386776,0.8379637212847064
gill,5,3,P,0.006306251976639032,0.014968127012252808,0.011711115948855877,1.0292117405991037,0.005294159520417452,0.016866367310285568,0.013784802518785,0.8352021230506369
gill,6,3,P,0.006306251976639032,0.014968127012252808,0.011711115948855877,1.0292117405991037,0.005213351454585791,0.016897283494472504,0.013572151772677898,0.8334865465735901
gill,7,3,P,0.006306251976639032,0.014968127012252808,0.011711115948855877,1.0292117405991037,0.007764826063066721,0.01566711626946926,0.013795609585940838,0.8225330014613275
gill,8,3,P,0.006306251976639032,0.014968127012252808,0.011711115948855877,1.0292117405991037,0.012856394983828068,0.020644137635827065,0.017861120402812958,0.7957460977580423
gill,9,3,P,0.006306251976639032,0.014968127012252808,0.011711115948855877,1.0292117405991037,0.00997880194336176,0.015388268046081066,0.014972040429711342,0.7632276031869126
gill,10,3,P,0.006306251976639032,0.014968127012252808,0.011711115948855877,1.0292117405991037,0.010289431549608707,0.013511658646166325,0.0135431420058012,0.7626906200439638
gill,11,3,P,0.006306251976639032,0.014968127012252808,0.011711115948855877,1.0292117405991037,0.004851421806961298,0.01151543390005827,0.009656899608671665,0.8172801700365621
gill,12,3,P,0.006306251976639032,0.014968127012252808,0.011711115948855877,1.0292117405991037,0.004204962402582169,0.017148176208138466,0.009824969805777073,0.8357147636145791
gill,1,4,q,-0.15487629175186157,0.3356156349182129,0.21035894751548767,0.9300474792617864,-0.5220134258270264,0.5248565673828125,0.5933101177215576,0.723417606387136
gill,2,4,q,-0.15487629175186157,0.3356156349182129,0.21035894751548767,0.9300474792617864,-0.1866735965013504,0.34647586941719055,0.29795658588409424,0.7208749632270385
gill,3,4,q,-0.15487629175186157,0.3356156349182129,0.21035894751548767,0.9300474792617864,-0.05258495733141899,0.18188020586967468,0.1314656287431717,0.7386228588475795
gill,4,4,q,-0.15487629175186157,0.3356156349182129,0.21035894751548767,0.9300474792617864,-0.02830941043794155,0.13063113391399384,0.08677392452955246,0.7256373540089095
gill,5,4,q,-0.15487629175186157,0.3356156349182129,0.21035894751548767,0.9300474792617864,-0.027903975918889046,0.12894244492053986,0.07922414690256119,0.7366184673017169
gill,6,4,q,-0.15487629175186157,0.3356156349182129,0.21035894751548767,0.9300474792617864,-0.043332360684871674,0.11576361954212189,0.07922689616680145,0.7247509681660061
gill,7,4,q,-0.15487629175186157,0.3356156349182129,0.21035894751548767,0.9300474792617864,-0.031025629490613937,0.08826284855604172,0.0616329051554203,0.7337187693844007
gill,8,4,q,-0.15487629175186157,0.3356156349182129,0.21035894751548767,0.9300474792617864,-0.028749488294124603,0.05362990126013756,0.041379623115062714,0.7257887565886133
gill,9,4,q,-0.15487629175186157,0.3356156349182129,0.21035894751548767,0.9300474792617864,-0.020848603919148445,0.09219876676797867,0.05698651820421219,0.693977180538451
gill,10,4,q,-0.15487629175186157,0.3356156349182129,0.21035894751548767,0.9300474792617864,-0.054657213389873505,0.15917164087295532,0.12348049879074097,0.6881586827888061
gill,11,4,q,-0.15487629175186157,0.3356156349182129,0.21035894751548767,0.9300474792617864,-0.2867559790611267,0.32611075043678284,0.33727285265922546,0.7230205101059032
gill,12,4,q,-0.15487629175186157,0.3356156349182129,0.21035894751548767,0.9300474792617864,-0.5542628169059753,0.5279174447059631,0.6152543425559998,0.7266778362844106
harry,1,0,T,-0.11110865324735641,0.16860045492649078,0.1580609232187271,0.9946580372673383,-0.029503941535949707,0.12764745950698853,0.10286146402359009,0.7866089113827651
harry,2,0,T,-0.11110865324735641,0.16860045492649078,0.1580609232187271,0.9946580372673383,-0.05446842685341835,0.140214741230011,0.11970128118991852,0.7855953222953495
harry,3,0,T,-0.11110865324735641,0.16860045492649078,0.1580609232187271,0.9946580372673383,-0.11633642762899399,0.17039760947227478,0.1661263108253479,0.7959774228647678
harry,4,0,T,-0.11110865324735641,0.16860045492649078,0.1580609232187271,0.9946580372673383,-0.1477910280227661,0.1884038746356964,0.1947646141052246,0.7899860846023127
harry,5,0,T,-0.11110865324735641,0.16860045492649078,0.1580609232187271,0.9946580372673383,-0.1704246550798416,0.16350340843200684,0.19147802889347076,0.7897055651218539
harry,6,0,T,-0.11110865324735641,0.16860045492649078,0.1580609232187271,0.9946580372673383,-0.1634736806154251,0.17176558077335358,0.19341622292995453,0.7849690314166627
harry,7,0,T,-0.11110865324735641,0.16860045492649078,0.1580609232187271,0.9946580372673383,-0.16695146262645721,0.18269869685173035,0.1983683705329895,0.7799972121609996
harry,8,0,T,-0.11110865324735641,0.16860045492649078,0.1580609232187271,0.9946580372673383,-0.1745239645242691,0.1893310546875,0.2084265798330307,0.7765846157168199
harry,9,0,T,-0.11110865324735641,0.16860045492649078,0.1580609232187271,0.9946580372673383,-0.13895869255065918,0.16987469792366028,0.17772996425628662,0.7798176376111993
harry,10,0,T,-0.11110865324735641,0.16860045492649078,0.1580609232187271,0.9946580372673383,-0.12653720378875732,0.141532301902771,0.1563018560409546,0.7912180542744275
harry,11,0,T,-0.11110865324735641,0.16860045492649078,0.1580609232187271,0.9946580372673383,-0.05945533514022827,0.11937565356492996,0.10573425143957138,0.7953531556854107
harry,12,0,T,-0.11110865324735641,0.16860045492649078,0.1580609232187271,0.9946580372673383,-0.007157932501286268,0.1275140792131424,0.09898544102907181,0.792685096985648
harry,1,1,RH,0.5347216725349426,0.5530999302864075,0.6343743801116943,0.9938351153534412,0.13270416855812073,0.5167297720909119,0.40653374791145325,0.785990220160285
harry,2,1,RH,0.5347216725349426,0.5530999302864075,0.6343743801116943,0.9938351153534412,0.39443671703338623,0.39601901173591614,0.4668871760368347,0.779788869738873
harry,3,1,RH,0.5347216725349426,0.5530999302864075,0.6343743801116943,0.9938351153534412,0.5694000720977783,0.4053889513015747,0.6002638936042786,0.7879240705868981
harry,4,1,RH,0.5347216725349426,0.5530999302864075,0.6343743801116943,0.9938351153534412,0.7138391733169556,0.4560754895210266,0.7424850463867188,0.7873479560027818
harry,5,1,RH,0.5347216725349426,0.5530999302864075,0.6343743801116943,0.9938351153534412,0.7204862236976624,0.523356020450592,0.7710498571395874,0.790138698151262
harry,6,1,RH,0.5347216725349426,0.5530999302864075,0.6343743801116943,0.9938351153534412,0.6933926343917847,0.5131869316101074,0.7382366061210632,0.7870979426566648
harry,7,1,RH,0.5347216725349426,0.5530999302864075,0.6343743801116943,0.9938351153534412,0.6618356704711914,0.5706374645233154,0.73296058177948,0.7833582796582791
harry,8,1,RH,0.5347216725349426,0.5530999302864075,0.6343743801116943,0.9938351153534412,0.6123968958854675,0.5520585179328918,0.6967653632164001,0.7804765724296413
harry,9,1,RH,0.5347216725349426,0.5530999302864075,0.6343743801116943,0.9938351153534412,0.8064504861831665,0.538932204246521,0.8528515100479126,0.7839283289958993
harry,10,1,RH,0.5347216725349426,0.5530999302864075,0.6343743801116943,0.9938351153534412,0.6262969374656677,0.49267441034317017,0.6692481637001038,0.7903734311551079
harry,11,1,RH,0.5347216725349426,0.5530999302864075,0.6343743801116943,0.9938351153534412,0.3794783055782318,0.508586049079895,0.5003175735473633,0.789571347199677
harry,12,1,RH,0.5347216725349426,0.5530999302864075,0.6343743801116943,0.9938351153534412,0.13809943199157715,0.5814769268035889,0.4487321674823761,0.7940237402129043
harry,1,2,wspd,-0.1407661885023117,0.4213123619556427,0.33065158128738403,0.9765714790428381,-0.18768705427646637,0.35026228427886963,0.31239745020866394,0.7986871675980485
harry,2,2,wspd,-0.1407661885023117,0.4213123619556427,0.33065158128738403,0.9765714790428381,-0.22470057010650635,0.44564762711524963,0.3691408932209015,0.7944471213916633
harry,3,2,wspd,-0.1407661885023117,0.4213123619556427,0.33065158128738403,0.9765714790428381,-0.18766023218631744,0.47218313813209534,0.3693481981754303,0.7968318894489034
harry,4,2,wspd,-0.1407661885023117,0.4213123619556427,0.33065158128738403,0.9765714790428381,-0.10136328637599945,0.38944220542907715,0.3058212399482727,0.7815539597820466
harry,5,2,wspd,-0.1407661885023117,0.4213123619556427,0.33065158128738403,0.9765714790428381,-0.08359074592590332,0.4358193874359131,0.33039233088493347,0.7657171566525146
harry,6,2,wspd,-0.1407661885023117,0.4213123619556427,0.33065158128738403,0.9765714790428381,-0.10328390449285507,0.4253082871437073,0.32731708884239197,0.7562195991509006
harry,7,2,wspd,-0.1407661885023117,0.4213123619556427,0.33065158128738403,0.9765714790428381,-0.10977073013782501,0.43389371037483215,0.3364165127277374,0.7353775684605384
harry,8,2,wspd,-0.1407661885023117,0.4213123619556427,0.33065158128738403,0.9765714790428381,-0.09827236831188202,0.4216683804988861,0.3122177720069885,0.7248622833715155
harry,9,2,wspd,-0.1407661885023117,0.4213123619556427,0.33065158128738403,0.9765714790428381,-0.09182297438383102,0.4419964849948883,0.32980626821517944,0.7213259258940049
harry,10,2,wspd,-0.1407661885023117,0.4213123619556427,0.33065158128738403,0.9765714790428381,-0.05798344314098358,0.48259222507476807,0.35314497351646423,0.717799473808546
harry,11,2,wspd,-0.1407661885023117,0.4213123619556427,0.33065158128738403,0.9765714790428381,-0.12394857406616211,0.42423155903816223,0.32798606157302856,0.7800689337708433
harry,12,2,wspd,-0.1407661885023117,0.4213123619556427,0.33065158128738403,0.9765714790428381,-0.1577392965555191,0.34898969531059265,0.29515692591667175,0.7973462222173618
harry,1,3,P,-0.053633276373147964,0.00933467224240303,0.05363411828875542,1.0028350150550722,-0.04816507548093796,0.0072787762619555,0.04816507548093796,0.7977414982560892
harry,2,3,P,-0.053633276373147964,0.00933467224240303,0.05363411828875542,1.0028350150550722,-0.04923563823103905,0.007566453889012337,0.04923563823103905,0.7960484708264426
harry,3,3,P,-0.053633276373147964,0.00933467224240303,0.05363411828875542,1.0028350150550722,-0.05264995992183685,0.008281570859253407,0.05264995992183685,0.8040334779822779
harry,4,3,P,-0.053633276373147964,0.00933467224240303,0.05363411828875542,1.0028350150550722,-0.05524999275803566,0.009189888834953308,0.05524999275803566,0.797573153894101
harry,5,3,P,-0.053633276373147964,0.00933467224240303,0.05363411828875542,1.0028350150550722,-0.057129211723804474,0.00999884121119976,0.057129211723804474,0.7987272937094572
harry,6,3,P,-0.053633276373147964,0.00933467224240303,0.05363411828875542,1.0028350150550722,-0.05654139444231987,0.010201334953308105,0.05655167996883392,0.7937565097042825
harry,7,3,P,-0.053633276373147964,0.00933467224240303,0.05363411828875542,1.0028350150550722,-0.05662856251001358,0.010257592424750328,0.05662856251001358,0.7911050939438544
harry,8,3,P,-0.053633276373147964,0.00933467224240303,0.05363411828875542,1.0028350150550722,-0.05734991282224655,0.008919555693864822,0.05734991282224655,0.7875972215118917
harry,9,3,P,-0.053633276373147964,0.00933467224240303,0.05363411828875542,1.0028350150550722,-0.056414972990751266,0.009841028600931168,0.056414972990751266,0.7889485673579877
harry,10,3,P,-0.053633276373147964,0.00933467224240303,0.05363411828875542,1.0028350150550722,-0.05413128808140755,0.008059505373239517,0.05413128808140755,0.7965970482808501
harry,11,3,P,-0.053633276373147964,0.00933467224240303,0.05363411828875542,1.0028350150550722,-0.05165339633822441,0.007664316333830357,0.05165339633822441,0.7961962931473437
harry,12,3,P,-0.053633276373147964,0.00933467224240303,0.05363411828875542,1.0028350150550722,-0.04952467605471611,0.007355131208896637,0.04952467605471611,0.7994349151176293
harry,1,4,q,0.06777296215295792,0.2555287480354309,0.1792532503604889,0.9837747105756783,0.08063657581806183,0.40966203808784485,0.31543460488319397,0.7685553434720845
harry,2,4,q,0.06777296215295792,0.2555287480354309,0.1792532503604889,0.9837747105756783,0.09007592499256134,0.3040454685688019,0.23538202047348022,0.7661588387927298
harry,3,4,q,0.06777296215295792,0.2555287480354309,0.1792532503604889,0.9837747105756783,0.058303628116846085,0.2216644287109375,0.16297151148319244,0.7798176376111993
harry,4,4,q,0.06777296215295792,0.2555287480354309,0.1792532503604889,0.9837747105756783,0.07066993415355682,0.22157008945941925,0.15968820452690125,0.7790954445711137
harry,5,4,q,0.06777296215295792,0.2555287480354309,0.1792532503604889,0.9837747105756783,0.044828545302152634,0.18899771571159363,0.12620030343532562,0.7807614486435983
harry,6,4,q,0.06777296215295792,0.2555287480354309,0.1792532503604889,0.9837747105756783,0.04984617605805397,0.19632381200790405,0.1340809315443039,0.7779782317808763
harry,7,4,q,0.06777296215295792,0.2555287480354309,0.1792532503604889,0.9837747105756783,0.04404351860284805,0.1726076602935791,0.11956898868083954,0.7726979802413029
harry,8,4,q,0.06777296215295792,0.2555287480354309,0.1792532503604889,0.9837747105756783,0.041830070316791534,0.15235771238803864,0.10050193965435028,0.7691540698636855
harry,9,4,q,0.06777296215295792,0.2555287480354309,0.1792532503604889,0.9837747105756783,0.08378007262945175,0.187696635723114,0.134904682636261,0.7750836172394521
harry,10,4,q,0.06777296215295792,0.2555287480354309,0.1792532503604889,0.9837747105756783,0.05402291938662529,0.1924489140510559,0.1412736475467682,0.7845896269672531
harry,11,4,q,0.06777296215295792,0.2555287480354309,0.1792532503604889,0.9837747105756783,0.07445840537548065,0.2606128454208374,0.2068222314119339,0.7844945053371397
harry,12,4,q,0.06777296215295792,0.2555287480354309,0.1792532503604889,0.9837747105756783,0.12206237763166428,0.4004448354244232,0.3235854506492615,0.7796016361078556
henry,1,0,T,-0.13800722360610962,0.2861621677875519,0.23854197561740875,0.9896537393005241,0.1592608094215393,0.12783850729465485,0.17115376889705658,0.7897183365139607
henry,2,0,T,-0.13800722360610962,0.2861621677875519,0.23854197561740875,0.9896537393005241,-0.03206591680645943,0.17508366703987122,0.12266046553850174,0.7880674790494907
henry,3,0,T,-0.13800722360610962,0.2861621677875519,0.23854197561740875,0.9896537393005241,-0.2797660231590271,0.24829886853694916,0.2957760989665985,0.798059840948025
henry,4,0,T,-0.13800722360610962,0.2861621677875519,0.23854197561740875,0.9896537393005241,-0.3187013268470764,0.24756015837192535,0.3301900625228882,0.795382988977296
henry,5,0,T,-0.13800722360610962,0.2861621677875519,0.23854197561740875,0.9896537393005241,-0.3278360664844513,0.27104759216308594,0.3423939645290375,0.796214014217763
henry,6,0,T,-0.13800722360610962,0.2861621677875519,0.23854197561740875,0.9896537393005241,-0.27796471118927,0.2496224045753479,0.2983017563819885,0.7931091861112707
henry,7,0,T,-0.13800722360610962,0.2861621677875519,0.23854197561740875,0.9896537393005241,-0.28257545828819275,0.2606331706047058,0.30445370078086853,0.795382988977296
henry,8,0,T,-0.13800722360610962,0.2861621677875519,0.23854197561740875,0.9896537393005241,-0.2686213552951813,0.24398602545261383,0.28341519832611084,0.7712044122162086
henry,9,0,T,-0.13800722360610962,0.2861621677875519,0.23854197561740875,0.9896537393005241,-0.20819894969463348,0.2204657644033432,0.23514324426651,0.6804943447767987
henry,10,0,T,-0.13800722360610962,0.2861621677875519,0.23854197561740875,0.9896537393005241,-0.060551661998033524,0.12905576825141907,0.10684817284345627,0.7480534422268713
henry,11,0,T,-0.13800722360610962,0.2861621677875519,0.23854197561740875,0.9896537393005241,0.07080437988042831,0.10970623791217804,0.10178207606077194,0.7966616956035794
henry,12,0,T,-0.13800722360610962,0.2861621677875519,0.23854197561740875,0.9896537393005241,0.1990596503019333,0.12489733099937439,0.20318180322647095,0.7811869452705099
henry,1,1,RH,-1.0803316831588745,0.4698270857334137,1.0817986726760864,0.9958499391327537,-1.0042414665222168,0.6670409440994263,1.0068336725234985,0.8036237913214714
henry,2,1,RH,-1.0803316831588745,0.4698270857334137,1.0817986726760864,0.9958499391327537,-1.040649652481079,0.5303163528442383,1.0428341627120972,0.7978805610056457
henry,3,1,RH,-1.0803316831588745,0.4698270857334137,1.0817986726760864,0.9958499391327537,-1.0309035778045654,0.3120277523994446,1.031064510345459,0.8000463724434673
henry,4,1,RH,-1.0803316831588745,0.4698270857334137,1.0817986726760864,0.9958499391327537,-1.1207304000854492,0.3327949643135071,1.1208016872406006,0.7978979275438629
henry,5,1,RH,-1.0803316831588745,0.4698270857334137,1.0817986726760864,0.9958499391327537,-1.1588075160980225,0.3378996253013611,1.159035086631775,0.8005188678031128
henry,6,1,RH,-1.0803316831588745,0.4698270857334137,1.0817986726760864,0.9958499391327537,-1.1374620199203491,0.33234211802482605,1.1377274990081787,0.7978747713552226
henry,7,1,RH,-1.0803316831588745,0.4698270857334137,1.0817986726760864,0.9958499391327537,-1.192803144454956,0.37696364521980286,1.1945381164550781,0.8000238057021926
henry,8,1,RH,-1.0803316831588745,0.4698270857334137,1.0817986726760864,0.9958499391327537,-1.156173586845398,0.38282710313796997,1.1620445251464844,0.7749769944259057
henry,9,1,RH,-1.0803316831588745,0.4698270857334137,1.0817986726760864,0.9958499391327537,-1.1318485736846924,0.3386450409889221,1.1343131065368652,0.6848090339037755
henry,10,1,RH,-1.0803316831588745,0.4698270857334137,1.0817986726760864,0.9958499391327537,-0.93900465965271,0.30773022770881653,0.9397125244140625,0.7491826941368144
henry,11,1,RH,-1.0803316831588745,0.4698270857334137,1.0817986726760864,0.9958499391327537,-0.9984090328216553,0.5750750303268433,1.0000889301300049,0.7976660755939745
henry,12,1,RH,-1.0803316831588745,0.4698270857334137,1.0817986726760864,0.9958499391327537,-1.0489007234573364,0.6609348058700562,1.0500061511993408,0.8003841422769677
henry,1,2,wspd,-0.21420888602733612,0.31235408782958984,0.30811142921447754,0.9941493329835697,-0.21558158099651337,0.22690331935882568,0.2646072506904602,0.8033640002427166
henry,2,2,wspd,-0.21420888602733612,0.31235408782958984,0.30811142921447754,0.9941493329835697,-0.20843146741390228,0.24580945074558258,0.26703524589538574,0.797398645942573
henry,3,2,wspd,-0.21420888602733612,0.31235408782958984,0.30811142921447754,0.9941493329835697,-0.32476675510406494,0.3224760591983795,0.3758309483528137,0.7991845108681198
henry,4,2,wspd,-0.21420888602733612,0.31235408782958984,0.30811142921447754,0.9941493329835697,-0.24012354016304016,0.31657135486602783,0.32338112592697144,0.797317083669097
henry,5,2,wspd,-0.21420888602733612,0.31235408782958984,0.30811142921447754,0.9941493329835697,-0.14855900406837463,0.35139045119285583,0.3000701069831848,0.7992528775910355
henry,6,2,wspd,-0.21420888602733612,0.31235408782958984,0.30811142921447754,0.9941493329835697,-0.1922004371881485,0.34168103337287903,0.3164582848548889,0.7957639148125947
henry,7,2,wspd,-0.21420888602733612,0.31235408782958984,0.30811142921447754,0.9941493329835697,-0.10107052326202393,0.375041663646698,0.3101838529109955,0.7960484708264426
henry,8,2,wspd,-0.21420888602733612,0.31235408782958984,0.30811142921447754,0.9941493329835697,-0.1491704136133194,0.3640121817588806,0.3107686936855316,0.7701532532529628
henry,9,2,wspd,-0.21420888602733612,0.31235408782958984,0.30811142921447754,0.9941493329835697,-0.19510094821453094,0.36155572533607483,0.32683783769607544,0.6786022291972871
henry,10,2,wspd,-0.21420888602733612,0.31235408782958984,0.30811142921447754,0.9941493329835697,-0.1648496836423874,0.276192307472229,0.26076608896255493,0.7487244742036546
henry,11,2,wspd,-0.21420888602733612,0.31235408782958984,0.30811142921447754,0.9941493329835697,-0.3087523281574249,0.24266210198402405,0.3332606852054596,0.7961667496531025
henry,12,2,wspd,-0.21420888602733612,0.31235408782958984,0.30811142921447754,0.9941493329835697,-0.2647426724433899,0.24119070172309875,0.3047342598438263,0.7987272937094572
henry,1,3,P,-0.05964667350053787,0.008905455470085144,0.05964667350053787,0.995906427009391,-0.05370161682367325,0.006858489476144314,0.05370161682367325,0.803882775019722
henry,2,3,P,-0.05964667350053787,0.008905455470085144,0.05964667350053787,0.995906427009391,-0.0565347895026207,0.006682514678686857,0.0565347895026207,0.7978805610056457
henry,3,3,P,-0.05964667350053787,0.008905455470085144,0.05964667350053787,0.995906427009391,-0.059912558645009995,0.007829326204955578,0.059912558645009995,0.8000463724434673
henry,4,3,P,-0.05964667350053787,0.008905455470085144,0.05964667350053787,0.995906427009391,-0.06138667091727257,0.009247330017387867,0.06138667091727257,0.7978979275438629
henry,5,3,P,-0.05964667350053787,0.008905455470085144,0.05964667350053787,0.995906427009391,-0.06296665221452713,0.008530834689736366,0.06296665221452713,0.8005188678031128
henry,6,3,P,-0.05964667350053787,0.008905455470085144,0.05964667350053787,0.995906427009391,-0.0630069449543953,0.008915635757148266,0.0630069449543953,0.7978747713552226
henry,7,3,P,-0.05964667350053787,0.008905455470085144,0.05964667350053787,0.995906427009391,-0.06558112055063248,0.009169841185212135,0.06558112055063248,0.8001365783472307
henry,8,3,P,-0.05964667350053787,0.008905455470085144,0.05964667350053787,0.995906427009391,-0.06352142244577408,0.00943086203187704,0.06352142244577408,0.7749769944259057
henry,9,3,P,-0.05964667350053787,0.008905455470085144,0.05964667350053787,0.995906427009391,-0.06320852041244507,0.007374851498752832,0.06320852041244507,0.6847415484094678
henry,10,3,P,-0.05964667350053787,0.008905455470085144,0.05964667350053787,0.995906427009391,-0.059812985360622406,0.006439682561904192,0.059812985360622406,0.74914114173838
henry,11,3,P,-0.05964667350053787,0.008905455470085144,0.05964667350053787,0.995906427009391,-0.05638899654150009,0.007048412691801786,0.05638899654150009,0.7976892898383849
henry,12,3,P,-0.05964667350053787,0.008905455470085144,0.05964667350053787,0.995906427009391,-0.05374450981616974,0.006528998259454966,0.05374450981616974,0.8006085639660498
henry,1,4,q,-0.030329840257763863,0.07204944640398026,0.04808562248945236,0.9896125702852266,-0.03479831665754318,0.14978663623332977,0.11353926360607147,0.7896672391975236
henry,2,4,q,-0.030329840257763863,0.07204944640398026,0.04808562248945236,0.9896125702852266,-0.05787600576877594,0.07060544937849045,0.06999094784259796,0.7880674790494907
henry,3,4,q,-0.030329840257763863,0.07204944640398026,0.04808562248945236,0.9896125702852266,-0.03603558987379074,0.027738047763705254,0.037021614611148834,0.798059840948025
henry,4,4,q,-0.030329840257763863,0.07204944640398026,0.04808562248945236,0.9896125702852266,-0.026164859533309937,0.02077014558017254,0.026798563078045845,0.795382988977296
henry,5,4,q,-0.030329840257763863,0.07204944640398026,0.04808562248945236,0.9896125702852266,-0.025210201740264893,0.02191355638206005,0.026176882907748222,0.796214014217763
henry,6,4,q,-0.030329840257763863,0.07204944640398026,0.04808562248945236,0.9896125702852266,-0.020594043657183647,0.01571851782500744,0.021486667916178703,0.7931091861112707
henry,7,4,q,-0.030329840257763863,0.07204944640398026,0.04808562248945236,0.9896125702852266,-0.016419267281889915,0.013264469802379608,0.017384737730026245,0.7952635916743529
henry,8,4,q,-0.030329840257763863,0.07204944640398026,0.04808562248945236,0.9896125702852266,-0.017778515815734863,0.015655193477869034,0.01887102983891964,0.7712044122162086
henry,9,4,q,-0.030329840257763863,0.07204944640398026,0.04808562248945236,0.9896125702852266,-0.01534703467041254,0.016642563045024872,0.01646336354315281,0.680280943038326
henry,10,4,q,-0.030329840257763863,0.07204944640398026,0.04808562248945236,0.9896125702852266,-0.02837415225803852,0.024294521659612656,0.030028559267520905,0.7479481036547192
henry,11,4,q,-0.030329840257763863,0.07204944640398026,0.04808562248945236,0.9896125702852266,-0.05546903237700462,0.0663730576634407,0.0659259483218193,0.7966381932884455
henry,12,4,q,-0.030329840257763863,0.07204944640398026,0.04808562248945236,0.9896125702852266,-0.01387377455830574,0.14853152632713318,0.10998014360666275,0.7810453543209198
howard_nunatak,1,0,T,0.13446258008480072,0.19567790627479553,0.18392550945281982,0.946392025821185,0.1345958113670349,0.11649321764707565,0.14753805100917816,0.7294607780430359
howard_nunatak,2,0,T,0.13446258008480072,0.19567790627479553,0.18392550945281982,0.946392025821185,0.12157589942216873,0.15188905596733093,0.15328259766101837,0.7311282819631805
howard_nunatak,3,0,T,0.13446258008480072,0.19567790627479553,0.18392550945281982,0.946392025821185,0.12441621720790863,0.1855900138616562,0.17695856094360352,0.7524914208495
howard_nunatak,4,0,T,0.13446258008480072,0.19567790627479553,0.18392550945281982,0.946392025821185,0.15187755227088928,0.21208570897579193,0.20546163618564606,0.7494419282578111
howard_nunatak,5,0,T,0.13446258008480072,0.19567790627479553,0.18392550945281982,0.946392025821185,0.15936706960201263,0.2178492695093155,0.21481625735759735,0.7476630226038073
howard_nunatak,6,0,T,0.13446258008480072,0.19567790627479553,0.18392550945281982,0.946392025821185,0.10816626250743866,0.2125999629497528,0.18391191959381104,0.7359151259127081
howard_nunatak,7,0,T,0.13446258008480072,0.19567790627479553,0.18392550945281982,0.946392025821185,0.13495472073554993,0.25229328870773315,0.2197733074426651,0.7366667554869494
howard_nunatak,8,0,T,0.13446258008480072,0.19567790627479553,0.18392550945281982,0.946392025821185,0.1849304437637329,0.22973740100860596,0.23168884217739105,0.7403957272042652
howard_nunatak,9,0,T,0.13446258008480072,0.19567790627479553,0.18392550945281982,0.946392025821185,0.15556396543979645,0.22741536796092987,0.21167229115962982,0.7352057976890808
howard_nunatak,10,0,T,0.13446258008480072,0.19567790627479553,0.18392550945281982,0.946392025821185,0.11631674319505692,0.1944189965724945,0.17704539000988007,0.7423574071297584
howard_nunatak,11,0,T,0.13446258008480072,0.19567790627479553,0.18392550945281982,0.946392025821185,0.10138360410928726,0.13242636620998383,0.1359240859746933,0.7414507387725792
howard_nunatak,12,0,T,0.13446258008480072,0.19567790627479553,0.18392550945281982,0.946392025821185,0.11367077380418777,0.11539015918970108,0.132595032453537,0.7251953396016959
howard_nunatak,1,1,RH,0.35051748156547546,0.5012643337249756,0.4599379301071167,0.9566545502216117,0.35294148325920105,0.5088237524032593,0.476602703332901,0.7511430858726141
howard_nunatak,2,1,RH,0.35051748156547546,0.5012643337249756,0.4599379301071167,0.9566545502216117,0.3775729238986969,0.5119488835334778,0.4904484748840332,0.7500608195787132
howard_nunatak,3,1,RH,0.35051748156547546,0.5012643337249756,0.4599379301071167,0.9566545502216117,0.32562941312789917,0.5037950873374939,0.4331771731376648,0.7577141530201396
howard_nunatak,4,1,RH,0.35051748156547546,0.5012643337249756,0.4599379301071167,0.9566545502216117,0.3645503520965576,0.4986339211463928,0.46304449439048767,0.7552403252090256
howard_nunatak,5,1,RH,0.35051748156547546,0.5012643337249756,0.4599379301071167,0.9566545502216117,0.36146706342697144,0.5319357514381409,0.4856162965297699,0.7557217994703538
howard_nunatak,6,1,RH,0.35051748156547546,0.5012643337249756,0.4599379301071167,0.9566545502216117,0.41291406750679016,0.46617722511291504,0.47232234477996826,0.7449541551803532
howard_nunatak,7,1,RH,0.35051748156547546,0.5012643337249756,0.4599379301071167,0.9566545502216117,0.3570038080215454,0.5301833152770996,0.48274555802345276,0.7477264582830948
howard_nunatak,8,1,RH,0.35051748156547546,0.5012643337249756,0.4599379301071167,0.9566545502216117,0.32143843173980713,0.47760435938835144,0.4331821799278259,0.7477687219245909
howard_nunatak,9,1,RH,0.35051748156547546,0.5012643337249756,0.4599379301071167,0.9566545502216117,0.3492501974105835,0.47162961959838867,0.44013285636901855,0.7437878655688669
howard_nunatak,10,1,RH,0.35051748156547546,0.5012643337249756,0.4599379301071167,0.9566545502216117,0.3463205099105835,0.5015601515769958,0.444213330745697,0.7473451178439011
howard_nunatak,11,1,RH,0.35051748156547546,0.5012643337249756,0.4599379301071167,0.9566545502216117,0.34080010652542114,0.4559231996536255,0.42530784010887146,0.7445379257836594
howard_nunatak,12,1,RH,0.35051748156547546,0.5012643337249756,0.4599379301071167,0.9566545502216117,0.2977540194988251,0.5321112871170044,0.46956804394721985,0.7476418666419438
howard_nunatak,1,2,wspd,0.4061395227909088,0.5612659454345703,0.5074662566184998,0.9300012379664128,0.3828214704990387,0.4370996356010437,0.4404916763305664,0.741950626661022
howard_nunatak,2,2,wspd,0.4061395227909088,0.5612659454345703,0.5074662566184998,0.9300012379664128,0.35861244797706604,0.4860120713710785,0.444496214389801,0.7355000454569138
howard_nunatak,3,2,wspd,0.4061395227909088,0.5612659454345703,0.5074662566184998,0.9300012379664128,0.3501693606376648,0.5334650874137878,0.45543429255485535,0.7366667554869494
howard_nunatak,4,2,wspd,0.4061395227909088,0.5612659454345703,0.5074662566184998,0.9300012379664128,0.3889455199241638,0.5759187936782837,0.5062220096588135,0.728667499008062
howard_nunatak,5,2,wspd,0.4061395227909088,0.5612659454345703,0.5074662566184998,0.9300012379664128,0.3432409465312958,0.5607597827911377,0.4766707420349121,0.7232192947744807
howard_nunatak,6,2,wspd,0.4061395227909088,0.5612659454345703,0.5074662566184998,0.9300012379664128,0.4672360122203827,0.6365748047828674,0.601259708404541,0.7031972009058555
howard_nunatak,7,2,wspd,0.4061395227909088,0.5612659454345703,0.5074662566184998,0.9300012379664128,0.4594126045703888,0.6382002830505371,0.5749381184577942,0.7103804954788041
howard_nunatak,8,2,wspd,0.4061395227909088,0.5612659454345703,0.5074662566184998,0.9300012379664128,0.415484756231308,0.6151207685470581,0.5313998460769653,0.7042722534416725
howard_nunatak,9,2,wspd,0.4061395227909088,0.5612659454345703,0.5074662566184998,0.9300012379664128,0.4993270933628082,0.6526875495910645,0.6264582872390747,0.7067971678144239
howard_nunatak,10,2,wspd,0.4061395227909088,0.5612659454345703,0.5074662566184998,0.9300012379664128,0.501717209815979,0.6263846755027771,0.5981960296630859,0.7160095931611248
howard_nunatak,11,2,wspd,0.4061395227909088,0.5612659454345703,0.5074662566184998,0.9300012379664128,0.4097394049167633,0.5374605059623718,0.4963962733745575,0.720816596330355
howard_nunatak,12,2,wspd,0.4061395227909088,0.5612659454345703,0.5074662566184998,0.9300012379664128,0.3736809194087982,0.4730416238307953,0.44629326462745667,0.7353039957659419
howard_nunatak,1,3,P,-0.05583595857024193,0.01384139433503151,0.05583595857024193,0.9566545502216117,-0.048653535544872284,0.007924164645373821,0.048653535544872284,0.7511430858726141
howard_nunatak,2,3,P,-0.05583595857024193,0.01384139433503151,0.05583595857024193,0.9566545502216117,-0.05168081820011139,0.011036386713385582,0.05168081820011139,0.7500608195787132
howard_nunatak,3,3,P,-0.05583595857024193,0.01384139433503151,0.05583595857024193,0.9566545502216117,-0.053767651319503784,0.010690400376915932,0.053767651319503784,0.7577141530201396
howard_nunatak,4,3,P,-0.05583595857024193,0.01384139433503151,0.05583595857024193,0.9566545502216117,-0.056120600551366806,0.012860462069511414,0.056120600551366806,0.7552403252090256
howard_nunatak,5,3,P,-0.05583595857024193,0.01384139433503151,0.05583595857024193,0.9566545502216117,-0.0596269853413105,0.01416509784758091,0.0596269853413105,0.7557217994703538
howard_nunatak,6,3,P,-0.05583595857024193,0.01384139433503151,0.05583595857024193,0.9566545502216117,-0.06118246912956238,0.016440164297819138,0.06118246912956238,0.7449541551803532
howard_nunatak,7,3,P,-0.05583595857024193,0.01384139433503151,0.05583595857024193,0.9566545502216117,-0.05610376596450806,0.014264008030295372,0.05610376596450806,0.7477264582830948
howard_nunatak,8,3,P,-0.05583595857024193,0.01384139433503151,0.05583595857024193,0.9566545502216117,-0.05617012083530426,0.016014544293284416,0.05617012083530426,0.7477687219245909
howard_nunatak,9,3,P,-0.05583595857024193,0.01384139433503151,0.05583595857024193,0.9566545502216117,-0.05758164823055267,0.014638803899288177,0.05758164823055267,0.7437878655688669
howard_nunatak,10,3,P,-0.05583595857024193,0.01384139433503151,0.05583595857024193,0.9566545502216117,-0.06000632792711258,0.015061488375067711,0.06000632792711258,0.7473451178439011
howard_nunatak,11,3,P,-0.05583595857024193,0.01384139433503151,0.05583595857024193,0.9566545502216117,-0.05728490650653839,0.014313749969005585,0.05728490650653839,0.7445379257836594
howard_nunatak,12,3,P,-0.05583595857024193,0.01384139433503151,0.05583595857024193,0.9566545502216117,-0.05245150998234749,0.011272543109953403,0.05245150998234749,0.7476418666419438
howard_nunatak,1,4,q,0.2327422797679901,0.2489185780286789,0.2540789842605591,0.946392025821185,0.3981257975101471,0.273662269115448,0.41249880194664,0.7294607780430359
howard_nunatak,2,4,q,0.2327422797679901,0.2489185780286789,0.2540789842605591,0.946392025821185,0.30365172028541565,0.2577352523803711,0.3276406526565552,0.7311282819631805
howard_nunatak,3,4,q,0.2327422797679901,0.2489185780286789,0.2540789842605591,0.946392025821185,0.25149765610694885,0.2843053340911865,0.27734342217445374,0.7524914208495
howard_nunatak,4,4,q,0.2327422797679901,0.2489185780286789,0.2540789842605591,0.946392025821185,0.22295896708965302,0.23518498241901398,0.23964886367321014,0.7494419282578111
howard_nunatak,5,4,q,0.2327422797679901,0.2489185780286789,0.2540789842605591,0.946392025821185,0.20733913779258728,0.21644708514213562,0.22685833275318146,0.7476630226038073
howard_nunatak,6,4,q,0.2327422797679901,0.2489185780286789,0.2540789842605591,0.946392025821185,0.15352407097816467,0.20079943537712097,0.17365285754203796,0.7359151259127081
howard_nunatak,7,4,q,0.2327422797679901,0.2489185780286789,0.2540789842605591,0.946392025821185,0.16797961294651031,0.2197778970003128,0.18723849952220917,0.7366667554869494
howard_nunatak,8,4,q,0.2327422797679901,0.2489185780286789,0.2540789842605591,0.946392025821185,0.2104966640472412,0.2344968020915985,0.22226092219352722,0.7403957272042652
howard_nunatak,9,4,q,0.2327422797679901,0.2489185780286789,0.2540789842605591,0.946392025821185,0.17782455682754517,0.22643408179283142,0.19164682924747467,0.7352057976890808
howard_nunatak,10,4,q,0.2327422797679901,0.2489185780286789,0.2540789842605591,0.946392025821185,0.1854468137025833,0.22305473685264587,0.2115667313337326,0.7423574071297584
howard_nunatak,11,4,q,0.2327422797679901,0.2489185780286789,0.2540789842605591,0.946392025821185,0.2193024903535843,0.199565127491951,0.24744243919849396,0.7414507387725792
howard_nunatak,12,4,q,0.2327422797679901,0.2489185780286789,0.2540789842605591,0.946392025821185,0.3303482234477997,0.29080963134765625,0.36807990074157715,0.7251953396016959
laurie_ii,1,0,T,-0.1367625892162323,0.21117784082889557,0.18954937160015106,0.9795375855949676,-0.10826976597309113,0.11227668076753616,0.12699663639068604,0.7636127983959872
laurie_ii,2,0,T,-0.1367625892162323,0.21117784082889557,0.18954937160015106,0.9795375855949676,-0.09650743007659912,0.14912912249565125,0.13824854791164398,0.7723447892251999
laurie_ii,3,0,T,-0.1367625892162323,0.21117784082889557,0.18954937160015106,0.9795375855949676,-0.12109354138374329,0.21305912733078003,0.1892852634191513,0.7895265598107274
laurie_ii,4,0,T,-0.1367625892162323,0.21117784082889557,0.18954937160015106,0.9795375855949676,-0.1603890061378479,0.25345277786254883,0.232554629445076,0.7859701857009185
laurie_ii,5,0,T,-0.1367625892162323,0.21117784082889557,0.18954937160015106,0.9795375855949676,-0.1509457230567932,0.2420644313097,0.21450799703598022,0.7880153590675975
laurie_ii,6,0,T,-0.1367625892162323,0.21117784082889557,0.18954937160015106,0.9795375855949676,-0.14463497698307037,0.24152326583862305,0.21209438145160675,0.7794284308839878
laurie_ii,7,0,T,-0.1367625892162323,0.21117784082889557,0.18954937160015106,0.9795375855949676,-0.15812571346759796,0.2640152871608734,0.23550280928611755,0.7745874249919281
laurie_ii,8,0,T,-0.1367625892162323,0.21117784082889557,0.18954937160015106,0.9795375855949676,-0.1731744259595871,0.27481862902641296,0.24326616525650024,0.7657256726540891
laurie_ii,9,0,T,-0.1367625892162323,0.21117784082889557,0.18954937160015106,0.9795375855949676,-0.14821194112300873,0.21232497692108154,0.20117273926734924,0.75993428654709
laurie_ii,10,0,T,-0.1367625892162323,0.21117784082889557,0.18954937160015106,0.9795375855949676,-0.13625787198543549,0.16530819237232208,0.16999462246894836,0.7631749383442076
laurie_ii,11,0,T,-0.1367625892162323,0.21117784082889557,0.18954937160015106,0.9795375855949676,-0.1274082213640213,0.13039818406105042,0.1487647145986557,0.7660062135974409
laurie_ii,12,0,T,-0.1367625892162323,0.21117784082889557,0.18954937160015106,0.9795375855949676,-0.10514634847640991,0.1130022183060646,0.12688659131526947,0.7516487508545938
laurie_ii,1,1,RH,0.42358213663101196,0.7787215709686279,0.7320671677589417,0.9995730160481323,-0.1245037168264389,0.7628448605537415,0.5846061706542969,0.7927959371704659
laurie_ii,2,1,RH,0.42358213663101196,0.7787215709686279,0.7320671677589417,0.9995730160481323,0.43330883979797363,0.640946090221405,0.6442747712135315,0.7947842843880278
laurie_ii,3,1,RH,0.42358213663101196,0.7787215709686279,0.7320671677589417,0.9995730160481323,0.6333951354026794,0.5788653492927551,0.7313817143440247,0.8052717851033869
laurie_ii,4,1,RH,0.42358213663101196,0.7787215709686279,0.7320671677589417,0.9995730160481323,0.6329517364501953,0.627715528011322,0.7556568384170532,0.8027764920974149
laurie_ii,5,1,RH,0.42358213663101196,0.7787215709686279,0.7320671677589417,0.9995730160481323,0.6780855655670166,0.7193807363510132,0.8310715556144714,0.8056207261030154
laurie_ii,6,1,RH,0.42358213663101196,0.7787215709686279,0.7320671677589417,0.9995730160481323,0.7050822973251343,0.7112213373184204,0.8613104224205017,0.798100270191867
laurie_ii,7,1,RH,0.42358213663101196,0.7787215709686279,0.7320671677589417,0.9995730160481323,0.49598565697669983,0.7819040417671204,0.7742074131965637,0.7946640255702264
laurie_ii,8,1,RH,0.42358213663101196,0.7787215709686279,0.7320671677589417,0.9995730160481323,0.36546334624290466,0.8359696865081787,0.7648293375968933,0.7867810603925526
laurie_ii,9,1,RH,0.42358213663101196,0.7787215709686279,0.7320671677589417,0.9995730160481323,0.6599009037017822,0.6844671368598938,0.8062294721603394,0.779153450896145
laurie_ii,10,1,RH,0.42358213663101196,0.7787215709686279,0.7320671677589417,0.9995730160481323,0.4999437928199768,0.6791609525680542,0.7100947499275208,0.7821434359242337
laurie_ii,11,1,RH,0.42358213663101196,0.7787215709686279,0.7320671677589417,0.9995730160481323,0.13216225802898407,0.8145979642868042,0.6589521765708923,0.78011910219492
laurie_ii,12,1,RH,0.42358213663101196,0.7787215709686279,0.7320671677589417,0.9995730160481323,-0.23689140379428864,0.7928974628448486,0.6219288110733032,0.7813847693001068
laurie_ii,1,2,wspd,-0.05615970864892006,0.3900676965713501,0.3099363148212433,0.9829400729930237,-0.052328143268823624,0.30760860443115234,0.2488614022731781,0.7909290729570659
laurie_ii,2,2,wspd,-0.05615970864892006,0.3900676965713501,0.3099363148212433,0.9829400729930237,-0.005448481068015099,0.34868937730789185,0.2751831114292145,0.7886645275240326
laurie_ii,3,2,wspd,-0.05615970864892006,0.3900676965713501,0.3099363148212433,0.9829400729930237,-0.003931152168661356,0.38639870285987854,0.30689793825149536,0.7948323393642509
laurie_ii,4,2,wspd,-0.05615970864892006,0.3900676965713501,0.3099363148212433,0.9829400729930237,-0.02702832594513893,0.4400850832462311,0.3484344780445099,0.7850568609544321
laurie_ii,5,2,wspd,-0.05615970864892006,0.3900676965713501,0.3099363148212433,0.9829400729930237,-0.06925191730260849,0.4235619604587555,0.34424346685409546,0.7845284898135022
laurie_ii,6,2,wspd,-0.05615970864892006,0.3900676965713501,0.3099363148212433,0.9829400729930237,-0.028669128194451332,0.420210599899292,0.33542007207870483,0.7774472565331519
laurie_ii,7,2,wspd,-0.05615970864892006,0.3900676965713501,0.3099363148212433,0.9829400729930237,-0.13518628478050232,0.4199080467224121,0.3550579249858856,0.7689085383562634
laurie_ii,8,2,wspd,-0.05615970864892006,0.3900676965713501,0.3099363148212433,0.9829400729930237,-0.1559431254863739,0.4545288681983948,0.3801072835922241,0.7575734109949046
laurie_ii,9,2,wspd,-0.05615970864892006,0.3900676965713501,0.3099363148212433,0.9829400729930237,-0.05472150072455406,0.42705512046813965,0.3401746153831482,0.7342670989635739
laurie_ii,10,2,wspd,-0.05615970864892006,0.3900676965713501,0.3099363148212433,0.9829400729930237,-0.03631307929754257,0.3813003897666931,0.3030814230442047,0.7612385192333521
laurie_ii,11,2,wspd,-0.05615970864892006,0.3900676965713501,0.3099363148212433,0.9829400729930237,-0.061513327062129974,0.3392024636268616,0.26616647839546204,0.7717369461791074
laurie_ii,12,2,wspd,-0.05615970864892006,0.3900676965713501,0.3099363148212433,0.9829400729930237,-0.09057073295116425,0.30454787611961365,0.25250568985939026,0.7771285251387389
laurie_ii,1,3,P,-0.005329841747879982,0.01097986288368702,0.009422124363481998,1.0001004017582227,-0.005140173248946667,0.008212651126086712,0.00808061845600605,0.7946580080713371
laurie_ii,2,3,P,-0.005329841747879982,0.01097986288368702,0.009422124363481998,1.0001004017582227,-0.003922147210687399,0.008988884277641773,0.008127819746732712,0.7962848608391043
laurie_ii,3,3,P,-0.005329841747879982,0.01097986288368702,0.009422124363481998,1.0001004017582227,-0.0018465518951416016,0.009123134426772594,0.0075782774947583675,0.8055257051881212
laurie_ii,4,3,P,-0.005329841747879982,0.01097986288368702,0.009422124363481998,1.0001004017582227,-0.005239817313849926,0.014342335052788258,0.010639959946274757,0.8032989257290954
laurie_ii,5,3,P,-0.005329841747879982,0.01097986288368702,0.009422124363481998,1.0001004017582227,-0.007033295929431915,0.013200866989791393,0.010805436410009861,0.805936682247704
laurie_ii,6,3,P,-0.005329841747879982,0.01097986288368702,0.009422124363481998,1.0001004017582227,-0.008645222522318363,0.011898349039256573,0.011479734443128109,0.7981926063047305
laurie_ii,7,3,P,-0.005329841747879982,0.01097986288368702,0.009422124363481998,1.0001004017582227,-0.005492866039276123,0.011470620520412922,0.010202409699559212,0.7947842843880278
laurie_ii,8,3,P,-0.005329841747879982,0.01097986288368702,0.009422124363481998,1.0001004017582227,-0.005554655101150274,0.011216763406991959,0.009924245066940784,0.7869132411377425
laurie_ii,9,3,P,-0.005329841747879982,0.01097986288368702,0.009422124363481998,1.0001004017582227,-0.0053919656202197075,0.011256909929215908,0.009594125673174858,0.7793272280031712
laurie_ii,10,3,P,-0.005329841747879982,0.01097986288368702,0.009422124363481998,1.0001004017582227,-0.004391449503600597,0.008592470549046993,0.007722933776676655,0.7823947976564983
laurie_ii,11,3,P,-0.005329841747879982,0.01097986288368702,0.009422124363481998,1.0001004017582227,-0.005601129494607449,0.009311783127486706,0.009059855714440346,0.7805906398042256
laurie_ii,12,3,P,-0.005329841747879982,0.01097986288368702,0.009422124363481998,1.0001004017582227,-0.00584816187620163,0.009530914947390556,0.009504900313913822,0.7819754392272705
laurie_ii,1,4,q,-0.018505999818444252,0.3307463526725769,0.21359795331954956,0.978927962969019,-0.3044087290763855,0.5433099865913391,0.46521157026290894,0.7613642376480008
laurie_ii,2,4,q,-0.018505999818444252,0.3307463526725769,0.21359795331954956,0.978927962969019,0.03817768394947052,0.3715217113494873,0.2826228439807892,0.7705319136102594
laurie_ii,3,4,q,-0.018505999818444252,0.3307463526725769,0.21359795331954956,0.978927962969019,0.05530739575624466,0.24927932024002075,0.1902914047241211,0.789244486561436
laurie_ii,4,4,q,-0.018505999818444252,0.3307463526725769,0.21359795331954956,0.978927962969019,0.0380859449505806,0.18809297680854797,0.14028248190879822,0.7854610327918977
laurie_ii,5,4,q,-0.018505999818444252,0.3307463526725769,0.21359795331954956,0.978927962969019,0.0699310302734375,0.20588919520378113,0.15267187356948853,0.787701952759149
laurie_ii,6,4,q,-0.018505999818444252,0.3307463526725769,0.21359795331954956,0.978927962969019,0.0650174543261528,0.18477116525173187,0.13442644476890564,0.7793127604105422
laurie_ii,7,4,q,-0.018505999818444252,0.3307463526725769,0.21359795331954956,0.978927962969019,0.03582542762160301,0.15951316058635712,0.11150252819061279,0.7744341541498732
laurie_ii,8,4,q,-0.018505999818444252,0.3307463526725769,0.21359795331954956,0.978927962969019,0.023072578012943268,0.1777905970811844,0.1184690073132515,0.7655551870518004
laurie_ii,9,4,q,-0.018505999818444252,0.3307463526725769,0.21359795331954956,0.978927962969019,0.05312373489141464,0.18673843145370483,0.1316727250814438,0.7597149160134756
laurie_ii,10,4,q,-0.018505999818444252,0.3307463526725769,0.21359795331954956,0.978927962969019,0.021001679822802544,0.21577182412147522,0.16156968474388123,0.7628582484243798
laurie_ii,11,4,q,-0.018505999818444252,0.3307463526725769,0.21359795331954956,0.978927962969019,-0.117191381752491,0.39732635021209717,0.30474793910980225,0.7654099995524394
laurie_ii,12,4,q,-0.018505999818444252,0.3307463526725769,0.21359795331954956,0.978927962969019,-0.3538733422756195,0.540490448474884,0.4870566427707672,0.7507159431263442
lola,1,0,T,0.19262799620628357,0.2800738513469696,0.26712605357170105,1.0272342757510158,-0.07627315074205399,0.1474778950214386,0.1372303068637848,0.8274214857206381
lola,2,0,T,0.19262799620628357,0.2800738513469696,0.26712605357170105,1.0272342757510158,0.09466858208179474,0.19190874695777893,0.1627858281135559,0.8196230284932987
lola,3,0,T,0.19262799620628357,0.2800738513469696,0.26712605357170105,1.0272342757510158,0.23814581334590912,0.2126130908727646,0.2615711987018585,0.8289467405816748
lola,4,0,T,0.19262799620628357,0.2800738513469696,0.26712605357170105,1.0272342757510158,0.3265451490879059,0.23266509175300598,0.34118521213531494,0.8244741425046681
lola,5,0,T,0.19262799620628357,0.2800738513469696,0.26712605357170105,1.0272342757510158,0.3269372880458832,0.2389514297246933,0.3431812524795532,0.8270021003128063
lola,6,0,T,0.19262799620628357,0.2800738513469696,0.26712605357170105,1.0272342757510158,0.33197250962257385,0.24717170000076294,0.3466784358024597,0.8204882033082909
lola,7,0,T,0.19262799620628357,0.2800738513469696,0.26712605357170105,1.0272342757510158,0.3852138817310333,0.2478947639465332,0.39360442757606506,0.8197789791692985
lola,8,0,T,0.19262799620628357,0.2800738513469696,0.26712605357170105,1.0272342757510158,0.3836822807788849,0.26496046781539917,0.39624863862991333,0.8144956817650953
lola,9,0,T,0.19262799620628357,0.2800738513469696,0.26712605357170105,1.0272342757510158,0.33112582564353943,0.2516746520996094,0.3486717641353607,0.8070746770474284
lola,10,0,T,0.19262799620628357,0.2800738513469696,0.26712605357170105,1.0272342757510158,0.1477089375257492,0.21132038533687592,0.20030398666858673,0.8122263980488483
lola,11,0,T,0.19262799620628357,0.2800738513469696,0.26712605357170105,1.0272342757510158,-0.04416787624359131,0.16079969704151154,0.13621556758880615,0.8186721237965532
lola,12,0,T,0.19262799620628357,0.2800738513469696,0.26712605357170105,1.0272342757510158,-0.11337460577487946,0.1358482986688614,0.14974036812782288,0.8189873031939485
lola,1,1,RH,0.06475561857223511,0.6310118436813354,0.4910174012184143,0.9008762930942581,0.2202419936656952,0.6670547723770142,0.5375638008117676,0.7075878778172119
lola,2,1,RH,0.06475561857223511,0.6310118436813354,0.4910174012184143,0.9008762930942581,0.3407021164894104,0.6365659236907959,0.5597556829452515,0.6848315169292277
lola,3,1,RH,0.06475561857223511,0.6310118436813354,0.4910174012184143,0.9008762930942581,0.10587534308433533,0.6357546448707581,0.4879852533340454,0.6901014717738875
lola,4,1,RH,0.06475561857223511,0.6310118436813354,0.4910174012184143,0.9008762930942581,-0.09292308986186981,0.544546365737915,0.42303434014320374,0.6875299126231078
lola,5,1,RH,0.06475561857223511,0.6310118436813354,0.4910174012184143,0.9008762930942581,-0.05317888408899307,0.582590639591217,0.4517674446105957,0.6900170194399978
lola,6,1,RH,0.06475561857223511,0.6310118436813354,0.4910174012184143,0.9008762930942581,-0.08322804421186447,0.5843887329101562,0.4611859619617462,0.6877038408539127
lola,7,1,RH,0.06475561857223511,0.6310118436813354,0.4910174012184143,0.9008762930942581,-0.0307491235435009,0.5725981593132019,0.44774487614631653,0.6901014717738875
lola,8,1,RH,0.06475561857223511,0.6310118436813354,0.4910174012184143,0.9008762930942581,-0.17976023256778717,0.6378234624862671,0.5129963755607605,0.6898478575786449
lola,9,1,RH,0.06475561857223511,0.6310118436813354,0.4910174012184143,0.9008762930942581,-0.008008794859051704,0.5797832608222961,0.44978317618370056,0.6871809633214636
lola,10,1,RH,0.06475561857223511,0.6310118436813354,0.4910174012184143,0.9008762930942581,0.15512660145759583,0.5987762212753296,0.4858208894729614,0.6913165092196788
lola,11,1,RH,0.06475561857223511,0.6310118436813354,0.4910174012184143,0.9008762930942581,0.1893974095582962,0.6310051083564758,0.5111992359161377,0.7058941930838247
lola,12,1,RH,0.06475561857223511,0.6310118436813354,0.4910174012184143,0.9008762930942581,0.13657312095165253,0.6523362398147583,0.5368495583534241,0.7086418834361449
lola,1,2,wspd,0.8177295923233032,1.2464035749435425,0.8478097319602966,0.9269969524134232,0.8770996332168579,0.9318021535873413,0.8836188912391663,0.7489330683884977
lola,2,2,wspd,0.8177295923233032,1.2464035749435425,0.8478097319602966,0.9269969524134232,0.7234050035476685,0.9310835003852844,0.7383462190628052,0.7376624726044957
lola,3,2,wspd,0.8177295923233032,1.2464035749435425,0.8478097319602966,0.9269969524134232,0.5877541899681091,0.9105266332626343,0.6186102628707886,0.7345151519323599
lola,4,2,wspd,0.8177295923233032,1.2464035749435425,0.8478097319602966,0.9269969524134232,0.7132860422134399,1.361937165260315,0.7647746205329895,0.7190463049391416
lola,5,2,wspd,0.8177295923233032,1.2464035749435425,0.8478097319602966,0.9269969524134232,0.7426605820655823,1.2867555618286133,0.789359450340271,0.7201571362811295
lola,6,2,wspd,0.8177295923233032,1.2464035749435425,0.8478097319602966,0.9269969524134232,0.838935911655426,1.5692946910858154,0.8896499276161194,0.7130985699693664
lola,7,2,wspd,0.8177295923233032,1.2464035749435425,0.8478097319602966,0.9269969524134232,0.8894479870796204,1.612188696861267,0.9369354248046875,0.7015949375784042
lola,8,2,wspd,0.8177295923233032,1.2464035749435425,0.8478097319602966,0.9269969524134232,1.0690573453903198,1.97783362865448,1.118752121925354,0.6903753522715413
lola,9,2,wspd,0.8177295923233032,1.2464035749435425,0.8478097319602966,0.9269969524134232,0.8180117607116699,1.4956798553466797,0.8678937554359436,0.6905014557003969
lola,10,2,wspd,0.8177295923233032,1.2464035749435425,0.8478097319602966,0.9269969524134232,0.8217418193817139,1.1644772291183472,0.853721022605896,0.6966726196370021
lola,11,2,wspd,0.8177295923233032,1.2464035749435425,0.8478097319602966,0.9269969524134232,0.9648369550704956,1.018211007118225,0.9781674742698669,0.7190015622087601
lola,12,2,wspd,0.8177295923233032,1.2464035749435425,0.8478097319602966,0.9269969524134232,0.8821248412132263,0.865206241607666,0.8872681260108948,0.7411996658172025
lola,1,3,P,-0.5466127395629883,0.027564512565732002,0.5466127395629883,1.0318611842453544,-0.5219761729240417,0.01179046742618084,0.5219761729240417,0.8314761145740083
lola,2,3,P,-0.5466127395629883,0.027564512565732002,0.5466127395629883,1.0318611842453544,-0.5303030014038086,0.021292276680469513,0.5303030014038086,0.8250360743172416
lola,3,3,P,-0.5466127395629883,0.027564512565732002,0.5466127395629883,1.0318611842453544,-0.5458093881607056,0.025005683302879333,0.5458093881607056,0.8323228879830245
lola,4,3,P,-0.5466127395629883,0.027564512565732002,0.5466127395629883,1.0318611842453544,-0.5544962286949158,0.01940428651869297,0.5544962286949158,0.8291061006404384
lola,5,3,P,-0.5466127395629883,0.027564512565732002,0.5466127395629883,1.0318611842453544,-0.5579316020011902,0.02048512175679207,0.5579316020011902,0.8317541887069932
lola,6,3,P,-0.5466127395629883,0.027564512565732002,0.5466127395629883,1.0318611842453544,-0.5600613951683044,0.022618884220719337,0.5600613951683044,0.8270184265769195
lola,7,3,P,-0.5466127395629883,0.027564512565732002,0.5466127395629883,1.0318611842453544,-0.5614744424819946,0.023844443261623383,0.5614744424819946,0.8264533138461777
lola,8,3,P,-0.5466127395629883,0.027564512565732002,0.5466127395629883,1.0318611842453544,-0.563687801361084,0.02495727688074112,0.563687801361084,0.8222007120245589
lola,9,3,P,-0.5466127395629883,0.027564512565732002,0.5466127395629883,1.0318611842453544,-0.5581344962120056,0.021632051095366478,0.5581344962120056,0.8126348002665001
lola,10,3,P,-0.5466127395629883,0.027564512565732002,0.5466127395629883,1.0318611842453544,-0.5483523011207581,0.036306023597717285,0.5483523011207581,0.8143295135478565
lola,11,3,P,-0.5466127395629883,0.027564512565732002,0.5466127395629883,1.0318611842453544,-0.5342188477516174,0.028320463374257088,0.5342188477516174,0.8195784175000848
lola,12,3,P,-0.5466127395629883,0.027564512565732002,0.5466127395629883,1.0318611842453544,-0.5240209698677063,0.019249476492404938,0.5240209698677063,0.8227781312987704
lola,1,4,q,0.06667105853557587,0.23100784420967102,0.16784219443798065,0.8960652846321672,-0.02074394002556801,0.3673318326473236,0.2914198935031891,0.7047161307739424
lola,2,4,q,0.06667105853557587,0.23100784420967102,0.16784219443798065,0.8960652846321672,0.14892195165157318,0.23420606553554535,0.216604545712471,0.6793018039141457
lola,3,4,q,0.06667105853557587,0.23100784420967102,0.16784219443798065,0.8960652846321672,0.13681983947753906,0.17866916954517365,0.16914205253124237,0.6864786503242444
lola,4,4,q,0.06667105853557587,0.23100784420967102,0.16784219443798065,0.8960652846321672,0.1113654226064682,0.14255452156066895,0.12863154709339142,0.6832428704155825
lola,5,4,q,0.06667105853557587,0.23100784420967102,0.16784219443798065,0.8960652846321672,0.10618694871664047,0.1480938047170639,0.13253261148929596,0.6857703680613261
lola,6,4,q,0.06667105853557587,0.23100784420967102,0.16784219443798065,0.8960652846321672,0.09839504957199097,0.15541353821754456,0.11619170755147934,0.6814830569398148
lola,7,4,q,0.06667105853557587,0.23100784420967102,0.16784219443798065,0.8960652846321672,0.09857126325368881,0.14257074892520905,0.11673282086849213,0.6846064132447194
lola,8,4,q,0.06667105853557587,0.23100784420967102,0.16784219443798065,0.8960652846321672,0.08763409405946732,0.13396471738815308,0.11222357302904129,0.680352137688819
lola,9,4,q,0.06667105853557587,0.23100784420967102,0.16784219443798065,0.8960652846321672,0.0812423825263977,0.10958248376846313,0.09852452576160431,0.6806363096038641
lola,10,4,q,0.06667105853557587,0.23100784420967102,0.16784219443798065,0.8960652846321672,0.08053861558437347,0.11365506052970886,0.10911060124635696,0.6864345586124574
lola,11,4,q,0.06667105853557587,0.23100784420967102,0.16784219443798065,0.8960652846321672,0.024519862607121468,0.21028496325016022,0.15685613453388214,0.7037722876537207
lola,12,4,q,0.06667105853557587,0.23100784420967102,0.16784219443798065,0.8960652846321672,-0.07414836436510086,0.37742164731025696,0.2965306043624878,0.7046275442520109
lower_thwaites_glacier,1,0,T,0.04164101928472519,0.1884675770998001,0.14618736505508423,0.9232962156340295,0.12124155461788177,0.13585948944091797,0.14257916808128357,0.7292235862320493
lower_thwaites_glacier,2,0,T,0.04164101928472519,0.1884675770998001,0.14618736505508423,0.9232962156340295,0.11381876468658447,0.1653217375278473,0.15506429970264435,0.7287737068711984
lower_thwaites_glacier,3,0,T,0.04164101928472519,0.1884675770998001,0.14618736505508423,0.9232962156340295,0.05906963720917702,0.2120896726846695,0.1663622260093689,0.7268952395274498
lower_thwaites_glacier,4,0,T,0.04164101928472519,0.1884675770998001,0.14618736505508423,0.9232962156340295,0.04386390745639801,0.2270660102367401,0.17565566301345825,0.7101153663362254
lower_thwaites_glacier,5,0,T,0.04164101928472519,0.1884675770998001,0.14618736505508423,0.9232962156340295,-0.003364032367244363,0.18344099819660187,0.13820791244506836,0.7111052809661443
lower_thwaites_glacier,6,0,T,0.04164101928472519,0.1884675770998001,0.14618736505508423,0.9232962156340295,-0.04522780701518059,0.19177037477493286,0.14772720634937286,0.7098493909791102
lower_thwaites_glacier,7,0,T,0.04164101928472519,0.1884675770998001,0.14618736505508423,0.9232962156340295,-0.014521420001983643,0.2212575376033783,0.17427082359790802,0.7139429834016208
lower_thwaites_glacier,8,0,T,0.04164101928472519,0.1884675770998001,0.14618736505508423,0.9232962156340295,0.017690811306238174,0.21246537566184998,0.16293086111545563,0.7141962282942059
lower_thwaites_glacier,9,0,T,0.04164101928472519,0.1884675770998001,0.14618736505508423,0.9232962156340295,-0.0242044348269701,0.17946694791316986,0.1411830186843872,0.7023999200544702
lower_thwaites_glacier,10,0,T,0.04164101928472519,0.1884675770998001,0.14618736505508423,0.9232962156340295,0.028767075389623642,0.14323030412197113,0.1127149686217308,0.7156997458685476
lower_thwaites_glacier,11,0,T,0.04164101928472519,0.1884675770998001,0.14618736505508423,0.9232962156340295,0.06117330864071846,0.1401005983352661,0.11250614374876022,0.7115632474442332
lower_thwaites_glacier,12,0,T,0.04164101928472519,0.1884675770998001,0.14618736505508423,0.9232962156340295,0.09362205862998962,0.1303653120994568,0.12158073484897614,0.7163952891811872
lower_thwaites_glacier,1,1,RH,0.36626479029655457,0.36698445677757263,0.412751704454422,0.933233632317484,0.1424255222082138,0.2569082975387573,0.232341930270195,0.7414165460619854
lower_thwaites_glacier,2,1,RH,0.36626479029655457,0.36698445677757263,0.412751704454422,0.933233632317484,0.2249263972043991,0.26892340183258057,0.28281623125076294,0.7403957272042652
lower_thwaites_glacier,3,1,RH,0.36626479029655457,0.36698445677757263,0.412751704454422,0.933233632317484,0.3198433816432953,0.3045712411403656,0.36425068974494934,0.7334934086701318
lower_thwaites_glacier,4,1,RH,0.36626479029655457,0.36698445677757263,0.412751704454422,0.933233632317484,0.4635506570339203,0.33610108494758606,0.4744928777217865,0.7186876886424703
lower_thwaites_glacier,5,1,RH,0.36626479029655457,0.36698445677757263,0.412751704454422,0.933233632317484,0.44494619965553284,0.384147047996521,0.4884456694126129,0.7209915745223774
lower_thwaites_glacier,6,1,RH,0.36626479029655457,0.36698445677757263,0.412751704454422,0.933233632317484,0.5315616726875305,0.40582162141799927,0.5621100664138794,0.7201129861697216
lower_thwaites_glacier,7,1,RH,0.36626479029655457,0.36698445677757263,0.412751704454422,0.933233632317484,0.4242446720600128,0.3196738362312317,0.4392849802970886,0.7240799361892231
lower_thwaites_glacier,8,1,RH,0.36626479029655457,0.36698445677757263,0.412751704454422,0.933233632317484,0.504235029220581,0.3927285671234131,0.5196061134338379,0.7236295607192885
lower_thwaites_glacier,9,1,RH,0.36626479029655457,0.36698445677757263,0.412751704454422,0.933233632317484,0.5267622470855713,0.36205604672431946,0.5434887409210205,0.7129222369870266
lower_thwaites_glacier,10,1,RH,0.36626479029655457,0.36698445677757263,0.412751704454422,0.933233632317484,0.4927510917186737,0.41620370745658875,0.5293619632720947,0.7234034569120475
lower_thwaites_glacier,11,1,RH,0.36626479029655457,0.36698445677757263,0.412751704454422,0.933233632317484,0.2896958589553833,0.3322422206401825,0.35839226841926575,0.7206997397526318
lower_thwaites_glacier,12,1,RH,0.36626479029655457,0.36698445677757263,0.412751704454422,0.933233632317484,0.16599974036216736,0.2954922318458557,0.2720746099948883,0.7290783026281429
lower_thwaites_glacier,1,2,wspd,0.018886994570493698,0.42507943511009216,0.32049423456192017,0.9083281590271478,0.11295001953840256,0.3729662597179413,0.30535006523132324,0.7347748153222146
lower_thwaites_glacier,2,2,wspd,0.018886994570493698,0.42507943511009216,0.32049423456192017,0.9083281590271478,0.11637893319129944,0.3585211932659149,0.2982078790664673,0.7321028019677275
lower_thwaites_glacier,3,2,wspd,0.018886994570493698,0.42507943511009216,0.32049423456192017,0.9083281590271478,0.06828301399946213,0.38195741176605225,0.305855393409729,0.7207143557893848
lower_thwaites_glacier,4,2,wspd,0.018886994570493698,0.42507943511009216,0.32049423456192017,0.9083281590271478,0.033401262015104294,0.48593100905418396,0.32984375953674316,0.6834259703702298
lower_thwaites_glacier,5,2,wspd,0.018886994570493698,0.42507943511009216,0.32049423456192017,0.9083281590271478,-0.002046069363132119,0.5944486856460571,0.4172023832798004,0.6626592818211824
lower_thwaites_glacier,6,2,wspd,0.018886994570493698,0.42507943511009216,0.32049423456192017,0.9083281590271478,-0.10067183524370193,0.48660215735435486,0.3745352327823639,0.6852351775678049
lower_thwaites_glacier,7,2,wspd,0.018886994570493698,0.42507943511009216,0.32049423456192017,0.9083281590271478,-0.005415463354438543,0.5277575254440308,0.3825974762439728,0.6434826480681279
lower_thwaites_glacier,8,2,wspd,0.018886994570493698,0.42507943511009216,0.32049423456192017,0.9083281590271478,-0.09060008078813553,0.48380202054977417,0.39463913440704346,0.658817526054911
lower_thwaites_glacier,9,2,wspd,0.018886994570493698,0.42507943511009216,0.32049423456192017,0.9083281590271478,-0.16944168508052826,0.43298080563545227,0.3520640432834625,0.6869182890824375
lower_thwaites_glacier,10,2,wspd,0.018886994570493698,0.42507943511009216,0.32049423456192017,0.9083281590271478,0.012012518011033535,0.35762086510658264,0.2788299322128296,0.7114326564935772
lower_thwaites_glacier,11,2,wspd,0.018886994570493698,0.42507943511009216,0.32049423456192017,0.9083281590271478,-0.0024761019740253687,0.36923810839653015,0.2903757095336914,0.713816071771025
lower_thwaites_glacier,12,2,wspd,0.018886994570493698,0.42507943511009216,0.32049423456192017,0.9083281590271478,0.03811754286289215,0.35151365399360657,0.2745644152164459,0.723034724747018
lower_thwaites_glacier,1,3,P,0.062270037829875946,0.011887087486684322,0.062270037829875946,0.9332290686705814,0.06305111199617386,0.009942863136529922,0.06305111199617386,0.7414165460619854
lower_thwaites_glacier,2,3,P,0.062270037829875946,0.011887087486684322,0.062270037829875946,0.9332290686705814,0.0616951659321785,0.010743943974375725,0.0616951659321785,0.7403957272042652
lower_thwaites_glacier,3,3,P,0.062270037829875946,0.011887087486684322,0.062270037829875946,0.9332290686705814,0.06134661287069321,0.010793758556246758,0.06134661287069321,0.7334934086701318
lower_thwaites_glacier,4,3,P,0.062270037829875946,0.011887087486684322,0.062270037829875946,0.9332290686705814,0.06096979230642319,0.01073456835001707,0.06096979230642319,0.718627768932297
lower_thwaites_glacier,5,3,P,0.062270037829875946,0.011887087486684322,0.062270037829875946,0.9332290686705814,0.05871184915304184,0.01289160456508398,0.05871184915304184,0.7209915745223774
lower_thwaites_glacier,6,3,P,0.062270037829875946,0.011887087486684322,0.062270037829875946,0.9332290686705814,0.061236992478370667,0.013485790230333805,0.061236992478370667,0.7201129861697216
lower_thwaites_glacier,7,3,P,0.062270037829875946,0.011887087486684322,0.062270037829875946,0.9332290686705814,0.06371933966875076,0.01204875111579895,0.06371933966875076,0.7240799361892231
lower_thwaites_glacier,8,3,P,0.062270037829875946,0.011887087486684322,0.062270037829875946,0.9332290686705814,0.06396548449993134,0.012836789712309837,0.06396548449993134,0.7236295607192885
lower_thwaites_glacier,9,3,P,0.062270037829875946,0.011887087486684322,0.062270037829875946,0.9332290686705814,0.06410275399684906,0.012664039619266987,0.06410275399684906,0.7129222369870266
lower_thwaites_glacier,10,3,P,0.062270037829875946,0.011887087486684322,0.062270037829875946,0.9332290686705814,0.062094200402498245,0.012249244377017021,0.062094200402498245,0.7234034569120475
lower_thwaites_glacier,11,3,P,0.062270037829875946,0.011887087486684322,0.062270037829875946,0.9332290686705814,0.06419792026281357,0.011862121522426605,0.06419792026281357,0.7206997397526318
lower_thwaites_glacier,12,3,P,0.062270037829875946,0.011887087486684322,0.062270037829875946,0.9332290686705814,0.06225823611021042,0.011599683202803135,0.06225823611021042,0.7290783026281429
lower_thwaites_glacier,1,4,q,0.17142373323440552,0.26670339703559875,0.22351598739624023,0.9232962156340295,0.3181503713130951,0.3294837772846222,0.3627175986766815,0.7292235862320493
lower_thwaites_glacier,2,4,q,0.17142373323440552,0.26670339703559875,0.22351598739624023,0.9232962156340295,0.29379236698150635,0.33104562759399414,0.3356516361236572,0.7287737068711984
lower_thwaites_glacier,3,4,q,0.17142373323440552,0.26670339703559875,0.22351598739624023,0.9232962156340295,0.16876597702503204,0.3125825524330139,0.25647908449172974,0.7268952395274498
lower_thwaites_glacier,4,4,q,0.17142373323440552,0.26670339703559875,0.22351598739624023,0.9232962156340295,0.14315646886825562,0.22395965456962585,0.18452829122543335,0.7101153663362254
lower_thwaites_glacier,5,4,q,0.17142373323440552,0.26670339703559875,0.22351598739624023,0.9232962156340295,0.1080765500664711,0.2138952761888504,0.16843360662460327,0.7111052809661443
lower_thwaites_glacier,6,4,q,0.17142373323440552,0.26670339703559875,0.22351598739624023,0.9232962156340295,0.05863150209188461,0.1789637953042984,0.11972850561141968,0.7098493909791102
lower_thwaites_glacier,7,4,q,0.17142373323440552,0.26670339703559875,0.22351598739624023,0.9232962156340295,0.0854450985789299,0.18635991215705872,0.13883280754089355,0.7139429834016208
lower_thwaites_glacier,8,4,q,0.17142373323440552,0.26670339703559875,0.22351598739624023,0.9232962156340295,0.11948027461767197,0.20454786717891693,0.15902504324913025,0.7141962282942059
lower_thwaites_glacier,9,4,q,0.17142373323440552,0.26670339703559875,0.22351598739624023,0.9232962156340295,0.07106904685497284,0.14329785108566284,0.10588784515857697,0.7023999200544702
lower_thwaites_glacier,10,4,q,0.17142373323440552,0.26670339703559875,0.22351598739624023,0.9232962156340295,0.1530640721321106,0.20486381649971008,0.19802533090114594,0.7156997458685476
lower_thwaites_glacier,11,4,q,0.17142373323440552,0.26670339703559875,0.22351598739624023,0.9232962156340295,0.17557451128959656,0.240963876247406,0.23414522409439087,0.7115632474442332
lower_thwaites_glacier,12,4,q,0.17142373323440552,0.26670339703559875,0.22351598739624023,0.9232962156340295,0.2844581604003906,0.2996813952922821,0.3371797502040863,0.7163952891811872
manuela,1,0,T,-0.15392135083675385,0.17254747450351715,0.1917858123779297,1.0061797574662723,0.010563736781477928,0.12666581571102142,0.10342379659414291,0.7864031909252471
manuela,2,0,T,-0.15392135083675385,0.17254747450351715,0.1917858123779297,1.0061797574662723,-0.13479205965995789,0.13934887945652008,0.1605871021747589,0.8101238287127578
manuela,3,0,T,-0.15392135083675385,0.17254747450351715,0.1917858123779297,1.0061797574662723,-0.18474708497524261,0.14338551461696625,0.19877159595489502,0.817179193303931
manuela,4,0,T,-0.15392135083675385,0.17254747450351715,0.1917858123779297,1.0061797574662723,-0.21217210590839386,0.14895285665988922,0.22450163960456848,0.8143627737092772
manuela,5,0,T,-0.15392135083675385,0.17254747450351715,0.1917858123779297,1.0061797574662723,-0.22545194625854492,0.1483689546585083,0.2349686622619629,0.8129881029610085
manuela,6,0,T,-0.15392135083675385,0.17254747450351715,0.1917858123779297,1.0061797574662723,-0.22647157311439514,0.14931514859199524,0.23812371492385864,0.8091939558800982
manuela,7,0,T,-0.15392135083675385,0.17254747450351715,0.1917858123779297,1.0061797574662723,-0.22087152302265167,0.16528448462486267,0.23755832016468048,0.8075709256449844
manuela,8,0,T,-0.15392135083675385,0.17254747450351715,0.1917858123779297,1.0061797574662723,-0.20533958077430725,0.16506993770599365,0.22495916485786438,0.7988246624731836
manuela,9,0,T,-0.15392135083675385,0.17254747450351715,0.1917858123779297,1.0061797574662723,-0.19656717777252197,0.16220121085643768,0.21561652421951294,0.7890194263014343
manuela,10,0,T,-0.15392135083675385,0.17254747450351715,0.1917858123779297,1.0061797574662723,-0.14389312267303467,0.12899325788021088,0.16107547283172607,0.7790228798387914
manuela,11,0,T,-0.15392135083675385,0.17254747450351715,0.1917858123779297,1.0061797574662723,0.0011940613621845841,0.12927348911762238,0.10464302450418472,0.7776541491144483
manuela,12,0,T,-0.15392135083675385,0.17254747450351715,0.1917858123779297,1.0061797574662723,0.05625796318054199,0.12905074656009674,0.11575403809547424,0.7692684041296282
manuela,1,1,RH,-0.2869841754436493,0.6788832545280457,0.6303285360336304,0.9270412041181536,0.07248970866203308,0.582679033279419,0.443697452545166,0.7092813588412228
manuela,2,1,RH,-0.2869841754436493,0.6788832545280457,0.6303285360336304,0.9270412041181536,0.23500649631023407,0.6829073429107666,0.5777544975280762,0.71242328168988
manuela,3,1,RH,-0.2869841754436493,0.6788832545280457,0.6303285360336304,0.9270412041181536,-0.12852171063423157,0.7084938883781433,0.627634584903717,0.7243042144294493
manuela,4,1,RH,-0.2869841754436493,0.6788832545280457,0.6303285360336304,0.9270412041181536,-0.48019713163375854,0.583975613117218,0.669990599155426,0.7215721958110319
manuela,5,1,RH,-0.2869841754436493,0.6788832545280457,0.6303285360336304,0.9270412041181536,-0.297029972076416,0.6951303482055664,0.6632241606712341,0.7243042144294493
manuela,6,1,RH,-0.2869841754436493,0.6788832545280457,0.6303285360336304,0.9270412041181536,-0.5349576473236084,0.5935349464416504,0.7179788947105408,0.7215721958110319
manuela,7,1,RH,-0.2869841754436493,0.6788832545280457,0.6303285360336304,0.9270412041181536,-0.5896922945976257,0.6237096786499023,0.7640836834907532,0.7243042144294493
manuela,8,1,RH,-0.2869841754436493,0.6788832545280457,0.6303285360336304,0.9270412041181536,-0.35491105914115906,0.721698522567749,0.6993045806884766,0.7243042144294493
manuela,9,1,RH,-0.2869841754436493,0.6788832545280457,0.6303285360336304,0.9270412041181536,-0.3642711937427521,0.6677001714706421,0.6698199510574341,0.7215721958110319
manuela,10,1,RH,-0.2869841754436493,0.6788832545280457,0.6303285360336304,0.9270412041181536,-0.44109222292900085,0.5616898536682129,0.6298374533653259,0.7124716984628116
manuela,11,1,RH,-0.2869841754436493,0.6788832545280457,0.6303285360336304,0.9270412041181536,-0.38481405377388,0.5329791307449341,0.5667728185653687,0.7207289692630449
manuela,12,1,RH,-0.2869841754436493,0.6788832545280457,0.6303285360336304,0.9270412041181536,-0.08053801208734512,0.630011796951294,0.4935159385204315,0.7210789260328214
manuela,1,2,wspd,1.0369086265563965,1.086718201637268,1.179160237312317,0.9457131473943642,0.24571315944194794,0.7459466457366943,0.5500991344451904,0.7585072322113273
manuela,2,2,wspd,1.0369086265563965,1.086718201637268,1.179160237312317,0.9457131473943642,0.856123685836792,0.9122915267944336,0.9992117881774902,0.761409091157525
manuela,3,2,wspd,1.0369086265563965,1.086718201637268,1.179160237312317,0.9457131473943642,1.4282429218292236,0.9316242933273315,1.4649946689605713,0.7537593243840338
manuela,4,2,wspd,1.0369086265563965,1.086718201637268,1.179160237312317,0.9457131473943642,1.506779670715332,1.0074222087860107,1.5485963821411133,0.7487140307756901
manuela,5,2,wspd,1.0369086265563965,1.086718201637268,1.179160237312317,0.9457131473943642,1.4517966508865356,1.062447428703308,1.5200812816619873,0.7378530577838118
manuela,6,2,wspd,1.0369086265563965,1.086718201637268,1.179160237312317,0.9457131473943642,1.4520864486694336,1.0454636812210083,1.5254396200180054,0.7389053051001739
manuela,7,2,wspd,1.0369086265563965,1.086718201637268,1.179160237312317,0.9457131473943642,1.4497610330581665,1.1554592847824097,1.5476295948028564,0.7305588331458762
manuela,8,2,wspd,1.0369086265563965,1.086718201637268,1.179160237312317,0.9457131473943642,1.3704534769058228,1.1041054725646973,1.4669914245605469,0.7173898234615347
manuela,9,2,wspd,1.0369086265563965,1.086718201637268,1.179160237312317,0.9457131473943642,1.2641549110412598,1.2593506574630737,1.4908068180084229,0.715185965632955
manuela,10,2,wspd,1.0369086265563965,1.086718201637268,1.179160237312317,0.9457131473943642,1.0299017429351807,0.9890206456184387,1.1596975326538086,0.7081505398013372
manuela,11,2,wspd,1.0369086265563965,1.086718201637268,1.179160237312317,0.9457131473943642,0.4951404929161072,0.765362560749054,0.6586202383041382,0.7300900086556955
manuela,12,2,wspd,1.0369086265563965,1.086718201637268,1.179160237312317,0.9457131473943642,0.1942918598651886,0.6847531795501709,0.502837061882019,0.7437546186770102
manuela,1,3,P,-0.10802119225263596,0.020362161099910736,0.10802119225263596,1.0120297336291266,-0.09757132083177567,0.010428245179355145,0.09757132083177567,0.8038234956389014
manuela,2,3,P,-0.10802119225263596,0.020362161099910736,0.10802119225263596,1.0120297336291266,-0.10100048035383224,0.013890419155359268,0.10100048035383224,0.8159531707272921
manuela,3,3,P,-0.10802119225263596,0.020362161099910736,0.10802119225263596,1.0120297336291266,-0.10920687764883041,0.019202398136258125,0.10920687764883041,0.8188883752019002
manuela,4,3,P,-0.10802119225263596,0.020362161099910736,0.10802119225263596,1.0120297336291266,-0.11326433718204498,0.02171468548476696,0.11326433718204498,0.8156637051067158
manuela,5,3,P,-0.10802119225263596,0.020362161099910736,0.10802119225263596,1.0120297336291266,-0.11329584568738937,0.020433081313967705,0.11329584568738937,0.8142153778226584
manuela,6,3,P,-0.10802119225263596,0.020362161099910736,0.10802119225263596,1.0120297336291266,-0.113607257604599,0.021363334730267525,0.113607257604599,0.8115952857477354
manuela,7,3,P,-0.10802119225263596,0.020362161099910736,0.10802119225263596,1.0120297336291266,-0.11422070860862732,0.02318267896771431,0.11422070860862732,0.8103733747258336
manuela,8,3,P,-0.10802119225263596,0.020362161099910736,0.10802119225263596,1.0120297336291266,-0.11557233333587646,0.025966862216591835,0.11557233333587646,0.8028528846293929
manuela,9,3,P,-0.10802119225263596,0.020362161099910736,0.10802119225263596,1.0120297336291266,-0.1128431186079979,0.02228483185172081,0.1128431186079979,0.7955736695514938
manuela,10,3,P,-0.10802119225263596,0.020362161099910736,0.10802119225263596,1.0120297336291266,-0.10356207937002182,0.018240472301840782,0.10356207937002182,0.785950146423839
manuela,11,3,P,-0.10802119225263596,0.020362161099910736,0.10802119225263596,1.0120297336291266,-0.09841977804899216,0.012682877480983734,0.09841977804899216,0.7861969613597833
manuela,12,3,P,-0.10802119225263596,0.020362161099910736,0.10802119225263596,1.0120297336291266,-0.0982292890548706,0.011009537614881992,0.0982292890548706,0.7887291670970327
manuela,1,4,q,-0.15414856374263763,0.30498579144477844,0.27047544717788696,0.9209379181761244,0.12152080982923508,0.5488045811653137,0.41460320353507996,0.6980842634013645
manuela,2,4,q,-0.15414856374263763,0.30498579144477844,0.27047544717788696,0.9209379181761244,-0.09917454421520233,0.3490181267261505,0.28948867321014404,0.708489707275362
manuela,3,4,q,-0.15414856374263763,0.30498579144477844,0.27047544717788696,0.9209379181761244,-0.24706225097179413,0.2113194763660431,0.27571097016334534,0.7224356122726446
manuela,4,4,q,-0.15414856374263763,0.30498579144477844,0.27047544717788696,0.9209379181761244,-0.25324341654777527,0.1458514779806137,0.261792927980423,0.7199951380562742
manuela,5,4,q,-0.15414856374263763,0.30498579144477844,0.27047544717788696,0.9209379181761244,-0.20944516360759735,0.158980593085289,0.2271847426891327,0.7228924691076016
manuela,6,4,q,-0.15414856374263763,0.30498579144477844,0.27047544717788696,0.9209379181761244,-0.2197079360485077,0.13454660773277283,0.23116786777973175,0.7194033845785167
manuela,7,4,q,-0.15414856374263763,0.30498579144477844,0.27047544717788696,0.9209379181761244,-0.20692194998264313,0.12411165237426758,0.2129698246717453,0.7213984338019409
manuela,8,4,q,-0.15414856374263763,0.30498579144477844,0.27047544717788696,0.9209379181761244,-0.17587915062904358,0.15947474539279938,0.205491840839386,0.719225036017486
manuela,9,4,q,-0.15414856374263763,0.30498579144477844,0.27047544717788696,0.9209379181761244,-0.20058880746364594,0.15367631614208221,0.22332626581192017,0.7110396512456162
manuela,10,4,q,-0.15414856374263763,0.30498579144477844,0.27047544717788696,0.9209379181761244,-0.22229446470737457,0.1651749461889267,0.2442624866962433,0.7034492898333297
manuela,11,4,q,-0.15414856374263763,0.30498579144477844,0.27047544717788696,0.9209379181761244,-0.1770593822002411,0.3267304003238678,0.2987079620361328,0.7100489520403545
manuela,12,4,q,-0.15414856374263763,0.30498579144477844,0.27047544717788696,0.9209379181761244,0.1442088931798935,0.531963586807251,0.4151498079299927,0.7054038925870024
marble_point_ii,1,0,T,0.2373236119747162,0.19562312960624695,0.25546973943710327,0.9273613281457816,0.1446564793586731,0.10378318279981613,0.15074165165424347,0.7194479121421372
marble_point_ii,2,0,T,0.2373236119747162,0.19562312960624695,0.25546973943710327,0.9273613281457816,0.25088250637054443,0.12752115726470947,0.25144073367118835,0.7120835743379588
marble_point_ii,3,0,T,0.2373236119747162,0.19562312960624695,0.25546973943710327,0.9273613281457816,0.3076842725276947,0.14247144758701324,0.30815842747688293,0.7254994761923251
marble_point_ii,4,0,T,0.2373236119747162,0.19562312960624695,0.25546973943710327,0.9273613281457816,0.308206707239151,0.2369803786277771,0.3366948664188385,0.7163182926559523
marble_point_ii,5,0,T,0.2373236119747162,0.19562312960624695,0.25546973943710327,0.9273613281457816,0.272614985704422,0.2011941373348236,0.28864404559135437,0.7190463049391416
marble_point_ii,6,0,T,0.2373236119747162,0.19562312960624695,0.25546973943710327,0.9273613281457816,0.2863290309906006,0.21472403407096863,0.30519571900367737,0.7209332892719976
marble_point_ii,7,0,T,0.2373236119747162,0.19562312960624695,0.25546973943710327,0.9273613281457816,0.24397993087768555,0.24659943580627441,0.29075872898101807,0.7282413087445035
marble_point_ii,8,0,T,0.2373236119747162,0.19562312960624695,0.25546973943710327,0.9273613281457816,0.2654799520969391,0.24509835243225098,0.3038940727710724,0.717572138939906
marble_point_ii,9,0,T,0.2373236119747162,0.19562312960624695,0.25546973943710327,0.9273613281457816,0.26141729950904846,0.23698273301124573,0.29363712668418884,0.7115632474442332
marble_point_ii,10,0,T,0.2373236119747162,0.19562312960624695,0.25546973943710327,0.9273613281457816,0.21781408786773682,0.15400363504886627,0.22371900081634521,0.7206851211518868
marble_point_ii,11,0,T,0.2373236119747162,0.19562312960624695,0.25546973943710327,0.9273613281457816,0.16990487277507782,0.13590753078460693,0.18448789417743683,0.728454676333197
marble_point_ii,12,0,T,0.2373236119747162,0.19562312960624695,0.25546973943710327,0.9273613281457816,0.12975671887397766,0.1070420891046524,0.13869504630565643,0.7217744612824996
marble_point_ii,1,1,RH,0.5459602475166321,0.8169319033622742,0.7901181578636169,0.9347844011169383,0.3297668695449829,0.7246325016021729,0.6154160499572754,0.7405686538762656
marble_point_ii,2,1,RH,0.5459602475166321,0.8169319033622742,0.7901181578636169,0.9347844011169383,0.6537773609161377,0.719292402267456,0.7892774939537048,0.7285611556108473
marble_point_ii,3,1,RH,0.5459602475166321,0.8169319033622742,0.7901181578636169,0.9347844011169383,0.8279815912246704,0.774880051612854,0.9733717441558838,0.726922375096994
marble_point_ii,4,1,RH,0.5459602475166321,0.8169319033622742,0.7901181578636169,0.9347844011169383,0.5822454690933228,0.9627339839935303,0.9139281511306763,0.7205827190792569
marble_point_ii,5,1,RH,0.5459602475166321,0.8169319033622742,0.7901181578636169,0.9347844011169383,0.6459462642669678,0.7968254685401917,0.8353076577186584,0.7238550527109813
marble_point_ii,6,1,RH,0.5459602475166321,0.8169319033622742,0.7901181578636169,0.9347844011169383,0.4339580833911896,0.8002151846885681,0.7407408356666565,0.7281878813771768
marble_point_ii,7,1,RH,0.5459602475166321,0.8169319033622742,0.7901181578636169,0.9347844011169383,0.6521046757698059,0.8423315286636353,0.8736687302589417,0.7351074837613427
marble_point_ii,8,1,RH,0.5459602475166321,0.8169319033622742,0.7901181578636169,0.9347844011169383,0.5471808910369873,0.8460903763771057,0.8015266060829163,0.727570991959936
marble_point_ii,9,1,RH,0.5459602475166321,0.8169319033622742,0.7901181578636169,0.9347844011169383,0.5949007868766785,0.903548538684845,0.8741885423660278,0.7189269375657027
marble_point_ii,10,1,RH,0.5459602475166321,0.8169319033622742,0.7901181578636169,0.9347844011169383,0.5371302366256714,0.7368801236152649,0.7374904155731201,0.7257750040787491
marble_point_ii,11,1,RH,0.5459602475166321,0.8169319033622742,0.7901181578636169,0.9347844011169383,0.4460096061229706,0.7370703220367432,0.6798743605613708,0.7215721958110319
marble_point_ii,12,1,RH,0.5459602475166321,0.8169319033622742,0.7901181578636169,0.9347844011169383,0.3456765115261078,0.8037326335906982,0.6875900626182556,0.7324208927934205
marble_point_ii,1,2,wspd,0.15403173863887787,0.5547580122947693,0.4380529522895813,0.9249468882353707,0.3453619182109833,0.4172458350658417,0.4144734740257263,0.7364613371756307
marble_point_ii,2,2,wspd,0.15403173863887787,0.5547580122947693,0.4380529522895813,0.9249468882353707,0.35318440198898315,0.5226520895957947,0.49007031321525574,0.7204068793797606
marble_point_ii,3,2,wspd,0.15403173863887787,0.5547580122947693,0.4380529522895813,0.9249468882353707,0.24939778447151184,0.6391547918319702,0.5404151678085327,0.7178902343911245
marble_point_ii,4,2,wspd,0.15403173863887787,0.5547580122947693,0.4380529522895813,0.9249468882353707,-0.08136896789073944,0.5466153025627136,0.42989420890808105,0.7090463331683812
marble_point_ii,5,2,wspd,0.15403173863887787,0.5547580122947693,0.4380529522895813,0.9249468882353707,-0.01873900555074215,0.5377973914146423,0.4184083938598633,0.7107766142678398
marble_point_ii,6,2,wspd,0.15403173863887787,0.5547580122947693,0.4380529522895813,0.9249468882353707,0.08713570237159729,0.5842871069908142,0.4513329267501831,0.7105292607667503
marble_point_ii,7,2,wspd,0.15403173863887787,0.5547580122947693,0.4380529522895813,0.9249468882353707,-0.07360756397247314,0.5223367214202881,0.4219008982181549,0.7204655338487197
marble_point_ii,8,2,wspd,0.15403173863887787,0.5547580122947693,0.4380529522895813,0.9249468882353707,0.015730172395706177,0.6219972968101501,0.46972253918647766,0.7092813588412228
marble_point_ii,9,2,wspd,0.15403173863887787,0.5547580122947693,0.4380529522895813,0.9249468882353707,0.0077239652164280415,0.5443700551986694,0.42367082834243774,0.69814176771647
marble_point_ii,10,2,wspd,0.15403173863887787,0.5547580122947693,0.4380529522895813,0.9249468882353707,0.20693165063858032,0.6122164130210876,0.4451393187046051,0.7098327392989002
marble_point_ii,11,2,wspd,0.15403173863887787,0.5547580122947693,0.4380529522895813,0.9249468882353707,0.23036518692970276,0.43024298548698425,0.36142849922180176,0.7248066443553719
marble_point_ii,12,2,wspd,0.15403173863887787,0.5547580122947693,0.4380529522895813,0.9249468882353707,0.33979204297065735,0.41215014457702637,0.40888941287994385,0.7377697303954914
marble_point_ii,1,3,P,0.22537608444690704,0.009895903058350086,0.22537608444690704,0.9366667194577795,0.2178216129541397,0.005792415700852871,0.2178216129541397,0.7405686538762656
marble_point_ii,2,3,P,0.22537608444690704,0.009895903058350086,0.22537608444690704,0.9366667194577795,0.22098912298679352,0.006670640781521797,0.22098912298679352,0.7285611556108473
marble_point_ii,3,3,P,0.22537608444690704,0.009895903058350086,0.22537608444690704,0.9366667194577795,0.22680063545703888,0.007376343011856079,0.22680063545703888,0.726922375096994
marble_point_ii,4,3,P,0.22537608444690704,0.009895903058350086,0.22537608444690704,0.9366667194577795,0.23128348588943481,0.009075391106307507,0.23128348588943481,0.7205827190792569
marble_point_ii,5,3,P,0.22537608444690704,0.009895903058350086,0.22537608444690704,0.9366667194577795,0.2280530333518982,0.011793258599936962,0.2280530333518982,0.7238550527109813
marble_point_ii,6,3,P,0.22537608444690704,0.009895903058350086,0.22537608444690704,0.9366667194577795,0.22980815172195435,0.009728244505822659,0.22980815172195435,0.7281878813771768
marble_point_ii,7,3,P,0.22537608444690704,0.009895903058350086,0.22537608444690704,0.9366667194577795,0.2325352281332016,0.010071485303342342,0.2325352281332016,0.7351074837613427
marble_point_ii,8,3,P,0.22537608444690704,0.009895903058350086,0.22537608444690704,0.9366667194577795,0.22845889627933502,0.010475053451955318,0.22845889627933502,0.7275171329609158
marble_point_ii,9,3,P,0.22537608444690704,0.009895903058350086,0.22537608444690704,0.9366667194577795,0.2275126427412033,0.007952717132866383,0.2275126427412033,0.7189269375657027
marble_point_ii,10,3,P,0.22537608444690704,0.009895903058350086,0.22537608444690704,0.9366667194577795,0.2241077572107315,0.009473291225731373,0.2241077572107315,0.7257750040787491
marble_point_ii,11,3,P,0.22537608444690704,0.009895903058350086,0.22537608444690704,0.9366667194577795,0.2226952463388443,0.007142307702451944,0.2226952463388443,0.731745092797699
marble_point_ii,12,3,P,0.22537608444690704,0.009895903058350086,0.22537608444690704,0.9366667194577795,0.21764738857746124,0.006043394096195698,0.21764738857746124,0.7437546186770102
marble_point_ii,1,4,q,0.3732438385486603,0.3824961483478546,0.3924357295036316,0.9255545860562977,0.6213470101356506,0.6263954043388367,0.7025021910667419,0.7194479121421372
marble_point_ii,2,4,q,0.3732438385486603,0.3824961483478546,0.3924357295036316,0.9255545860562977,0.7131770849227905,0.4315585196018219,0.7205401062965393,0.7120835743379588
marble_point_ii,3,4,q,0.3732438385486603,0.3824961483478546,0.3924357295036316,0.9255545860562977,0.49845582246780396,0.25300243496894836,0.49931249022483826,0.7254994761923251
marble_point_ii,4,4,q,0.3732438385486603,0.3824961483478546,0.3924357295036316,0.9255545860562977,0.26599928736686707,0.19326508045196533,0.2676210403442383,0.7163182926559523
marble_point_ii,5,4,q,0.3732438385486603,0.3824961483478546,0.3924357295036316,0.9255545860562977,0.2863326370716095,0.22004252672195435,0.2873120903968811,0.7190463049391416
marble_point_ii,6,4,q,0.3732438385486603,0.3824961483478546,0.3924357295036316,0.9255545860562977,0.19817492365837097,0.1521741896867752,0.20347626507282257,0.7209332892719976
marble_point_ii,7,4,q,0.3732438385486603,0.3824961483478546,0.3924357295036316,0.9255545860562977,0.16482579708099365,0.1251475065946579,0.16737695038318634,0.7282413087445035
marble_point_ii,8,4,q,0.3732438385486603,0.3824961483478546,0.3924357295036316,0.9255545860562977,0.21662637591362,0.17800696194171906,0.21977360546588898,0.717572138939906
marble_point_ii,9,4,q,0.3732438385486603,0.3824961483478546,0.3924357295036316,0.9255545860562977,0.21371036767959595,0.16240686178207397,0.21521487832069397,0.7115632474442332
marble_point_ii,10,4,q,0.3732438385486603,0.3824961483478546,0.3924357295036316,0.9255545860562977,0.3232499957084656,0.2209322303533554,0.3318401873111725,0.7206851211518868
marble_point_ii,11,4,q,0.3732438385486603,0.3824961483478546,0.3924357295036316,0.9255545860562977,0.42983826994895935,0.3613048493862152,0.4607258141040802,0.718026190190337
marble_point_ii,12,4,q,0.3732438385486603,0.3824961483478546,0.3924357295036316,0.9255545860562977,0.5945734977722168,0.6386290788650513,0.6885977983474731,0.7106117935390044
margaret,1,0,T,-0.03362242504954338,0.3204366862773895,0.2465294748544693,0.9439361864338839,0.009590604342520237,0.14224916696548462,0.11034754663705826,0.7393505630023586
margaret,2,0,T,-0.03362242504954338,0.3204366862773895,0.2465294748544693,0.9439361864338839,0.01673242077231407,0.26475727558135986,0.20865702629089355,0.7120187108722723
margaret,3,0,T,-0.03362242504954338,0.3204366862773895,0.2465294748544693,0.9439361864338839,0.025463834404945374,0.38040557503700256,0.3029523193836212,0.7409936783462117
margaret,4,0,T,-0.03362242504954338,0.3204366862773895,0.2465294748544693,0.9439361864338839,-0.02468237839639187,0.3647768199443817,0.29853078722953796,0.7377697303954914
margaret,5,0,T,-0.03362242504954338,0.3204366862773895,0.2465294748544693,0.9439361864338839,-0.06447667628526688,0.3355710208415985,0.271809458732605,0.7390930721607902
margaret,6,0,T,-0.03362242504954338,0.3204366862773895,0.2465294748544693,0.9439361864338839,-0.10817242413759232,0.3449532687664032,0.2898414433002472,0.7357444607467575
margaret,7,0,T,-0.03362242504954338,0.3204366862773895,0.2465294748544693,0.9439361864338839,-0.1261860430240631,0.35893428325653076,0.31251412630081177,0.7394206499142556
margaret,8,0,T,-0.03362242504954338,0.3204366862773895,0.2465294748544693,0.9439361864338839,-0.1673831045627594,0.3568612337112427,0.3218493163585663,0.7381499772646588
margaret,9,0,T,-0.03362242504954338,0.3204366862773895,0.2465294748544693,0.9439361864338839,-0.10046478360891342,0.37464439868927,0.309916228055954,0.7337187693844007
margaret,10,0,T,-0.03362242504954338,0.3204366862773895,0.2465294748544693,0.9439361864338839,0.07941727340221405,0.32200926542282104,0.2557700276374817,0.7334181527950595
margaret,11,0,T,-0.03362242504954338,0.3204366862773895,0.2465294748544693,0.9439361864338839,0.049024563282728195,0.22280167043209076,0.17774321138858795,0.7443840525314642
margaret,12,0,T,-0.03362242504954338,0.3204366862773895,0.2465294748544693,0.9439361864338839,0.011321572586894035,0.13994598388671875,0.10766500979661942,0.7440091731835539
margaret,1,1,RH,-0.4655645489692688,0.5929924845695496,0.5746405720710754,0.965138969864031,-0.7497040033340454,0.6114377379417419,0.7660946846008301,0.7623100008328763
margaret,2,1,RH,-0.4655645489692688,0.5929924845695496,0.5746405720710754,0.965138969864031,-0.3816697299480438,0.5572276711463928,0.4773748815059662,0.750266099478881
margaret,3,1,RH,-0.4655645489692688,0.5929924845695496,0.5746405720710754,0.965138969864031,-0.08333335071802139,0.3930448591709137,0.3046431541442871,0.7580883071264347
margaret,4,1,RH,-0.4655645489692688,0.5929924845695496,0.5746405720710754,0.965138969864031,-0.24060598015785217,0.48374423384666443,0.4210338592529297,0.7550469538881629
margaret,5,1,RH,-0.4655645489692688,0.5929924845695496,0.5746405720710754,0.965138969864031,-0.2657260000705719,0.458718866109848,0.42187485098838806,0.7580883071264347
margaret,6,1,RH,-0.4655645489692688,0.5929924845695496,0.5746405720710754,0.965138969864031,-0.47397831082344055,0.5062042474746704,0.5607903599739075,0.7553175482733572
margaret,7,1,RH,-0.4655645489692688,0.5929924845695496,0.5746405720710754,0.965138969864031,-0.49315595626831055,0.5276784300804138,0.6020808815956116,0.7580883071264347
margaret,8,1,RH,-0.4655645489692688,0.5929924845695496,0.5746405720710754,0.965138969864031,-0.4369817078113556,0.5540876388549805,0.5707008242607117,0.7580883071264347
margaret,9,1,RH,-0.4655645489692688,0.5929924845695496,0.5746405720710754,0.965138969864031,-0.36482420563697815,0.536324143409729,0.5231130123138428,0.7553175482733572
margaret,10,1,RH,-0.4655645489692688,0.5929924845695496,0.5746405720710754,0.965138969864031,-0.3706660866737366,0.6054192185401917,0.5011780858039856,0.7578640163103135
margaret,11,1,RH,-0.4655645489692688,0.5929924845695496,0.5746405720710754,0.965138969864031,-0.7568233609199524,0.6331280469894409,0.7852146029472351,0.7603985403012113
margaret,12,1,RH,-0.4655645489692688,0.5929924845695496,0.5746405720710754,0.965138969864031,-0.8813015818595886,0.6273270845413208,0.8937084674835205,0.7668674168041586
margaret,1,2,wspd,-0.18477316200733185,0.3266764283180237,0.2887997627258301,0.946841881269637,-0.026578033342957497,0.24991540610790253,0.1972416341304779,0.7614897666868723
margaret,2,2,wspd,-0.18477316200733185,0.3266764283180237,0.2887997627258301,0.946841881269637,-0.09461462497711182,0.2676219940185547,0.22865627706050873,0.7493175965177264
margaret,3,2,wspd,-0.18477316200733185,0.3266764283180237,0.2887997627258301,0.946841881269637,-0.14203579723834991,0.2882559597492218,0.25710055232048035,0.7553175482733572
margaret,4,2,wspd,-0.18477316200733185,0.3266764283180237,0.2887997627258301,0.946841881269637,-0.2532564699649811,0.319446861743927,0.3343343436717987,0.740025613248656
margaret,5,2,wspd,-0.18477316200733185,0.3266764283180237,0.2887997627258301,0.946841881269637,-0.3588767945766449,0.3809546232223511,0.4187040627002716,0.7185678061066602
margaret,6,2,wspd,-0.18477316200733185,0.3266764283180237,0.2887997627258301,0.946841881269637,-0.436662882566452,0.34194618463516235,0.4605417251586914,0.7156997458685476
margaret,7,2,wspd,-0.18477316200733185,0.3266764283180237,0.2887997627258301,0.946841881269637,-0.35817354917526245,0.3692733347415924,0.41008955240249634,0.7082354611715044
margaret,8,2,wspd,-0.18477316200733185,0.3266764283180237,0.2887997627258301,0.946841881269637,-0.3392707407474518,0.35664352774620056,0.3969801366329193,0.7164414529714915
margaret,9,2,wspd,-0.18477316200733185,0.3266764283180237,0.2887997627258301,0.946841881269637,-0.3395538926124573,0.31959137320518494,0.3841928243637085,0.7076904629758377
margaret,10,2,wspd,-0.18477316200733185,0.3266764283180237,0.2887997627258301,0.946841881269637,-0.15119996666908264,0.265138179063797,0.24471232295036316,0.7465771615579119
margaret,11,2,wspd,-0.18477316200733185,0.3266764283180237,0.2887997627258301,0.946841881269637,-0.07101903855800629,0.25229933857917786,0.20535264909267426,0.7592652333702471
margaret,12,2,wspd,-0.18477316200733185,0.3266764283180237,0.2887997627258301,0.946841881269637,-0.04329976812005043,0.24285049736499786,0.19670161604881287,0.7665644779670598
margaret,1,3,P,0.0016112610464915633,0.011214693076908588,0.00902367290109396,0.9651887452540701,0.007411519065499306,0.007531100418418646,0.008917798288166523,0.7623454806985888
margaret,2,3,P,0.0016112610464915633,0.011214693076908588,0.00902367290109396,0.9651887452540701,0.005120375193655491,0.009102113544940948,0.00851863157004118,0.7502250839331616
margaret,3,3,P,0.0016112610464915633,0.011214693076908588,0.00902367290109396,0.9651887452540701,0.004967818967998028,0.009856635704636574,0.008872908540070057,0.7580883071264347
margaret,4,3,P,0.0016112610464915633,0.011214693076908588,0.00902367290109396,0.9651887452540701,0.0011282252380624413,0.010691029950976372,0.008562820963561535,0.7553561329867833
margaret,5,3,P,0.0016112610464915633,0.011214693076908588,0.00902367290109396,0.9651887452540701,-0.0031077938620001078,0.012102093547582626,0.009990180842578411,0.7580883071264347
margaret,6,3,P,0.0016112610464915633,0.011214693076908588,0.00902367290109396,0.9651887452540701,-0.0016623722622171044,0.011099637486040592,0.00898356270045042,0.7553561329867833
margaret,7,3,P,0.0016112610464915633,0.011214693076908588,0.00902367290109396,0.9651887452540701,-0.0020199501886963844,0.01335317362099886,0.010103161446750164,0.7580883071264347
margaret,8,3,P,0.0016112610464915633,0.011214693076908588,0.00902367290109396,0.9651887452540701,-0.0006855065003037453,0.011397288180887699,0.00887948740273714,0.7580883071264347
margaret,9,3,P,0.0016112610464915633,0.011214693076908588,0.00902367290109396,0.9651887452540701,-0.0015584363136440516,0.011590534821152687,0.009214436635375023,0.7553561329867833
margaret,10,3,P,0.0016112610464915633,0.011214693076908588,0.00902367290109396,0.9651887452540701,0.0015414151130244136,0.010052342899143696,0.00813062209635973,0.7580883071264347
margaret,11,3,P,0.0016112610464915633,0.011214693076908588,0.00902367290109396,0.9651887452540701,0.002646638546139002,0.0114524457603693,0.009661829099059105,0.7603985403012113
margaret,12,3,P,0.0016112610464915633,0.011214693076908588,0.00902367290109396,0.9651887452540701,0.00494248466566205,0.009238539263606071,0.008445045910775661,0.7668674168041586
margaret,1,4,q,-0.06952312588691711,0.3549423813819885,0.22392505407333374,0.9438920262195968,-0.37629806995391846,0.5152069330215454,0.5121035575866699,0.739303805625156
margaret,2,4,q,-0.06952312588691711,0.3549423813819885,0.22392505407333374,0.9438920262195968,-0.058530472218990326,0.4680632948875427,0.3614266812801361,0.7119537968800252
margaret,3,4,q,-0.06952312588691711,0.3549423813819885,0.22392505407333374,0.9438920262195968,0.0768325924873352,0.29786860942840576,0.21741414070129395,0.7409936783462117
margaret,4,4,q,-0.06952312588691711,0.3549423813819885,0.22392505407333374,0.9438920262195968,0.057698238641023636,0.24714303016662598,0.15127357840538025,0.7374355851198766
margaret,5,4,q,-0.06952312588691711,0.3549423813819885,0.22392505407333374,0.9438920262195968,0.016685092821717262,0.18545196950435638,0.11239895224571228,0.7390930721607902
margaret,6,4,q,-0.06952312588691711,0.3549423813819885,0.22392505407333374,0.9438920262195968,0.007901743054389954,0.11968356370925903,0.06730435788631439,0.7357444607467575
margaret,7,4,q,-0.06952312588691711,0.3549423813819885,0.22392505407333374,0.9438920262195968,0.00911970529705286,0.127244770526886,0.07027266919612885,0.7394206499142556
margaret,8,4,q,-0.06952312588691711,0.3549423813819885,0.22392505407333374,0.9438920262195968,0.00438782898709178,0.14929087460041046,0.08635696768760681,0.7381499772646588
margaret,9,4,q,-0.06952312588691711,0.3549423813819885,0.22392505407333374,0.9438920262195968,0.023693617433309555,0.19981861114501953,0.09864814579486847,0.7337187693844007
margaret,10,4,q,-0.06952312588691711,0.3549423813819885,0.22392505407333374,0.9438920262195968,0.03502350673079491,0.23717153072357178,0.17374728620052338,0.7333177057937963
margaret,11,4,q,-0.06952312588691711,0.3549423813819885,0.22392505407333374,0.9438920262195968,-0.16068686544895172,0.391653448343277,0.3123871982097626,0.7443840525314642
margaret,12,4,q,-0.06952312588691711,0.3549423813819885,0.22392505407333374,0.9438920262195968,-0.42327049374580383,0.47520729899406433,0.5180099010467529,0.7440091731835539
minna_bluff,1,0,T,-0.07071952521800995,0.30031007528305054,0.24787424504756927,1.001872355522601,-0.27315953373908997,0.20146656036376953,0.2955903112888336,0.7886580608082157
minna_bluff,2,0,T,-0.07071952521800995,0.30031007528305054,0.24787424504756927,1.001872355522601,-0.1698077917098999,0.21374978125095367,0.22304849326610565,0.8010946042940391
minna_bluff,3,0,T,-0.07071952521800995,0.30031007528305054,0.24787424504756927,1.001872355522601,-0.07322674989700317,0.2445872724056244,0.2022845298051834,0.8168847451792628
minna_bluff,4,0,T,-0.07071952521800995,0.30031007528305054,0.24787424504756927,1.001872355522601,-0.017940472811460495,0.27586597204208374,0.21811135113239288,0.8095671510491242
minna_bluff,5,0,T,-0.07071952521800995,0.30031007528305054,0.24787424504756927,1.001872355522601,0.013988342136144638,0.28796201944351196,0.22678911685943604,0.8036616099440099
minna_bluff,6,0,T,-0.07071952521800995,0.30031007528305054,0.24787424504756927,1.001872355522601,0.0120226526632905,0.30982348322868347,0.2461821287870407,0.7982156743556276
minna_bluff,7,0,T,-0.07071952521800995,0.30031007528305054,0.24787424504756927,1.001872355522601,0.07598172128200531,0.31853023171424866,0.25334134697914124,0.7930110386333568
minna_bluff,8,0,T,-0.07071952521800995,0.30031007528305054,0.24787424504756927,1.001872355522601,0.10245153307914734,0.32469886541366577,0.2667395770549774,0.7921968807252471
minna_bluff,9,0,T,-0.07071952521800995,0.30031007528305054,0.24787424504756927,1.001872355522601,0.04133373498916626,0.3300512135028839,0.2647084891796112,0.7855751926604032
minna_bluff,10,0,T,-0.07071952521800995,0.30031007528305054,0.24787424504756927,1.001872355522601,-0.09739868342876434,0.26254671812057495,0.2232409417629242,0.7788848325223943
minna_bluff,11,0,T,-0.07071952521800995,0.30031007528305054,0.24787424504756927,1.001872355522601,-0.25753235816955566,0.23625269532203674,0.29389888048171997,0.7835097572950743
minna_bluff,12,0,T,-0.07071952521800995,0.30031007528305054,0.24787424504756927,1.001872355522601,-0.2857721447944641,0.20333223044872284,0.3030422627925873,0.7760897874522746
minna_bluff,1,1,RH,1.3748844861984253,1.1183665990829468,1.5306833982467651,0.9624373125807982,0.20196619629859924,1.0595228672027588,0.8800415992736816,0.7235589691578176
minna_bluff,2,1,RH,1.3748844861984253,1.1183665990829468,1.5306833982467651,0.9624373125807982,0.9064117670059204,1.058181881904602,1.1584581136703491,0.7419959226715589
minna_bluff,3,1,RH,1.3748844861984253,1.1183665990829468,1.5306833982467651,0.9624373125807982,1.5978575944900513,0.9557371735572815,1.6509308815002441,0.7669010087962826
minna_bluff,4,1,RH,1.3748844861984253,1.1183665990829468,1.5306833982467651,0.9624373125807982,1.7024245262145996,0.9284882545471191,1.7371411323547363,0.7689577025661457
minna_bluff,5,1,RH,1.3748844861984253,1.1183665990829468,1.5306833982467651,0.9624373125807982,1.6137957572937012,0.9243718385696411,1.646587610244751,0.7666908363435567
minna_bluff,6,1,RH,1.3748844861984253,1.1183665990829468,1.5306833982467651,0.9624373125807982,1.8101304769515991,0.9835631251335144,1.8469505310058594,0.7654099995524394
minna_bluff,7,1,RH,1.3748844861984253,1.1183665990829468,1.5306833982467651,0.9624373125807982,1.7123433351516724,0.9836907386779785,1.7635560035705566,0.771475078611335
minna_bluff,8,1,RH,1.3748844861984253,1.1183665990829468,1.5306833982467651,0.9624373125807982,1.6089802980422974,1.0522069931030273,1.70701265335083,0.7732366490334063
minna_bluff,9,1,RH,1.3748844861984253,1.1183665990829468,1.5306833982467651,0.9624373125807982,1.5584213733673096,1.009627342224121,1.632509708404541,0.7667665595049082
minna_bluff,10,1,RH,1.3748844861984253,1.1183665990829468,1.5306833982467651,0.9624373125807982,1.3667654991149902,1.029133677482605,1.4771168231964111,0.7506343337837138
minna_bluff,11,1,RH,1.3748844861984253,1.1183665990829468,1.5306833982467651,0.9624373125807982,0.8628878593444824,1.0364922285079956,1.1112391948699951,0.7251953396016959
minna_bluff,12,1,RH,1.3748844861984253,1.1183665990829468,1.5306833982467651,0.9624373125807982,0.17438015341758728,1.1105204820632935,0.9169895648956299,0.7164414529714915
minna_bluff,1,2,wspd,0.807720959186554,0.8705820441246033,0.8723493218421936,0.957219401917942,0.6646919846534729,0.6830773949623108,0.7286062240600586,0.7486513427085413
minna_bluff,2,2,wspd,0.807720959186554,0.8705820441246033,0.8723493218421936,0.957219401917942,0.7331162095069885,0.7216364741325378,0.7687958478927612,0.7672529095806214
minna_bluff,3,2,wspd,0.807720959186554,0.8705820441246033,0.8723493218421936,0.957219401917942,0.7451146245002747,0.7928780317306519,0.7970806956291199,0.7721400389174455
minna_bluff,4,2,wspd,0.807720959186554,0.8705820441246033,0.8723493218421936,0.957219401917942,0.7997097969055176,0.9174100160598755,0.9009687900543213,0.752869847248701
minna_bluff,5,2,wspd,0.807720959186554,0.8705820441246033,0.8723493218421936,0.957219401917942,0.9012039303779602,0.9195894002914429,0.9651796221733093,0.7524814390164244
minna_bluff,6,2,wspd,0.807720959186554,0.8705820441246033,0.8723493218421936,0.957219401917942,0.8505426049232483,0.967602014541626,0.9388371706008911,0.7447791540222827
minna_bluff,7,2,wspd,0.807720959186554,0.8705820441246033,0.8723493218421936,0.957219401917942,0.8032469749450684,0.903782844543457,0.8714379668235779,0.750960292721086
minna_bluff,8,2,wspd,0.807720959186554,0.8705820441246033,0.8723493218421936,0.957219401917942,0.8018054366111755,0.8840878009796143,0.8709889054298401,0.7438210992017434
minna_bluff,9,2,wspd,0.807720959186554,0.8705820441246033,0.8723493218421936,0.957219401917942,1.0389312505722046,1.0348621606826782,1.090440034866333,0.7304548776253522
minna_bluff,10,2,wspd,0.807720959186554,0.8705820441246033,0.8723493218421936,0.957219401917942,1.0044090747833252,0.9811620116233826,1.0573489665985107,0.7373278961107054
minna_bluff,11,2,wspd,0.807720959186554,0.8705820441246033,0.8723493218421936,0.957219401917942,0.8446444869041443,0.874720573425293,0.9236100316047668,0.7402224409423366
minna_bluff,12,2,wspd,0.807720959186554,0.8705820441246033,0.8723493218421936,0.957219401917942,0.6227208375930786,0.7067103981971741,0.6806713342666626,0.7516487508545938
minna_bluff,1,3,P,-1.0451902151107788,0.03970855847001076,1.0451902151107788,1.0092424962373994,-1.0098400115966797,0.028316307812929153,1.0098400115966797,0.8009663862758577
minna_bluff,2,3,P,-1.0451902151107788,0.03970855847001076,1.0451902151107788,1.0092424962373994,-1.0255885124206543,0.030713219195604324,1.0255885124206543,0.8122458912263251
minna_bluff,3,3,P,-1.0451902151107788,0.03970855847001076,1.0451902151107788,1.0092424962373994,-1.0459665060043335,0.03222198411822319,1.0459665060043335,0.820262792791369
minna_bluff,4,3,P,-1.0451902151107788,0.03970855847001076,1.0451902151107788,1.0092424962373994,-1.056922435760498,0.03274155408143997,1.056922435760498,0.8141010855594716
minna_bluff,5,3,P,-1.0451902151107788,0.03970855847001076,1.0451902151107788,1.0092424962373994,-1.064012885093689,0.04038622975349426,1.064012885093689,0.8102337210342235
minna_bluff,6,3,P,-1.0451902151107788,0.03970855847001076,1.0451902151107788,1.0092424962373994,-1.0677073001861572,0.03946441784501076,1.0677073001861572,0.8057893851111069
minna_bluff,7,3,P,-1.0451902151107788,0.03970855847001076,1.0451902151107788,1.0092424962373994,-1.0700088739395142,0.039799824357032776,1.0700088739395142,0.7999842991941665
minna_bluff,8,3,P,-1.0451902151107788,0.03970855847001076,1.0451902151107788,1.0092424962373994,-1.0672214031219482,0.0385424941778183,1.0672214031219482,0.8003054516825149
minna_bluff,9,3,P,-1.0451902151107788,0.03970855847001076,1.0451902151107788,1.0092424962373994,-1.0580204725265503,0.030391380190849304,1.0580204725265503,0.7923455022999013
minna_bluff,10,3,P,-1.0451902151107788,0.03970855847001076,1.0451902151107788,1.0092424962373994,-1.0390135049819946,0.02534911036491394,1.0390135049819946,0.784854037553968
minna_bluff,11,3,P,-1.0451902151107788,0.03970855847001076,1.0451902151107788,1.0092424962373994,-1.021651029586792,0.02569672465324402,1.021651029586792,0.7859301023267289
minna_bluff,12,3,P,-1.0451902151107788,0.03970855847001076,1.0451902151107788,1.0092424962373994,-1.005396842956543,0.021683402359485626,1.005396842956543,0.7903354112320091
minna_bluff,1,4,q,0.21229711174964905,0.358925461769104,0.32078099250793457,0.9548671599328685,-0.13482634723186493,0.7517622113227844,0.5863701701164246,0.7095324386736253
minna_bluff,2,4,q,0.21229711174964905,0.358925461769104,0.32078099250793457,0.9548671599328685,0.2764434218406677,0.41081923246383667,0.39745524525642395,0.729565980308336
minna_bluff,3,4,q,0.21229711174964905,0.358925461769104,0.32078099250793457,0.9548671599328685,0.31956377625465393,0.24361398816108704,0.3368500769138336,0.7632977712435441
minna_bluff,4,4,q,0.21229711174964905,0.358925461769104,0.32078099250793457,0.9548671599328685,0.26476848125457764,0.23774078488349915,0.3024316132068634,0.7644730323003825
minna_bluff,5,4,q,0.21229711174964905,0.358925461769104,0.32078099250793457,0.9548671599328685,0.26005297899246216,0.22078654170036316,0.2749274671077728,0.7602895365795433
minna_bluff,6,4,q,0.21229711174964905,0.358925461769104,0.32078099250793457,0.9548671599328685,0.26296266913414,0.23229220509529114,0.2860488295555115,0.7578640163103135
minna_bluff,7,4,q,0.21229711174964905,0.358925461769104,0.32078099250793457,0.9548671599328685,0.22525891661643982,0.20575036108493805,0.24709947407245636,0.7645162437783192
minna_bluff,8,4,q,0.21229711174964905,0.358925461769104,0.32078099250793457,0.9548671599328685,0.22847183048725128,0.18122626841068268,0.2386348396539688,0.7653758009951385
minna_bluff,9,4,q,0.21229711174964905,0.358925461769104,0.32078099250793457,0.9548671599328685,0.24515095353126526,0.2215544730424881,0.2708934545516968,0.759292834805774
minna_bluff,10,4,q,0.21229711174964905,0.358925461769104,0.32078099250793457,0.9548671599328685,0.25172895193099976,0.25751423835754395,0.28692659735679626,0.7441416761927874
minna_bluff,11,4,q,0.21229711174964905,0.358925461769104,0.32078099250793457,0.9548671599328685,0.12743350863456726,0.4210696518421173,0.3422010838985443,0.7226215125356389
minna_bluff,12,4,q,0.21229711174964905,0.358925461769104,0.32078099250793457,0.9548671599328685,-0.12852945923805237,0.7119893431663513,0.5607281923294067,0.6976613482299249
silvia,1,0,T,0.021824391558766365,0.19040735065937042,0.13926908373832703,1.0192958596446515,-0.08275441080331802,0.11619508266448975,0.11730235069990158,0.8235007100715838
silvia,2,0,T,0.021824391558766365,0.19040735065937042,0.13926908373832703,1.0192958596446515,-0.0687425434589386,0.1368037909269333,0.11294957250356674,0.8179654057800181
silvia,3,0,T,0.021824391558766365,0.19040735065937042,0.13926908373832703,1.0192958596446515,0.02058517374098301,0.15258802473545074,0.11280970275402069,0.8234581278870428
silvia,4,0,T,0.021824391558766365,0.19040735065937042,0.13926908373832703,1.0192958596446515,0.08438165485858917,0.19644252955913544,0.1489938199520111,0.8189603344774241
silvia,5,0,T,0.021824391558766365,0.19040735065937042,0.13926908373832703,1.0192958596446515,0.08772692829370499,0.18296599388122559,0.1509287804365158,0.8218410397641452
silvia,6,0,T,0.021824391558766365,0.19040735065937042,0.13926908373832703,1.0192958596446515,0.08927623182535172,0.1806480884552002,0.1511755734682083,0.8120018981570918
silvia,7,0,T,0.021824391558766365,0.19040735065937042,0.13926908373832703,1.0192958596446515,0.10984790325164795,0.22164106369018555,0.17551816999912262,0.8035426935760759
silvia,8,0,T,0.021824391558766365,0.19040735065937042,0.13926908373832703,1.0192958596446515,0.08175300806760788,0.22928905487060547,0.17595869302749634,0.8036670112035855
silvia,9,0,T,0.021824391558766365,0.19040735065937042,0.13926908373832703,1.0192958596446515,0.09406022727489471,0.2147618532180786,0.16637571156024933,0.8004009948841234
silvia,10,0,T,0.021824391558766365,0.19040735065937042,0.13926908373832703,1.0192958596446515,0.007449092343449593,0.1790555715560913,0.12438450753688812,0.7913245986176491
silvia,11,0,T,0.021824391558766365,0.19040735065937042,0.13926908373832703,1.0192958596446515,-0.03725400194525719,0.14248953759670258,0.11030178517103195,0.7985149793695573
silvia,12,0,T,0.021824391558766365,0.19040735065937042,0.13926908373832703,1.0192958596446515,-0.08859211951494217,0.13369616866111755,0.13486117124557495,0.822996848455948
silvia,1,1,RH,0.034500349313020706,0.743522584438324,0.5789874792098999,1.0160223162961346,0.1721252202987671,0.8234882950782776,0.6625315546989441,0.8246338815904376
silvia,2,1,RH,0.034500349313020706,0.743522584438324,0.5789874792098999,1.0160223162961346,0.4400084614753723,0.642395555973053,0.6137450933456421,0.8179654057800181
silvia,3,1,RH,0.034500349313020706,0.743522584438324,0.5789874792098999,1.0160223162961346,0.4015519320964813,0.6142403483390808,0.5740342736244202,0.8160137378243218
silvia,4,1,RH,0.034500349313020706,0.743522584438324,0.5789874792098999,1.0160223162961346,0.10811935365200043,0.6845826506614685,0.5313247442245483,0.8127269000538658
silvia,5,1,RH,0.034500349313020706,0.743522584438324,0.5789874792098999,1.0160223162961346,-0.042415861040353775,0.6555500030517578,0.5219365954399109,0.815715135336231
silvia,6,1,RH,0.034500349313020706,0.743522584438324,0.5789874792098999,1.0160223162961346,-0.08211211860179901,0.6825569868087769,0.5392553210258484,0.806136169974735
silvia,7,1,RH,0.034500349313020706,0.743522584438324,0.5789874792098999,1.0160223162961346,-0.2581903040409088,0.7055644392967224,0.5822248458862305,0.8020582622712055
silvia,8,1,RH,0.034500349313020706,0.743522584438324,0.5789874792098999,1.0160223162961346,-0.2940071225166321,0.6731595993041992,0.591861367225647,0.8049107353722028
silvia,9,1,RH,0.034500349313020706,0.743522584438324,0.5789874792098999,1.0160223162961346,-0.22397242486476898,0.6828567385673523,0.5689699649810791,0.7949943206254311
silvia,10,1,RH,0.034500349313020706,0.743522584438324,0.5789874792098999,1.0160223162961346,0.039052434265613556,0.6354314684867859,0.4997633695602417,0.7803837775823009
silvia,11,1,RH,0.034500349313020706,0.743522584438324,0.5789874792098999,1.0160223162961346,0.061900220811367035,0.7428998351097107,0.547751784324646,0.7916683705908865
silvia,12,1,RH,0.034500349313020706,0.743522584438324,0.5789874792098999,1.0160223162961346,-0.06367558985948563,0.8433056473731995,0.6515815854072571,0.8276162088157614
silvia,1,2,wspd,1.476781964302063,2.1748416423797607,1.518223524093628,0.9127512194594788,1.0751686096191406,1.5771139860153198,1.1087236404418945,0.7396771321163488
silvia,2,2,wspd,1.476781964302063,2.1748416423797607,1.518223524093628,0.9127512194594788,1.5470237731933594,1.8772255182266235,1.5850250720977783,0.7357810612890338
silvia,3,2,wspd,1.476781964302063,2.1748416423797607,1.518223524093628,0.9127512194594788,1.8111248016357422,2.2060747146606445,1.8644139766693115,0.7304028511942362
silvia,4,2,wspd,1.476781964302063,2.1748416423797607,1.518223524093628,0.9127512194594788,1.2779878377914429,2.1635076999664307,1.3308929204940796,0.715201581361162
silvia,5,2,wspd,1.476781964302063,2.1748416423797607,1.518223524093628,0.9127512194594788,1.671341061592102,2.4021458625793457,1.7128270864486694,0.6953357977005874
silvia,6,2,wspd,1.476781964302063,2.1748416423797607,1.518223524093628,0.9127512194594788,1.7733451128005981,2.789005994796753,1.8437930345535278,0.6727056141128975
silvia,7,2,wspd,1.476781964302063,2.1748416423797607,1.518223524093628,0.9127512194594788,1.947589635848999,2.87188458442688,1.9817609786987305,0.6634184554902808
silvia,8,2,wspd,1.476781964302063,2.1748416423797607,1.518223524093628,0.9127512194594788,1.5394400358200073,2.281663417816162,1.580916166305542,0.6639400149118501
silvia,9,2,wspd,1.476781964302063,2.1748416423797607,1.518223524093628,0.9127512194594788,1.9433791637420654,2.6355981826782227,1.9670063257217407,0.6558153252108455
silvia,10,2,wspd,1.476781964302063,2.1748416423797607,1.518223524093628,0.9127512194594788,1.635298490524292,2.291635751724243,1.6572983264923096,0.6684927315821424
silvia,11,2,wspd,1.476781964302063,2.1748416423797607,1.518223524093628,0.9127512194594788,1.4614448547363281,2.284912586212158,1.4859074354171753,0.7009119492977939
silvia,12,2,wspd,1.476781964302063,2.1748416423797607,1.518223524093628,0.9127512194594788,1.029050350189209,1.6212239265441895,1.0770097970962524,0.749782887136535
silvia,1,3,P,-0.21669715642929077,0.041551440954208374,0.21703416109085083,1.0224706835972652,-0.20440705120563507,0.0288702379912138,0.20440705120563507,0.8268713749236443
silvia,2,3,P,-0.21669715642929077,0.041551440954208374,0.21703416109085083,1.0224706835972652,-0.20427155494689941,0.03464061766862869,0.2046179324388504,0.820262792791369
silvia,3,3,P,-0.21669715642929077,0.041551440954208374,0.21703416109085083,1.0224706835972652,-0.21727105975151062,0.03571408614516258,0.21727254986763,0.8242212978100625
silvia,4,3,P,-0.21669715642929077,0.041551440954208374,0.21703416109085083,1.0224706835972652,-0.21871688961982727,0.049551792442798615,0.22055639326572418,0.82175413915318
silvia,5,3,P,-0.21669715642929077,0.041551440954208374,0.21703416109085083,1.0224706835972652,-0.22533617913722992,0.04247842729091644,0.22544077038764954,0.8245582538752542
silvia,6,3,P,-0.21669715642929077,0.041551440954208374,0.21703416109085083,1.0224706835972652,-0.22974325716495514,0.04671606048941612,0.22984245419502258,0.8151570608980733
silvia,7,3,P,-0.21669715642929077,0.041551440954208374,0.21703416109085083,1.0224706835972652,-0.22658437490463257,0.045056041330099106,0.2266467809677124,0.8075142135033045
silvia,8,3,P,-0.21669715642929077,0.041551440954208374,0.21703416109085083,1.0224706835972652,-0.22308366000652313,0.056207459419965744,0.22428710758686066,0.8102686564043015
silvia,9,3,P,-0.21669715642929077,0.041551440954208374,0.21703416109085083,1.0224706835972652,-0.22707901895046234,0.04639127478003502,0.22719238698482513,0.8041892764138021
silvia,10,3,P,-0.21669715642929077,0.041551440954208374,0.21703416109085083,1.0224706835972652,-0.21496963500976562,0.03910072520375252,0.21521149575710297,0.7938112402495415
silvia,11,3,P,-0.21669715642929077,0.041551440954208374,0.21703416109085083,1.0224706835972652,-0.21171455085277557,0.02532193437218666,0.21171455085277557,0.7995428120513938
silvia,12,3,P,-0.21669715642929077,0.041551440954208374,0.21703416109085083,1.0224706835972652,-0.2022704780101776,0.02522013895213604,0.2022704780101776,0.8281614406054462
silvia,1,4,q,0.030074361711740494,0.42520296573638916,0.266253262758255,1.012685288003733,-0.08413403481245041,0.6734284162521362,0.5046576857566833,0.8212570677756634
silvia,2,4,q,0.030074361711740494,0.42520296573638916,0.266253262758255,1.012685288003733,0.14038662612438202,0.48733898997306824,0.3834831118583679,0.8156028829759898
silvia,3,4,q,0.030074361711740494,0.42520296573638916,0.266253262758255,1.012685288003733,0.21253539621829987,0.29004335403442383,0.2735833525657654,0.8151335303788336
silvia,4,4,q,0.030074361711740494,0.42520296573638916,0.266253262758255,1.012685288003733,0.12190185487270355,0.20902307331562042,0.17115730047225952,0.8098685195892591
silvia,5,4,q,0.030074361711740494,0.42520296573638916,0.266253262758255,1.012685288003733,0.08819500356912613,0.20241691172122955,0.143316388130188,0.8128624407943672
silvia,6,4,q,0.030074361711740494,0.42520296573638916,0.266253262758255,1.012685288003733,0.08214663714170456,0.18818381428718567,0.14345788955688477,0.8025687872367278
silvia,7,4,q,0.030074361711740494,0.42520296573638916,0.266253262758255,1.012685288003733,0.04066471755504608,0.1725042313337326,0.11898043006658554,0.7977414982560892
silvia,8,4,q,0.030074361711740494,0.42520296573638916,0.266253262758255,1.012685288003733,0.021442361176013947,0.15679800510406494,0.10459814965724945,0.7983366769698005
silvia,9,4,q,0.030074361711740494,0.42520296573638916,0.266253262758255,1.012685288003733,0.04461423307657242,0.20548513531684875,0.1317562758922577,0.7911050939438544
silvia,10,4,q,0.030074361711740494,0.42520296573638916,0.266253262758255,1.012685288003733,0.050016943365335464,0.209247425198555,0.15767544507980347,0.7776320066051289
silvia,11,4,q,0.030074361711740494,0.42520296573638916,0.266253262758255,1.012685288003733,-0.00611125910654664,0.5534882545471191,0.34097597002983093,0.7904873869580212
silvia,12,4,q,0.030074361711740494,0.42520296573638916,0.266253262758255,1.012685288003733,-0.2965702712535858,0.6704354882240295,0.5402381420135498,0.8223648646185467
sofia,1,0,T,0.18988145887851715,0.19813211262226105,0.227861687541008,0.9634413744746353,0.1898868829011917,0.140619158744812,0.20079953968524933,0.7566574952160098
sofia,2,0,T,0.18988145887851715,0.19813211262226105,0.227861687541008,0.9634413744746353,0.257968008518219,0.14765958487987518,0.2649375796318054,0.75901640819229
sofia,3,0,T,0.18988145887851715,0.19813211262226105,0.227861687541008,0.9634413744746353,0.2144155502319336,0.18882271647453308,0.24377082288265228,0.7674366472110125
sofia,4,0,T,0.18988145887851715,0.19813211262226105,0.227861687541008,0.9634413744746353,0.16049052774906158,0.21503524482250214,0.22156111896038055,0.7566480001629222
sofia,5,0,T,0.18988145887851715,0.19813211262226105,0.227861687541008,0.9634413744746353,0.1446274220943451,0.2113773077726364,0.2090369313955307,0.7483057128534317
sofia,6,0,T,0.18988145887851715,0.19813211262226105,0.227861687541008,0.9634413744746353,0.17381857335567474,0.22543412446975708,0.23831069469451904,0.7454443847136062
sofia,7,0,T,0.18988145887851715,0.19813211262226105,0.227861687541008,0.9634413744746353,0.211765319108963,0.24206195771694183,0.2672635316848755,0.7482217074699739
sofia,8,0,T,0.18988145887851715,0.19813211262226105,0.227861687541008,0.9634413744746353,0.21566258370876312,0.24624423682689667,0.27032482624053955,0.7484106006373649
sofia,9,0,T,0.18988145887851715,0.19813211262226105,0.227861687541008,0.9634413744746353,0.18878260254859924,0.23406338691711426,0.24515654146671295,0.7567523862913202
sofia,10,0,T,0.18988145887851715,0.19813211262226105,0.227861687541008,0.9634413744746353,0.18362201750278473,0.17059308290481567,0.2114826738834381,0.7657852603100662
sofia,11,0,T,0.18988145887851715,0.19813211262226105,0.227861687541008,0.9634413744746353,0.15837402641773224,0.14860138297080994,0.17942070960998535,0.7602622633561505
sofia,12,0,T,0.18988145887851715,0.19813211262226105,0.227861687541008,0.9634413744746353,0.17478778958320618,0.1597350388765335,0.19190333783626556,0.7601894910923109
sofia,1,1,RH,0.4907417893409729,0.5607475638389587,0.5774920582771301,0.9732859114695739,0.7245562076568604,0.6249186396598816,0.7814842462539673,0.766665579991391
sofia,2,1,RH,0.4907417893409729,0.5607475638389587,0.5774920582771301,0.9732859114695739,0.4952457845211029,0.5636686682701111,0.598702609539032,0.7655637196206232
sofia,3,1,RH,0.4907417893409729,0.5607475638389587,0.5774920582771301,0.9732859114695739,0.42086711525917053,0.5485970973968506,0.5408536195755005,0.7743497348705013
sofia,4,1,RH,0.4907417893409729,0.5607475638389587,0.5774920582771301,0.9732859114695739,0.39240169525146484,0.4792473614215851,0.4859139025211334,0.7673865771113687
sofia,5,1,RH,0.4907417893409729,0.5607475638389587,0.5774920582771301,0.9732859114695739,0.36232641339302063,0.4837947189807892,0.4682494103908539,0.759559178413411
sofia,6,1,RH,0.4907417893409729,0.5607475638389587,0.5774920582771301,0.9732859114695739,0.4508010149002075,0.5379006862640381,0.5358426570892334,0.7570269609493914
sofia,7,1,RH,0.4907417893409729,0.5607475638389587,0.5774920582771301,0.9732859114695739,0.363910049200058,0.4811170697212219,0.46358445286750793,0.7602895365795433
sofia,8,1,RH,0.4907417893409729,0.5607475638389587,0.5774920582771301,0.9732859114695739,0.35983458161354065,0.476600706577301,0.45599105954170227,0.7612744581377727
sofia,9,1,RH,0.4907417893409729,0.5607475638389587,0.5774920582771301,0.9732859114695739,0.44824591279029846,0.48206615447998047,0.5162645578384399,0.7669261939070369
sofia,10,1,RH,0.4907417893409729,0.5607475638389587,0.5774920582771301,0.9732859114695739,0.4361506700515747,0.5442501902580261,0.5298663973808289,0.7734542499528446
sofia,11,1,RH,0.4907417893409729,0.5607475638389587,0.5774920582771301,0.9732859114695739,0.5938195586204529,0.5703568458557129,0.6618828773498535,0.7686622812818666
sofia,12,1,RH,0.4907417893409729,0.5607475638389587,0.5774920582771301,0.9732859114695739,0.8001343011856079,0.6627800464630127,0.8524708151817322,0.7714114714460805
sofia,1,2,wspd,0.8801482915878296,1.6501736640930176,0.9966373443603516,0.8659800643193006,0.5990925431251526,1.015620470046997,0.6698833107948303,0.6876603928167797
sofia,2,2,wspd,0.8801482915878296,1.6501736640930176,0.9966373443603516,0.8659800643193006,1.1076219081878662,1.820693850517273,1.2052947282791138,0.6570480425496937
sofia,3,2,wspd,0.8801482915878296,1.6501736640930176,0.9966373443603516,0.8659800643193006,1.2164567708969116,2.0191919803619385,1.3579609394073486,0.6450915908362805
sofia,4,2,wspd,0.8801482915878296,1.6501736640930176,0.9966373443603516,0.8659800643193006,0.8991863131523132,1.7505613565444946,1.045814871788025,0.6520371609064682
sofia,5,2,wspd,0.8801482915878296,1.6501736640930176,0.9966373443603516,0.8659800643193006,0.7809880375862122,1.6922485828399658,0.95428466796875,0.6415024308560671
sofia,6,2,wspd,0.8801482915878296,1.6501736640930176,0.9966373443603516,0.8659800643193006,1.1295093297958374,2.108030319213867,1.3236585855484009,0.6266862130395523
sofia,7,2,wspd,0.8801482915878296,1.6501736640930176,0.9966373443603516,0.8659800643193006,0.9911284446716309,2.036743640899658,1.1516900062561035,0.6294405504667016
sofia,8,2,wspd,0.8801482915878296,1.6501736640930176,0.9966373443603516,0.8659800643193006,1.1297297477722168,2.3119757175445557,1.2953869104385376,0.6314694860502273
sofia,9,2,wspd,0.8801482915878296,1.6501736640930176,0.9966373443603516,0.8659800643193006,1.0112085342407227,2.010885238647461,1.1833887100219727,0.6371164749523861
sofia,10,2,wspd,0.8801482915878296,1.6501736640930176,0.9966373443603516,0.8659800643193006,0.8351353406906128,1.4656733274459839,0.9478456974029541,0.6665559467513147
sofia,11,2,wspd,0.8801482915878296,1.6501736640930176,0.9966373443603516,0.8659800643193006,0.8720602989196777,1.2790082693099976,0.9324753880500793,0.6825988337202324
sofia,12,2,wspd,0.8801482915878296,1.6501736640930176,0.9966373443603516,0.8659800643193006,0.5838374495506287,0.9105066061019897,0.6454680562019348,0.7049813267121906
sofia,1,3,P,0.2888130843639374,0.01714855618774891,0.2888130843639374,0.9708192631861418,0.2713812589645386,0.0090836426243186,0.2713812589645386,0.7669010087962826
sofia,2,3,P,0.2888130843639374,0.01714855618774891,0.2888130843639374,0.9708192631861418,0.2788048982620239,0.009290139190852642,0.2788048982620239,0.7656660423593563
sofia,3,3,P,0.2888130843639374,0.01714855618774891,0.2888130843639374,0.9708192631861418,0.28905725479125977,0.0139912785962224,0.28905725479125977,0.7708047695294278
sofia,4,3,P,0.2888130843639374,0.01714855618774891,0.2888130843639374,0.9708192631861418,0.29630863666534424,0.015064640901982784,0.29630863666534424,0.7572629392838169
sofia,5,3,P,0.2888130843639374,0.01714855618774891,0.2888130843639374,0.9708192631861418,0.2993738353252411,0.014756593853235245,0.2993738353252411,0.7499682783883775
sofia,6,3,P,0.2888130843639374,0.01714855618774891,0.2888130843639374,0.9708192631861418,0.301639199256897,0.016477910801768303,0.301639199256897,0.7474194041695251
sofia,7,3,P,0.2888130843639374,0.01714855618774891,0.2888130843639374,0.9708192631861418,0.29960134625434875,0.016673680394887924,0.29960134625434875,0.7598429523278054
sofia,8,3,P,0.2888130843639374,0.01714855618774891,0.2888130843639374,0.9708192631861418,0.29798027873039246,0.016778143122792244,0.29798027873039246,0.7614359916796287
sofia,9,3,P,0.2888130843639374,0.01714855618774891,0.2888130843639374,0.9708192631861418,0.29601767659187317,0.015634147450327873,0.29601767659187317,0.7670603860992123
sofia,10,3,P,0.2888130843639374,0.01714855618774891,0.2888130843639374,0.9708192631861418,0.29109203815460205,0.01310758013278246,0.29109203815460205,0.7735473338310886
sofia,11,3,P,0.2888130843639374,0.01714855618774891,0.2888130843639374,0.9708192631861418,0.27973121404647827,0.010510320775210857,0.27973121404647827,0.7687608714540682
sofia,12,3,P,0.2888130843639374,0.01714855618774891,0.2888130843639374,0.9708192631861418,0.27249258756637573,0.008875944651663303,0.27249258756637573,0.7717923882125485
sofia,1,4,q,0.3441660404205322,0.4344763457775116,0.35338371992111206,0.9606018974725877,0.8832385540008545,0.5528101325035095,0.8966484665870667,0.756391223925522
sofia,2,4,q,0.3441660404205322,0.4344763457775116,0.35338371992111206,0.9606018974725877,0.48828449845314026,0.3300439715385437,0.4939815402030945,0.7589425393047199
sofia,3,4,q,0.3441660404205322,0.4344763457775116,0.35338371992111206,0.9606018974725877,0.23060475289821625,0.23924359679222107,0.23662656545639038,0.763577854131576
sofia,4,4,q,0.3441660404205322,0.4344763457775116,0.35338371992111206,0.9606018974725877,0.1279194951057434,0.1477799415588379,0.1360407918691635,0.7456721752882446
sofia,5,4,q,0.3441660404205322,0.4344763457775116,0.35338371992111206,0.9606018974725877,0.09491968154907227,0.1197754517197609,0.10135200619697571,0.7379957111710015
sofia,6,4,q,0.3441660404205322,0.4344763457775116,0.35338371992111206,0.9606018974725877,0.14157341420650482,0.20686057209968567,0.14765168726444244,0.7357322569928609
sofia,7,4,q,0.3441660404205322,0.4344763457775116,0.35338371992111206,0.9606018974725877,0.12007971107959747,0.16947193443775177,0.13221903145313263,0.7475148179576983
sofia,8,4,q,0.3441660404205322,0.4344763457775116,0.35338371992111206,0.9606018974725877,0.11804065108299255,0.15197549760341644,0.12374264746904373,0.748263720747059
sofia,9,4,q,0.3441660404205322,0.4344763457775116,0.35338371992111206,0.9606018974725877,0.13037772476673126,0.14107796549797058,0.13984166085720062,0.7566005086626152
sofia,10,4,q,0.3441660404205322,0.4344763457775116,0.35338371992111206,0.9606018974725877,0.22206205129623413,0.22996166348457336,0.22787608206272125,0.7655807821377452
sofia,11,4,q,0.3441660404205322,0.4344763457775116,0.35338371992111206,0.9606018974725877,0.47370442748069763,0.396884560585022,0.4900846481323242,0.7600802134020804
sofia,12,4,q,0.3441660404205322,0.4344763457775116,0.35338371992111206,0.9606018974725877,0.9254985451698303,0.6046906113624573,0.9397029280662537,0.7598612271816799
theresa,1,0,T,0.18463197350502014,0.1389072984457016,0.1958404928445816,1.00946263104573,0.17926786839962006,0.0924357920885086,0.18224778771400452,0.8062095452415301
theresa,2,0,T,0.18463197350502014,0.1389072984457016,0.1958404928445816,1.00946263104573,0.16670651733875275,0.1208476647734642,0.17286671698093414,0.8069293794619964
theresa,3,0,T,0.18463197350502014,0.1389072984457016,0.1958404928445816,1.00946263104573,0.1929747611284256,0.15534552931785583,0.20628045499324799,0.8165985029772345
theresa,4,0,T,0.18463197350502014,0.1389072984457016,0.1958404928445816,1.00946263104573,0.18769778311252594,0.16180749237537384,0.20673123002052307,0.8069864908730144
theresa,5,0,T,0.18463197350502014,0.1389072984457016,0.1958404928445816,1.00946263104573,0.19083936512470245,0.14769676327705383,0.2039203643798828,0.8079873489798236
theresa,6,0,T,0.18463197350502014,0.1389072984457016,0.1958404928445816,1.00946263104573,0.20045389235019684,0.1626594364643097,0.21741044521331787,0.7991274957226736
theresa,7,0,T,0.18463197350502014,0.1389072984457016,0.1958404928445816,1.00946263104573,0.1690504401922226,0.15682558715343475,0.1938268542289734,0.7946820754601926
theresa,8,0,T,0.18463197350502014,0.1389072984457016,0.1958404928445816,1.00946263104573,0.19885647296905518,0.16900673508644104,0.2142687290906906,0.782936827586127
theresa,9,0,T,0.18463197350502014,0.1389072984457016,0.1958404928445816,1.00946263104573,0.20728248357772827,0.15509194135665894,0.21779820322990417,0.7880739917557841
theresa,10,0,T,0.18463197350502014,0.1389072984457016,0.1958404928445816,1.00946263104573,0.18535791337490082,0.12723612785339355,0.19293226301670074,0.8048095735967964
theresa,11,0,T,0.18463197350502014,0.1389072984457016,0.1958404928445816,1.00946263104573,0.16174045205116272,0.09851501882076263,0.16667434573173523,0.8053141588834053
theresa,12,0,T,0.18463197350502014,0.1389072984457016,0.1958404928445816,1.00946263104573,0.18106508255004883,0.08886368572711945,0.1831769198179245,0.8034615168316628
theresa,1,1,RH,0.5994830131530762,0.6567237377166748,0.761376678943634,1.0140629100454828,-0.11665025353431702,0.5886447429656982,0.45865511894226074,0.8140820215998041
theresa,2,1,RH,0.5994830131530762,0.6567237377166748,0.761376678943634,1.0140629100454828,0.39549556374549866,0.5097974538803101,0.5280761122703552,0.8120067850260763
theresa,3,1,RH,0.5994830131530762,0.6567237377166748,0.761376678943634,1.0140629100454828,0.8102124929428101,0.4253668487071991,0.8239929676055908,0.8195962647632752
theresa,4,1,RH,0.5994830131530762,0.6567237377166748,0.761376678943634,1.0140629100454828,0.948341429233551,0.3981342315673828,0.9540459513664246,0.8100538217079404
theresa,5,1,RH,0.5994830131530762,0.6567237377166748,0.761376678943634,1.0140629100454828,0.9877811670303345,0.42221495509147644,0.996237576007843,0.8125425985780531
theresa,6,1,RH,0.5994830131530762,0.6567237377166748,0.761376678943634,1.0140629100454828,0.9446582198143005,0.45482194423675537,0.9579901695251465,0.8045374253063793
theresa,7,1,RH,0.5994830131530762,0.6567237377166748,0.761376678943634,1.0140629100454828,0.8851883411407471,0.461668461561203,0.9062403440475464,0.7999052299461695
theresa,8,1,RH,0.5994830131530762,0.6567237377166748,0.761376678943634,1.0140629100454828,0.9641499519348145,0.46415796875953674,0.9741700887680054,0.7887097804892137
theresa,9,1,RH,0.5994830131530762,0.6567237377166748,0.761376678943634,1.0140629100454828,0.9479216933250427,0.47066017985343933,0.9626150131225586,0.792364061373509
theresa,10,1,RH,0.5994830131530762,0.6567237377166748,0.761376678943634,1.0140629100454828,0.6646672487258911,0.5534918308258057,0.745780885219574,0.8073490129370806
theresa,11,1,RH,0.5994830131530762,0.6567237377166748,0.761376678943634,1.0140629100454828,0.19189995527267456,0.5624855756759644,0.4725457429885864,0.8065754555856309
theresa,12,1,RH,0.5994830131530762,0.6567237377166748,0.761376678943634,1.0140629100454828,-0.2284669429063797,0.5770305395126343,0.46866944432258606,0.8109643057046712
theresa,1,2,wspd,-0.03815310075879097,0.39131835103034973,0.3039674460887909,1.0074166131619193,-0.02711419388651848,0.3373704254627228,0.26413199305534363,0.8115461621119501
theresa,2,2,wspd,-0.03815310075879097,0.39131835103034973,0.3039674460887909,1.0074166131619193,0.004442902281880379,0.3720220625400543,0.2897804379463196,0.8082893651380765
theresa,3,2,wspd,-0.03815310075879097,0.39131835103034973,0.3039674460887909,1.0074166131619193,-0.03407585620880127,0.3713778555393219,0.2947690784931183,0.814139200400149
theresa,4,2,wspd,-0.03815310075879097,0.39131835103034973,0.3039674460887909,1.0074166131619193,-0.08562419563531876,0.4094901978969574,0.3205399215221405,0.8032880750346356
theresa,5,2,wspd,-0.03815310075879097,0.39131835103034973,0.3039674460887909,1.0074166131619193,-0.08153387904167175,0.3947860300540924,0.314880907535553,0.803888161963926
theresa,6,2,wspd,-0.03815310075879097,0.39131835103034973,0.3039674460887909,1.0074166131619193,-0.07635841518640518,0.40026992559432983,0.31991350650787354,0.7958588748209711
theresa,7,2,wspd,-0.03815310075879097,0.39131835103034973,0.3039674460887909,1.0074166131619193,-0.0527779757976532,0.446241170167923,0.3464203476905823,0.7912494049889666
theresa,8,2,wspd,-0.03815310075879097,0.39131835103034973,0.3039674460887909,1.0074166131619193,-0.10799402743577957,0.4469674527645111,0.35354191064834595,0.7769575391590698
theresa,9,2,wspd,-0.03815310075879097,0.39131835103034973,0.3039674460887909,1.0074166131619193,-0.07407063990831375,0.40495195984840393,0.3213285505771637,0.7829645291847643
theresa,10,2,wspd,-0.03815310075879097,0.39131835103034973,0.3039674460887909,1.0074166131619193,0.010866203345358372,0.401338130235672,0.30734726786613464,0.799678903535097
theresa,11,2,wspd,-0.03815310075879097,0.39131835103034973,0.3039674460887909,1.0074166131619193,0.04728582873940468,0.36422985792160034,0.2859140634536743,0.7998091163179115
theresa,12,2,wspd,-0.03815310075879097,0.39131835103034973,0.3039674460887909,1.0074166131619193,-0.0128380311653018,0.3397758901119232,0.2615576982498169,0.8082893651380765
theresa,1,3,P,0.03504069149494171,0.008909081108868122,0.03507106378674507,1.01408237070002,0.03960428386926651,0.007178249303251505,0.03960428386926651,0.8137189752627257
theresa,2,3,P,0.03504069149494171,0.008909081108868122,0.03507106378674507,1.01408237070002,0.039321113377809525,0.007041647098958492,0.039321113377809525,0.8121239839906033
theresa,3,3,P,0.03504069149494171,0.008909081108868122,0.03507106378674507,1.01408237070002,0.036380477249622345,0.008136216551065445,0.036390796303749084,0.8197567183615441
theresa,4,3,P,0.03504069149494171,0.008909081108868122,0.03507106378674507,1.01408237070002,0.03352750837802887,0.00837385281920433,0.033555176109075546,0.8101737977334631
theresa,5,3,P,0.03504069149494171,0.008909081108868122,0.03507106378674507,1.01408237070002,0.03208290785551071,0.00885029137134552,0.03209473565220833,0.8126978269055306
theresa,6,3,P,0.03504069149494171,0.008909081108868122,0.03507106378674507,1.01408237070002,0.0317702516913414,0.008662987500429153,0.031778186559677124,0.8045374253063793
theresa,7,3,P,0.03504069149494171,0.008909081108868122,0.03507106378674507,1.01408237070002,0.0316891148686409,0.008982902392745018,0.03173751384019852,0.7998882767707814
theresa,8,3,P,0.03504069149494171,0.008909081108868122,0.03507106378674507,1.01408237070002,0.03223764896392822,0.009215869940817356,0.03226621448993683,0.7887097804892137
theresa,9,3,P,0.03504069149494171,0.008909081108868122,0.03507106378674507,1.01408237070002,0.03226546570658684,0.010048427619040012,0.03238135576248169,0.7924382563628293
theresa,10,3,P,0.03504069149494171,0.008909081108868122,0.03507106378674507,1.01408237070002,0.03393979370594025,0.009077482856810093,0.03405919298529625,0.8073283398202955
theresa,11,3,P,0.03504069149494171,0.008909081108868122,0.03507106378674507,1.01408237070002,0.03659040853381157,0.007596194744110107,0.03660932555794716,0.8065754555856309
theresa,12,3,P,0.03504069149494171,0.008909081108868122,0.03507106378674507,1.01408237070002,0.038927119225263596,0.007643126882612705,0.038927119225263596,0.8109643057046712
theresa,1,4,q,0.2991645336151123,0.2602415680885315,0.31778082251548767,1.0093844376636578,0.30467140674591064,0.356108695268631,0.374660462141037,0.8059156557331577
theresa,2,4,q,0.2991645336151123,0.2602415680885315,0.31778082251548767,1.0093844376636578,0.35832011699676514,0.2745910584926605,0.3725889027118683,0.8068254401490725
theresa,3,4,q,0.2991645336151123,0.2602415680885315,0.31778082251548767,1.0093844376636578,0.3737940490245819,0.26260483264923096,0.3783903419971466,0.8164503794773309
theresa,4,4,q,0.2991645336151123,0.2602415680885315,0.31778082251548767,1.0093844376636578,0.31842339038848877,0.2239464521408081,0.322354257106781,0.8068618336570492
theresa,5,4,q,0.2991645336151123,0.2602415680885315,0.31778082251548767,1.0093844376636578,0.3256663382053375,0.23355425894260406,0.3272472023963928,0.8078230846253752
theresa,6,4,q,0.2991645336151123,0.2602415680885315,0.31778082251548767,1.0093844376636578,0.306672066450119,0.2415471225976944,0.30876004695892334,0.7991274957226736
theresa,7,4,q,0.2991645336151123,0.2602415680885315,0.31778082251548767,1.0093844376636578,0.23076625168323517,0.19526810944080353,0.23458391427993774,0.7946640255702264
theresa,8,4,q,0.2991645336151123,0.2602415680885315,0.31778082251548767,1.0093844376636578,0.25481802225112915,0.2187306135892868,0.25737622380256653,0.782936827586127
theresa,9,4,q,0.2991645336151123,0.2602415680885315,0.31778082251548767,1.0093844376636578,0.286987841129303,0.21946468949317932,0.2883465588092804,0.7880739917557841
theresa,10,4,q,0.2991645336151123,0.2602415680885315,0.31778082251548767,1.0093844376636578,0.30167457461357117,0.2203148603439331,0.30823877453804016,0.804788260723705
theresa,11,4,q,0.2991645336151123,0.2602415680885315,0.31778082251548767,1.0093844376636578,0.2615828812122345,0.24351796507835388,0.2818126976490021,0.8053141588834053
theresa,12,4,q,0.2991645336151123,0.2602415680885315,0.31778082251548767,1.0093844376636578,0.23177814483642578,0.31914421916007996,0.3181474506855011,0.8034615168316628
thurston_island,1,0,T,0.1593506932258606,0.1857333928346634,0.18994563817977905,0.9333795372156684,0.12753596901893616,0.13968218863010406,0.14355143904685974,0.7250150993961127
thurston_island,2,0,T,0.1593506932258606,0.1857333928346634,0.18994563817977905,0.9333795372156684,0.12469220161437988,0.1369289755821228,0.14401721954345703,0.7171766167175533
thurston_island,3,0,T,0.1593506932258606,0.1857333928346634,0.18994563817977905,0.9333795372156684,0.1751132309436798,0.15850961208343506,0.1885259449481964,0.7345151519323599
thurston_island,4,0,T,0.1593506932258606,0.1857333928346634,0.18994563817977905,0.9333795372156684,0.1967100203037262,0.1802547574043274,0.2149902582168579,0.7288267600853623
thurston_island,5,0,T,0.1593506932258606,0.1857333928346634,0.18994563817977905,0.9333795372156684,0.15487144887447357,0.199505016207695,0.19506004452705383,0.7322556371015044
thurston_island,6,0,T,0.1593506932258606,0.1857333928346634,0.18994563817977905,0.9333795372156684,0.18823595345020294,0.2266107201576233,0.23500841856002808,0.7271661984178809
thurston_island,7,0,T,0.1593506932258606,0.1857333928346634,0.18994563817977905,0.9333795372156684,0.1900259554386139,0.24545565247535706,0.24406196177005768,0.7272743357674699
thurston_island,8,0,T,0.1593506932258606,0.1857333928346634,0.18994563817977905,0.9333795372156684,0.1815253645181656,0.21098795533180237,0.22339506447315216,0.7300769480282363
thurston_island,9,0,T,0.1593506932258606,0.1857333928346634,0.18994563817977905,0.9333795372156684,0.15861716866493225,0.20673856139183044,0.2102426290512085,0.7171308585028041
thurston_island,10,0,T,0.1593506932258606,0.1857333928346634,0.18994563817977905,0.9333795372156684,0.1431228071451187,0.16690291464328766,0.17157164216041565,0.7218033163151055
thurston_island,11,0,T,0.1593506932258606,0.1857333928346634,0.18994563817977905,0.9333795372156684,0.14291611313819885,0.14701412618160248,0.1590244621038437,0.7242902147094107
thurston_island,12,0,T,0.1593506932258606,0.1857333928346634,0.18994563817977905,0.9333795372156684,0.12026967853307724,0.14195993542671204,0.14236034452915192,0.7283480608274235
thurston_island,1,1,RH,-0.010272826068103313,0.49261942505836487,0.3726082742214203,0.9369770738386429,-0.24633540213108063,0.5153545141220093,0.4387747049331665,0.7298807925826255
thurston_island,2,1,RH,-0.010272826068103313,0.49261942505836487,0.3726082742214203,0.9369770738386429,-0.12648196518421173,0.47912833094596863,0.38151076436042786,0.7254166398700636
thurston_island,3,1,RH,-0.010272826068103313,0.49261942505836487,0.3726082742214203,0.9369770738386429,-0.01542392373085022,0.44956088066101074,0.33506911993026733,0.7355978976135654
thurston_island,4,1,RH,-0.010272826068103313,0.49261942505836487,0.3726082742214203,0.9369770738386429,0.05953510105609894,0.4483754336833954,0.34672626852989197,0.7337687668860254
thurston_island,5,1,RH,-0.010272826068103313,0.49261942505836487,0.3726082742214203,0.9369770738386429,0.06515563279390335,0.3905957043170929,0.3058440387248993,0.7353530514455532
thurston_island,6,1,RH,-0.010272826068103313,0.49261942505836487,0.3726082742214203,0.9369770738386429,0.14011166989803314,0.48420989513397217,0.39041656255722046,0.7321028019677275
thurston_island,7,1,RH,-0.010272826068103313,0.49261942505836487,0.3726082742214203,0.9369770738386429,0.07950945943593979,0.5557853579521179,0.3773110806941986,0.7346636300711199
thurston_island,8,1,RH,-0.010272826068103313,0.49261942505836487,0.3726082742214203,0.9369770738386429,0.13048046827316284,0.4803013801574707,0.3713327944278717,0.7358298370196236
thurston_island,9,1,RH,-0.010272826068103313,0.49261942505836487,0.3726082742214203,0.9369770738386429,0.046910107135772705,0.4430762529373169,0.3396579921245575,0.721615579759951
thurston_island,10,1,RH,-0.010272826068103313,0.49261942505836487,0.3726082742214203,0.9369770738386429,0.03787241876125336,0.4955234229564667,0.39089110493659973,0.7221487996221719
thurston_island,11,1,RH,-0.010272826068103313,0.49261942505836487,0.3726082742214203,0.9369770738386429,-0.04727141186594963,0.46354979276657104,0.3711281418800354,0.7191059245684657
thurston_island,12,1,RH,-0.010272826068103313,0.49261942505836487,0.3726082742214203,0.9369770738386429,-0.27230679988861084,0.4712028205394745,0.42839372158050537,0.7310766743855389
thurston_island,1,2,wspd,0.16848966479301453,0.7471081614494324,0.5354748964309692,0.8288429928826458,0.27118244767189026,0.6535720825195312,0.4951351583003998,0.654207765072595
thurston_island,2,2,wspd,0.16848966479301453,0.7471081614494324,0.5354748964309692,0.8288429928826458,0.1442227065563202,0.6118025779724121,0.45278623700141907,0.6519037741899811
thurston_island,3,2,wspd,0.16848966479301453,0.7471081614494324,0.5354748964309692,0.8288429928826458,0.13678093254566193,0.7085504531860352,0.4964679181575775,0.6347723178023622
thurston_island,4,2,wspd,0.16848966479301453,0.7471081614494324,0.5354748964309692,0.8288429928826458,0.21700718998908997,0.8795581459999084,0.6311189532279968,0.6275846943398263
thurston_island,5,2,wspd,0.16848966479301453,0.7471081614494324,0.5354748964309692,0.8288429928826458,0.19904381036758423,0.9138092398643494,0.6587560772895813,0.6085975042697334
thurston_island,6,2,wspd,0.16848966479301453,0.7471081614494324,0.5354748964309692,0.8288429928826458,0.07276687026023865,0.7960435748100281,0.5745660066604614,0.6046914366408901
thurston_island,7,2,wspd,0.16848966479301453,0.7471081614494324,0.5354748964309692,0.8288429928826458,0.3105233907699585,0.9549509286880493,0.7226352095603943,0.6099335382306541
thurston_island,8,2,wspd,0.16848966479301453,0.7471081614494324,0.5354748964309692,0.8288429928826458,0.0007980841328389943,0.7527616620063782,0.5529064536094666,0.6101541428156964
thurston_island,9,2,wspd,0.16848966479301453,0.7471081614494324,0.5354748964309692,0.8288429928826458,-0.09458066523075104,0.7464701533317566,0.53091961145401,0.5875102100224215
thurston_island,10,2,wspd,0.16848966479301453,0.7471081614494324,0.5354748964309692,0.8288429928826458,0.10224244743585587,0.7675616145133972,0.5051083564758301,0.5960224046693783
thurston_island,11,2,wspd,0.16848966479301453,0.7471081614494324,0.5354748964309692,0.8288429928826458,0.1855970174074173,0.5894026756286621,0.45465797185897827,0.6037451288614172
thurston_island,12,2,wspd,0.16848966479301453,0.7471081614494324,0.5354748964309692,0.8288429928826458,0.2906053066253662,0.5554825663566589,0.45281681418418884,0.6400146367030491
thurston_island,1,3,P,0.08531015366315842,0.01612154208123684,0.08553469181060791,0.9399228997093609,0.08855615556240082,0.00813203677535057,0.08855615556240082,0.7358420264928162
thurston_island,2,3,P,0.08531015366315842,0.01612154208123684,0.08553469181060791,0.9399228997093609,0.08718369156122208,0.010278778150677681,0.08718584477901459,0.7294607780430359
thurston_island,3,3,P,0.08531015366315842,0.01612154208123684,0.08553469181060791,0.9399228997093609,0.08442984521389008,0.01485093217343092,0.08455803245306015,0.7370520569487752
thurston_island,4,3,P,0.08531015366315842,0.01612154208123684,0.08553469181060791,0.9399228997093609,0.08212806284427643,0.015383481979370117,0.0823478028178215,0.7343664087722387
thurston_island,5,3,P,0.08531015366315842,0.01612154208123684,0.08553469181060791,0.9399228997093609,0.0814167708158493,0.01875114068388939,0.08188032358884811,0.7370520569487752
thurston_island,6,3,P,0.08531015366315842,0.01612154208123684,0.08553469181060791,0.9399228997093609,0.08385856449604034,0.01965247094631195,0.08423590660095215,0.734018305426534
thurston_island,7,3,P,0.08531015366315842,0.01612154208123684,0.08553469181060791,0.9399228997093609,0.08326410502195358,0.01989053003489971,0.08343980461359024,0.7368114523833821
thurston_island,8,3,P,0.08531015366315842,0.01612154208123684,0.08553469181060791,0.9399228997093609,0.08583810180425644,0.019247042015194893,0.08652506023645401,0.7367873536749049
thurston_island,9,3,P,0.08531015366315842,0.01612154208123684,0.08553469181060791,0.9399228997093609,0.08420522511005402,0.02072136104106903,0.08460620045661926,0.7248205575924579
thurston_island,10,3,P,0.08531015366315842,0.01612154208123684,0.08553469181060791,0.9399228997093609,0.08485390990972519,0.016314713284373283,0.08504550904035568,0.7241921507604069
thurston_island,11,3,P,0.08531015366315842,0.01612154208123684,0.08553469181060791,0.9399228997093609,0.08897396177053452,0.01174593809992075,0.08899892121553421,0.7249734500824595
thurston_island,12,3,P,0.08531015366315842,0.01612154208123684,0.08553469181060791,0.9399228997093609,0.08934229612350464,0.008573461323976517,0.08934229612350464,0.7371000946116321
thurston_island,1,4,q,0.25758498907089233,0.39653417468070984,0.3689344823360443,0.9300510352219318,0.2068963348865509,0.5023307800292969,0.4277518391609192,0.7183124816451109
thurston_island,2,4,q,0.25758498907089233,0.39653417468070984,0.3689344823360443,0.9300510352219318,0.2474386990070343,0.4061530828475952,0.37588438391685486,0.7123425245042466
thurston_island,3,4,q,0.25758498907089233,0.39653417468070984,0.3689344823360443,0.9300510352219318,0.3669668734073639,0.38335558772087097,0.427038311958313,0.732813646592775
thurston_island,4,4,q,0.25758498907089233,0.39653417468070984,0.3689344823360443,0.9300510352219318,0.3959498405456543,0.35983139276504517,0.43970128893852234,0.7280809237711788
thurston_island,5,4,q,0.25758498907089233,0.39653417468070984,0.3689344823360443,0.9300510352219318,0.2732158601284027,0.37644049525260925,0.36834317445755005,0.7304028511942362
thurston_island,6,4,q,0.25758498907089233,0.39653417468070984,0.3689344823360443,0.9300510352219318,0.2299998253583908,0.3369784951210022,0.3170330822467804,0.7245278906807209
thurston_island,7,4,q,0.25758498907089233,0.39653417468070984,0.3689344823360443,0.9300510352219318,0.23750197887420654,0.38881543278694153,0.3364574611186981,0.7244720278776681
thurston_island,8,4,q,0.25758498907089233,0.39653417468070984,0.3689344823360443,0.9300510352219318,0.2442978173494339,0.3745447099208832,0.33870700001716614,0.7289195220148473
thurston_island,9,4,q,0.25758498907089233,0.39653417468070984,0.3689344823360443,0.9300510352219318,0.1970043182373047,0.3154833912849426,0.2769085168838501,0.7134820062286761
thurston_island,10,4,q,0.25758498907089233,0.39653417468070984,0.3689344823360443,0.9300510352219318,0.2447991818189621,0.35323935747146606,0.343555748462677,0.7194627493777027
thurston_island,11,4,q,0.25758498907089233,0.39653417468070984,0.3689344823360443,0.9300510352219318,0.2726956307888031,0.3777095675468445,0.36693406105041504,0.7184477508604918
thurston_island,12,4,q,0.25758498907089233,0.39653417468070984,0.3689344823360443,0.9300510352219318,0.1402623951435089,0.47933492064476013,0.3943425714969635,0.7217455962550777
up_thwaites_glacier,1,0,T,0.004882062319666147,0.23218844830989838,0.17671917378902435,0.9163359554835525,0.09365791082382202,0.16378843784332275,0.14382348954677582,0.7059640011158302
up_thwaites_glacier,2,0,T,0.004882062319666147,0.23218844830989838,0.17671917378902435,0.9163359554835525,0.07641036808490753,0.20763835310935974,0.16792099177837372,0.7150139992148022
up_thwaites_glacier,3,0,T,0.004882062319666147,0.23218844830989838,0.17671917378902435,0.9163359554835525,0.021069521084427834,0.23447945713996887,0.18198204040527344,0.7372440416749182
up_thwaites_glacier,4,0,T,0.004882062319666147,0.23218844830989838,0.17671917378902435,0.9163359554835525,0.02741966024041176,0.2748100161552429,0.2116510421037674,0.7260633312466843
up_thwaites_glacier,5,0,T,0.004882062319666147,0.23218844830989838,0.17671917378902435,0.9163359554835525,-0.032454922795295715,0.22927024960517883,0.1797388792037964,0.7205827190792569
up_thwaites_glacier,6,0,T,0.004882062319666147,0.23218844830989838,0.17671917378902435,0.9163359554835525,-0.07430646568536758,0.22655871510505676,0.18151980638504028,0.7100489520403545
up_thwaites_glacier,7,0,T,0.004882062319666147,0.23218844830989838,0.17671917378902435,0.9163359554835525,-0.0819026529788971,0.26950889825820923,0.22388648986816406,0.7113672841950035
up_thwaites_glacier,8,0,T,0.004882062319666147,0.23218844830989838,0.17671917378902435,0.9163359554835525,-0.03373413905501366,0.25199317932128906,0.19478893280029297,0.7106447837743257
up_thwaites_glacier,9,0,T,0.004882062319666147,0.23218844830989838,0.17671917378902435,0.9163359554835525,-0.02799733728170395,0.24901209771633148,0.19737151265144348,0.7049813267121906
up_thwaites_glacier,10,0,T,0.004882062319666147,0.23218844830989838,0.17671917378902435,0.9163359554835525,0.022294223308563232,0.18140248954296112,0.13889124989509583,0.701558162055595
up_thwaites_glacier,11,0,T,0.004882062319666147,0.23218844830989838,0.17671917378902435,0.9163359554835525,0.020865904167294502,0.1694602370262146,0.12957508862018585,0.6736364335951289
up_thwaites_glacier,12,0,T,0.004882062319666147,0.23218844830989838,0.17671917378902435,0.9163359554835525,0.0736539363861084,0.1335591971874237,0.11616843938827515,0.6715272755484132
up_thwaites_glacier,1,1,RH,0.42771488428115845,0.30994945764541626,0.448697030544281,0.9323562561793154,0.1940428465604782,0.2512528896331787,0.26356765627861023,0.7320773021715269
up_thwaites_glacier,2,1,RH,0.42771488428115845,0.30994945764541626,0.448697030544281,0.9323562561793154,0.320021390914917,0.24633614718914032,0.3450239896774292,0.7404418760817194
up_thwaites_glacier,3,1,RH,0.42771488428115845,0.30994945764541626,0.448697030544281,0.9323562561793154,0.41177740693092346,0.2577778697013855,0.42129766941070557,0.7481901836060332
up_thwaites_glacier,4,1,RH,0.42771488428115845,0.30994945764541626,0.448697030544281,0.9323562561793154,0.48037275671958923,0.25233757495880127,0.4870409667491913,0.7371361046950154
up_thwaites_glacier,5,1,RH,0.42771488428115845,0.30994945764541626,0.448697030544281,0.9323562561793154,0.4833179712295532,0.3011603355407715,0.4927515387535095,0.7331668079104038
up_thwaites_glacier,6,1,RH,0.42771488428115845,0.30994945764541626,0.448697030544281,0.9323562561793154,0.5721268653869629,0.3000352382659912,0.5754010677337646,0.7213404325235713
up_thwaites_glacier,7,1,RH,0.42771488428115845,0.30994945764541626,0.448697030544281,0.9323562561793154,0.4351426661014557,0.2510420083999634,0.44124698638916016,0.7242482014323254
up_thwaites_glacier,8,1,RH,0.42771488428115845,0.30994945764541626,0.448697030544281,0.9323562561793154,0.5351333618164062,0.363490492105484,0.5447613000869751,0.7242482014323254
up_thwaites_glacier,9,1,RH,0.42771488428115845,0.30994945764541626,0.448697030544281,0.9323562561793154,0.5535063147544861,0.28033438324928284,0.5586097240447998,0.7213984338019409
up_thwaites_glacier,10,1,RH,0.42771488428115845,0.30994945764541626,0.448697030544281,0.9323562561793154,0.562412679195404,0.3262711763381958,0.5719611048698425,0.716825159945266
up_thwaites_glacier,11,1,RH,0.42771488428115845,0.30994945764541626,0.448697030544281,0.9323562561793154,0.4114682972431183,0.2773265540599823,0.43131908774375916,0.689932481432917
up_thwaites_glacier,12,1,RH,0.42771488428115845,0.30994945764541626,0.448697030544281,0.9323562561793154,0.14429418742656708,0.26881149411201477,0.24420614540576935,0.6964187032719513
up_thwaites_glacier,1,2,wspd,-0.06516585499048233,0.4760664403438568,0.3482248783111572,0.8919651241673142,-0.07311088591814041,0.3398323357105255,0.2806883156299591,0.7288930291412071
up_thwaites_glacier,2,2,wspd,-0.06516585499048233,0.4760664403438568,0.3482248783111572,0.8919651241673142,-0.06467363983392715,0.36518052220344543,0.2985513508319855,0.73569563500443
up_thwaites_glacier,3,2,wspd,-0.06516585499048233,0.4760664403438568,0.3482248783111572,0.8919651241673142,-0.09965832531452179,0.46747443079948425,0.36155620217323303,0.7384340281006816
up_thwaites_glacier,4,2,wspd,-0.06516585499048233,0.4760664403438568,0.3482248783111572,0.8919651241673142,-0.051452092826366425,0.5483682155609131,0.4205145239830017,0.6831282283100987
up_thwaites_glacier,5,2,wspd,-0.06516585499048233,0.4760664403438568,0.3482248783111572,0.8919651241673142,0.021953783929347992,0.8095636367797852,0.4913533926010132,0.6387737265392792
up_thwaites_glacier,6,2,wspd,-0.06516585499048233,0.4760664403438568,0.3482248783111572,0.8919651241673142,-0.19075606763362885,0.5200706124305725,0.42842328548431396,0.6239311411844782
up_thwaites_glacier,7,2,wspd,-0.06516585499048233,0.4760664403438568,0.3482248783111572,0.8919651241673142,0.3083803653717041,0.7765204310417175,0.5988631248474121,0.5928296757971695
up_thwaites_glacier,8,2,wspd,-0.06516585499048233,0.4760664403438568,0.3482248783111572,0.8919651241673142,0.13202229142189026,0.8837328553199768,0.5646194219589233,0.5716345753045168
up_thwaites_glacier,9,2,wspd,-0.06516585499048233,0.4760664403438568,0.3482248783111572,0.8919651241673142,-0.0754145011305809,0.4576854705810547,0.35781919956207275,0.6413889234605384
up_thwaites_glacier,10,2,wspd,-0.06516585499048233,0.4760664403438568,0.3482248783111572,0.8919651241673142,-0.10704758018255234,0.44035664200782776,0.35981878638267517,0.7013924710698262
up_thwaites_glacier,11,2,wspd,-0.06516585499048233,0.4760664403438568,0.3482248783111572,0.8919651241673142,-0.11362230032682419,0.3423170745372772,0.29312989115715027,0.6855032024571237
up_thwaites_glacier,12,2,wspd,-0.06516585499048233,0.4760664403438568,0.3482248783111572,0.8919651241673142,-0.05919775739312172,0.3102863132953644,0.2467866986989975,0.6945593018184097
up_thwaites_glacier,1,3,P,-0.016289949417114258,0.009982679039239883,0.016629690304398537,0.9323562561793154,-0.015958469361066818,0.00788568239659071,0.016136320307850838,0.7320773021715269
up_thwaites_glacier,2,3,P,-0.016289949417114258,0.009982679039239883,0.016629690304398537,0.9323562561793154,-0.01631934382021427,0.008694635704159737,0.016514556482434273,0.7404418760817194
up_thwaites_glacier,3,3,P,-0.016289949417114258,0.009982679039239883,0.016629690304398537,0.9323562561793154,-0.01709473691880703,0.009570158086717129,0.017341099679470062,0.7481901836060332
up_thwaites_glacier,4,3,P,-0.016289949417114258,0.009982679039239883,0.016629690304398537,0.9323562561793154,-0.017650669440627098,0.00922536849975586,0.017787571996450424,0.7371361046950154
up_thwaites_glacier,5,3,P,-0.016289949417114258,0.009982679039239883,0.016629690304398537,0.9323562561793154,-0.01926008239388466,0.010370277799665928,0.019450737163424492,0.7331668079104038
up_thwaites_glacier,6,3,P,-0.016289949417114258,0.009982679039239883,0.016629690304398537,0.9323562561793154,-0.01604396663606167,0.011724662035703659,0.01671135425567627,0.7213404325235713
up_thwaites_glacier,7,3,P,-0.016289949417114258,0.009982679039239883,0.016629690304398537,0.9323562561793154,-0.015316815115511417,0.01192009262740612,0.01604914292693138,0.7242482014323254
up_thwaites_glacier,8,3,P,-0.016289949417114258,0.009982679039239883,0.016629690304398537,0.9323562561793154,-0.014825222082436085,0.01041155494749546,0.015374437905848026,0.7242482014323254
up_thwaites_glacier,9,3,P,-0.016289949417114258,0.009982679039239883,0.016629690304398537,0.9323562561793154,-0.013127262704074383,0.01015048660337925,0.013643926940858364,0.7213984338019409
up_thwaites_glacier,10,3,P,-0.016289949417114258,0.009982679039239883,0.016629690304398537,0.9323562561793154,-0.016619501635432243,0.011139069683849812,0.017135806381702423,0.716825159945266
up_thwaites_glacier,11,3,P,-0.016289949417114258,0.009982679039239883,0.016629690304398537,0.9323562561793154,-0.01505207922309637,0.008494090288877487,0.015199861489236355,0.689932481432917
up_thwaites_glacier,12,3,P,-0.016289949417114258,0.009982679039239883,0.016629690304398537,0.9323562561793154,-0.017144612967967987,0.00730212964117527,0.017144612967967987,0.6964187032719513
up_thwaites_glacier,1,4,q,0.13846111297607422,0.26005393266677856,0.19914807379245758,0.9163359554835525,0.29372718930244446,0.3689500093460083,0.3594021499156952,0.7059640011158302
up_thwaites_glacier,2,4,q,0.13846111297607422,0.26005393266677856,0.19914807379245758,0.9163359554835525,0.24675697088241577,0.34587231278419495,0.3210011422634125,0.7150139992148022
up_thwaites_glacier,3,4,q,0.13846111297607422,0.26005393266677856,0.19914807379245758,0.9163359554835525,0.14823181927204132,0.28902649879455566,0.23116560280323029,0.7372440416749182
up_thwaites_glacier,4,4,q,0.13846111297607422,0.26005393266677856,0.19914807379245758,0.9163359554835525,0.12172506749629974,0.2290642112493515,0.16909053921699524,0.7260633312466843
up_thwaites_glacier,5,4,q,0.13846111297607422,0.26005393266677856,0.19914807379245758,0.9163359554835525,0.08400601893663406,0.1949920505285263,0.14322678744792938,0.7205827190792569
up_thwaites_glacier,6,4,q,0.13846111297607422,0.26005393266677856,0.19914807379245758,0.9163359554835525,0.05861939862370491,0.16369156539440155,0.10639812797307968,0.7100489520403545
up_thwaites_glacier,7,4,q,0.13846111297607422,0.26005393266677856,0.19914807379245758,0.9163359554835525,0.05139883607625961,0.18458597362041473,0.12140543013811111,0.7113672841950035
up_thwaites_glacier,8,4,q,0.13846111297607422,0.26005393266677856,0.19914807379245758,0.9163359554835525,0.09504854679107666,0.19355084002017975,0.14652341604232788,0.7106447837743257
up_thwaites_glacier,9,4,q,0.13846111297607422,0.26005393266677856,0.19914807379245758,0.9163359554835525,0.0753130093216896,0.16533009707927704,0.12439223378896713,0.7049813267121906
up_thwaites_glacier,10,4,q,0.13846111297607422,0.26005393266677856,0.19914807379245758,0.9163359554835525,0.14519613981246948,0.2154769003391266,0.1892310529947281,0.701558162055595
up_thwaites_glacier,11,4,q,0.13846111297607422,0.26005393266677856,0.19914807379245758,0.9163359554835525,0.13911853730678558,0.21936717629432678,0.20332089066505432,0.6736364335951289
up_thwaites_glacier,12,4,q,0.13846111297607422,0.26005393266677856,0.19914807379245758,0.9163359554835525,0.2506951689720154,0.30898070335388184,0.31812262535095215,0.6715272755484132
vito,1,0,T,-0.0431450717151165,0.23177678883075714,0.1801959127187729,0.9632983347507699,-0.003090537851676345,0.13486894965171814,0.10651878267526627,0.7554910389675258
vito,2,0,T,-0.0431450717151165,0.23177678883075714,0.1801959127187729,0.9632983347507699,-0.023535262793302536,0.1796203851699829,0.13801930844783783,0.745117885667237
vito,3,0,T,-0.0431450717151165,0.23177678883075714,0.1801959127187729,0.9632983347507699,-0.0040619997307658195,0.2640109062194824,0.20330648124217987,0.7633678802672047
vito,4,0,T,-0.0431450717151165,0.23177678883075714,0.1801959127187729,0.9632983347507699,-0.02857096679508686,0.2850400507450104,0.22620029747486115,0.7598338133977823
vito,5,0,T,-0.0431450717151165,0.23177678883075714,0.1801959127187729,0.9632983347507699,-0.06214195117354393,0.27154067158699036,0.22086329758167267,0.7582188651955151
vito,6,0,T,-0.0431450717151165,0.23177678883075714,0.1801959127187729,0.9632983347507699,-0.10071474313735962,0.26675763726234436,0.22566500306129456,0.7546588598890932
vito,7,0,T,-0.0431450717151165,0.23177678883075714,0.1801959127187729,0.9632983347507699,-0.08124637603759766,0.2537528872489929,0.2137126922607422,0.7566195085106986
vito,8,0,T,-0.0431450717151165,0.23177678883075714,0.1801959127187729,0.9632983347507699,-0.08772051334381104,0.2413949817419052,0.20387807488441467,0.7558177614032672
vito,9,0,T,-0.0431450717151165,0.23177678883075714,0.1801959127187729,0.9632983347507699,-0.08072357624769211,0.24628840386867523,0.20437447726726532,0.7518099177528083
vito,10,0,T,-0.0431450717151165,0.23177678883075714,0.1801959127187729,0.9632983347507699,-0.0330856591463089,0.2244349867105484,0.17866814136505127,0.7553368428632403
vito,11,0,T,-0.0431450717151165,0.23177678883075714,0.1801959127187729,0.9632983347507699,-0.02006109245121479,0.17263805866241455,0.13550184667110443,0.7595958487477028
vito,12,0,T,-0.0431450717151165,0.23177678883075714,0.1801959127187729,0.9632983347507699,0.0017064940184354782,0.1266426146030426,0.09982500970363617,0.7575640197362782
vito,1,1,RH,0.11144933104515076,0.6955137848854065,0.5446414947509766,0.9813049076715038,-0.3368246555328369,0.721731960773468,0.588302731513977,0.7730028729309621
vito,2,1,RH,0.11144933104515076,0.6955137848854065,0.5446414947509766,0.9813049076715038,0.01980755850672722,0.7186197638511658,0.5618807077407837,0.7699268477834695
vito,3,1,RH,0.11144933104515076,0.6955137848854065,0.5446414947509766,0.9813049076715038,0.3909568190574646,0.481751948595047,0.5176709294319153,0.7782497836820371
vito,4,1,RH,0.11144933104515076,0.6955137848854065,0.5446414947509766,0.9813049076715038,0.406311571598053,0.516509473323822,0.5286760926246643,0.7737873203719157
vito,5,1,RH,0.11144933104515076,0.6955137848854065,0.5446414947509766,0.9813049076715038,0.3416292667388916,0.5450690984725952,0.5092505812644958,0.7744418243908776
vito,6,1,RH,0.11144933104515076,0.6955137848854065,0.5446414947509766,0.9813049076715038,0.25529909133911133,0.5392090678215027,0.4721486568450928,0.7717923882125485
vito,7,1,RH,0.11144933104515076,0.6955137848854065,0.5446414947509766,0.9813049076715038,0.1968129277229309,0.6098716259002686,0.5075511336326599,0.7744724982969323
vito,8,1,RH,0.11144933104515076,0.6955137848854065,0.5446414947509766,0.9813049076715038,0.23183099925518036,0.5622380971908569,0.4821178913116455,0.774595081139054
vito,9,1,RH,0.11144933104515076,0.6955137848854065,0.5446414947509766,0.9813049076715038,0.41697877645492554,0.5387353897094727,0.5394027829170227,0.7708368115689779
vito,10,1,RH,0.11144933104515076,0.6955137848854065,0.5446414947509766,0.9813049076715038,0.21152138710021973,0.6200924515724182,0.5207520127296448,0.7767712860456114
vito,11,1,RH,0.11144933104515076,0.6955137848854065,0.5446414947509766,0.9813049076715038,-0.3070157468318939,0.785276472568512,0.6318444609642029,0.778213139148078
vito,12,1,RH,0.11144933104515076,0.6955137848854065,0.5446414947509766,0.9813049076715038,-0.4805534780025482,0.7718269228935242,0.6734079122543335,0.7742882852717479
vito,1,2,wspd,-0.08456111699342728,0.33964458107948303,0.2720450460910797,0.9677399492773961,0.018758798018097878,0.27628836035728455,0.21660824120044708,0.7676199806182903
vito,2,2,wspd,-0.08456111699342728,0.33964458107948303,0.2720450460910797,0.9677399492773961,-0.001530181965790689,0.2898574769496918,0.22842387855052948,0.7647405829764136
vito,3,2,wspd,-0.08456111699342728,0.33964458107948303,0.2720450460910797,0.9677399492773961,-0.004497302230447531,0.34062299132347107,0.2596738338470459,0.7718557054030452
vito,4,2,wspd,-0.08456111699342728,0.33964458107948303,0.2720450460910797,0.9677399492773961,-0.14120538532733917,0.3759850263595581,0.315566748380661,0.7664632531342875
vito,5,2,wspd,-0.08456111699342728,0.33964458107948303,0.2720450460910797,0.9677399492773961,-0.2238210141658783,0.3973786234855652,0.3528028428554535,0.765614896694903
vito,6,2,wspd,-0.08456111699342728,0.33964458107948303,0.2720450460910797,0.9677399492773961,-0.16136403381824493,0.3271637260913849,0.29609525203704834,0.7418599607107392
vito,7,2,wspd,-0.08456111699342728,0.33964458107948303,0.2720450460910797,0.9677399492773961,-0.21361425518989563,0.35765552520751953,0.3360430896282196,0.7571119901501248
vito,8,2,wspd,-0.08456111699342728,0.33964458107948303,0.2720450460910797,0.9677399492773961,-0.1833236664533615,0.34976834058761597,0.32351088523864746,0.7511633714942656
vito,9,2,wspd,-0.08456111699342728,0.33964458107948303,0.2720450460910797,0.9677399492773961,-0.12806828320026398,0.348833292722702,0.2948377728462219,0.74226718291379
vito,10,2,wspd,-0.08456111699342728,0.33964458107948303,0.2720450460910797,0.9677399492773961,-0.020819272845983505,0.29984283447265625,0.23457786440849304,0.7583492190395996
vito,11,2,wspd,-0.08456111699342728,0.33964458107948303,0.2720450460910797,0.9677399492773961,-0.03081549145281315,0.2628795802593231,0.2130739837884903,0.7687526600599311
vito,12,2,wspd,-0.08456111699342728,0.33964458107948303,0.2720450460910797,0.9677399492773961,0.013520740903913975,0.2823129892349243,0.21985384821891785,0.7656830839408744
vito,1,3,P,0.009587238542735577,0.01689758151769638,0.015923671424388885,0.9802025399559272,0.005113028455525637,0.01511999312788248,0.01231739018112421,0.7741190648579289
vito,2,3,P,0.009587238542735577,0.01689758151769638,0.015923671424388885,0.9802025399559272,0.009744430892169476,0.01803818717598915,0.01739685796201229,0.7719110685079461
vito,3,3,P,0.009587238542735577,0.01689758151769638,0.015923671424388885,0.9802025399559272,0.013765490613877773,0.019783932715654373,0.02147388644516468,0.7795583685402515
vito,4,3,P,0.009587238542735577,0.01689758151769638,0.015923671424388885,0.9802025399559272,0.00813008937984705,0.021495087072253227,0.01945081725716591,0.7739031952457424
vito,5,3,P,0.009587238542735577,0.01689758151769638,0.015923671424388885,0.9802025399559272,0.009473724290728569,0.016233842819929123,0.015605011023581028,0.7687608714540682
vito,6,3,P,0.009587238542735577,0.01689758151769638,0.015923671424388885,0.9802025399559272,0.008719297125935555,0.013675065711140633,0.013089319691061974,0.7720769374788728
vito,7,3,P,0.009587238542735577,0.01689758151769638,0.015923671424388885,0.9802025399559272,0.014699915423989296,0.012689661234617233,0.016233962029218674,0.769577951569297
vito,8,3,P,0.009587238542735577,0.01689758151769638,0.015923671424388885,0.9802025399559272,0.014466669410467148,0.012955866754055023,0.01632200926542282,0.7689904625993277
vito,9,3,P,0.009587238542735577,0.01689758151769638,0.015923671424388885,0.9802025399559272,0.014404574409127235,0.011566567234694958,0.01560505572706461,0.7648955416987504
vito,10,3,P,0.009587238542735577,0.01689758151769638,0.015923671424388885,0.9802025399559272,0.011040372774004936,0.017175063490867615,0.01750197447836399,0.7794139808521616
vito,11,3,P,0.009587238542735577,0.01689758151769638,0.015923671424388885,0.9802025399559272,0.0060547152534127235,0.017719144001603127,0.014477740041911602,0.7783010589733602
vito,12,3,P,0.009587238542735577,0.01689758151769638,0.015923671424388885,0.9802025399559272,0.00034529255935922265,0.015657709911465645,0.011206548660993576,0.7747174839273633
vito,1,4,q,-0.024542801082134247,0.35210981965065,0.21478377282619476,0.9588250708361054,-0.2062307596206665,0.613837480545044,0.5008812546730042,0.7542494065618374
vito,2,4,q,-0.024542801082134247,0.35210981965065,0.21478377282619476,0.9588250708361054,-0.015306858345866203,0.42285779118537903,0.31125107407569885,0.7428631062070846
vito,3,4,q,-0.024542801082134247,0.35210981965065,0.21478377282619476,0.9588250708361054,0.09154776483774185,0.2520710229873657,0.1907115876674652,0.7567713515470538
vito,4,4,q,-0.024542801082134247,0.35210981965065,0.21478377282619476,0.9588250708361054,0.0692862719297409,0.17120546102523804,0.12221650779247284,0.7487766717207593
vito,5,4,q,-0.024542801082134247,0.35210981965065,0.21478377282619476,0.9588250708361054,0.050535522401332855,0.15013305842876434,0.10371768474578857,0.7486513427085413
vito,6,4,q,-0.024542801082134247,0.35210981965065,0.21478377282619476,0.9588250708361054,0.024031994864344597,0.12891323864459991,0.08129964768886566,0.7545031147983985
vito,7,4,q,-0.024542801082134247,0.35210981965065,0.21478377282619476,0.9588250708361054,0.025858508422970772,0.12219884991645813,0.07348380237817764,0.751244464636131
vito,8,4,q,-0.024542801082134247,0.35210981965065,0.21478377282619476,0.9588250708361054,0.024119168519973755,0.12102751433849335,0.07495761662721634,0.7496487364873755
vito,9,4,q,-0.024542801082134247,0.35210981965065,0.21478377282619476,0.9588250708361054,0.031715042889118195,0.13330915570259094,0.08941424638032913,0.7428070687271079
vito,10,4,q,-0.024542801082134247,0.35210981965065,0.21478377282619476,0.9588250708361054,0.048412077128887177,0.2123599350452423,0.15516114234924316,0.7530584179637553
vito,11,4,q,-0.024542801082134247,0.35210981965065,0.21478377282619476,0.9588250708361054,-0.12373562902212143,0.406559556722641,0.320553719997406,0.7594857892996116
vito,12,4,q,-0.024542801082134247,0.35210981965065,0.21478377282619476,0.9588250708361054,-0.2782469391822815,0.5924378633499146,0.507315456867218,0.7571874988954277
